com.samsung.shealth.program.sleep_coaching.mission,6307003,3
create_sh_ver,answer,priority,modify_sh_ver,update_time,create_time,data_version,day_index,mission_id,deviceuuid,pkg_name,is_key_habit,session_id,datauuid,is_done
63060070,null,2,63060070,2025-11-25 14:37:43.598,2025-11-25 14:37:43.598,2,0,HB_02,R5wtjjS0Fd,com.sec.android.app.shealth,1,a98ad4cd-3b02-4ebf-b0b1-890c479f54d8,2af46d10-2e2d-42cd-8776-1f0f7caa4a23,0,
63060070,null,10,63060070,2025-11-25 14:37:43.598,2025-11-25 14:37:43.598,2,0,HB_10,R5wtjjS0Fd,com.sec.android.app.shealth,1,a98ad4cd-3b02-4ebf-b0b1-890c479f54d8,f43a426f-98f4-403f-858f-34bb3750b9a8,0,
63060070,null,1,63060070,2025-11-25 14:37:43.598,2025-11-25 14:37:43.598,2,0,HB_01,R5wtjjS0Fd,com.sec.android.app.shealth,0,a98ad4cd-3b02-4ebf-b0b1-890c479f54d8,9f0be102-0680-4625-a6dc-c925797dc8bb,0,
63060070,null,5,63060070,2025-11-25 14:37:43.598,2025-11-25 14:37:43.598,2,0,HB_05,R5wtjjS0Fd,com.sec.android.app.shealth,0,a98ad4cd-3b02-4ebf-b0b1-890c479f54d8,4f26b69c-938f-4c93-abdb-46871f502eda,0,
63060070,null,7,63060070,2025-11-27 13:08:30.722,2025-11-25 14:37:43.598,2,0,HB_07,R5wtjjS0Fd,com.sec.android.app.shealth,0,a98ad4cd-3b02-4ebf-b0b1-890c479f54d8,237b4f96-e3de-49e2-8ad5-f28ee6f2c983,3,
63060070,null,11,63060070,2025-11-25 14:37:43.598,2025-11-25 14:37:43.598,2,0,HB_11,R5wtjjS0Fd,com.sec.android.app.shealth,0,a98ad4cd-3b02-4ebf-b0b1-890c479f54d8,8bdebc16-28f8-4066-a3fe-abeb4407bcaf,0,
63060070,null,3,63060070,2025-11-25 14:37:43.598,2025-11-25 14:37:43.598,2,0,HB_03,R5wtjjS0Fd,com.sec.android.app.shealth,0,a98ad4cd-3b02-4ebf-b0b1-890c479f54d8,561f9a19-268e-4208-aed7-16a8589d08b0,0,
63060070,null,6,63060070,2025-11-25 14:37:43.598,2025-11-25 14:37:43.598,2,0,HB_06,R5wtjjS0Fd,com.sec.android.app.shealth,0,a98ad4cd-3b02-4ebf-b0b1-890c479f54d8,ec821517-4c6b-4349-95ec-f2a417cbabd7,0,
63060070,null,9,63060070,2025-11-25 14:37:43.598,2025-11-25 14:37:43.598,2,0,HB_09,R5wtjjS0Fd,com.sec.android.app.shealth,0,a98ad4cd-3b02-4ebf-b0b1-890c479f54d8,8a9246ee-3372-454d-b9b5-012ceed5942f,0,
63060070,null,2,63060070,2025-11-27 08:58:33.715,2025-11-25 14:37:43.599,2,1,HB_02,R5wtjjS0Fd,com.sec.android.app.shealth,1,a98ad4cd-3b02-4ebf-b0b1-890c479f54d8,1e180ef1-5fe6-4bc9-85b8-468d9e14a605,3,
63060070,null,10,63060070,2025-11-25 14:37:43.599,2025-11-25 14:37:43.599,2,1,HB_10,R5wtjjS0Fd,com.sec.android.app.shealth,1,a98ad4cd-3b02-4ebf-b0b1-890c479f54d8,8820e204-b1b5-4776-8d88-bed158915bb5,0,
63060070,null,1,63060070,2025-11-25 14:37:43.599,2025-11-25 14:37:43.599,2,1,HB_01,R5wtjjS0Fd,com.sec.android.app.shealth,0,a98ad4cd-3b02-4ebf-b0b1-890c479f54d8,a30997b7-b905-4702-8525-f3afaa0fe57a,0,
63060070,null,5,63060070,2025-11-25 14:37:43.599,2025-11-25 14:37:43.599,2,1,HB_05,R5wtjjS0Fd,com.sec.android.app.shealth,0,a98ad4cd-3b02-4ebf-b0b1-890c479f54d8,ea46e90f-791e-49d4-85bb-17e929bd005d,0,
63060070,null,7,63060070,2025-11-25 14:37:43.599,2025-11-25 14:37:43.599,2,1,HB_07,R5wtjjS0Fd,com.sec.android.app.shealth,0,a98ad4cd-3b02-4ebf-b0b1-890c479f54d8,9b902707-4c47-48e7-a000-32b8f4ac272b,0,
63060070,null,11,63060070,2025-11-25 14:37:43.599,2025-11-25 14:37:43.599,2,1,HB_11,R5wtjjS0Fd,com.sec.android.app.shealth,0,a98ad4cd-3b02-4ebf-b0b1-890c479f54d8,49abcc24-97b7-4d9f-90df-fb23d1abb521,0,
63060070,null,3,63060070,2025-11-25 14:37:43.599,2025-11-25 14:37:43.599,2,1,HB_03,R5wtjjS0Fd,com.sec.android.app.shealth,0,a98ad4cd-3b02-4ebf-b0b1-890c479f54d8,b0a98900-5b73-4ff1-a946-f99990c64a4a,0,
63060070,null,6,63060070,2025-11-25 14:37:43.599,2025-11-25 14:37:43.599,2,1,HB_06,R5wtjjS0Fd,com.sec.android.app.shealth,0,a98ad4cd-3b02-4ebf-b0b1-890c479f54d8,9cdbbe0c-14a8-44cc-8146-d9aef886dfad,0,
63060070,null,9,63060070,2025-11-25 14:37:43.599,2025-11-25 14:37:43.599,2,1,HB_09,R5wtjjS0Fd,com.sec.android.app.shealth,0,a98ad4cd-3b02-4ebf-b0b1-890c479f54d8,46bfc0d2-203a-4fab-be17-9e73f92099be,0,
63060070,null,2,63060070,2025-11-28 10:57:54.271,2025-11-25 14:37:43.600,2,2,HB_02,R5wtjjS0Fd,com.sec.android.app.shealth,1,a98ad4cd-3b02-4ebf-b0b1-890c479f54d8,50e5d2f6-a519-4a5d-85b5-c0f3911e507c,3,
63060070,null,10,63060070,2025-11-25 14:37:43.600,2025-11-25 14:37:43.600,2,2,HB_10,R5wtjjS0Fd,com.sec.android.app.shealth,1,a98ad4cd-3b02-4ebf-b0b1-890c479f54d8,7195890c-588a-4f3e-b7c9-6b6c4ac85a28,0,
63060070,null,1,63060070,2025-11-29 18:38:52.089,2025-11-25 14:37:43.600,2,2,HB_01,R5wtjjS0Fd,com.sec.android.app.shealth,0,a98ad4cd-3b02-4ebf-b0b1-890c479f54d8,822b686b-4962-410b-bbdd-6e515e0aacc9,3,
63060070,null,5,63060070,2025-11-25 14:37:43.600,2025-11-25 14:37:43.600,2,2,HB_05,R5wtjjS0Fd,com.sec.android.app.shealth,0,a98ad4cd-3b02-4ebf-b0b1-890c479f54d8,65c46187-7b66-473a-ac63-4920b66a58fd,0,
63060070,null,7,63060070,2025-11-29 18:38:52.543,2025-11-25 14:37:43.600,2,2,HB_07,R5wtjjS0Fd,com.sec.android.app.shealth,0,a98ad4cd-3b02-4ebf-b0b1-890c479f54d8,e60e8be8-4eb7-481b-bfa1-af375ed2b592,3,
63060070,null,11,63060070,2025-11-25 14:37:43.600,2025-11-25 14:37:43.600,2,2,HB_11,R5wtjjS0Fd,com.sec.android.app.shealth,0,a98ad4cd-3b02-4ebf-b0b1-890c479f54d8,495eba84-5201-4a0c-b7bf-c1aba9570a16,0,
63060070,null,3,63060070,2025-11-25 14:37:43.600,2025-11-25 14:37:43.600,2,2,HB_03,R5wtjjS0Fd,com.sec.android.app.shealth,0,a98ad4cd-3b02-4ebf-b0b1-890c479f54d8,e658c862-3fdd-4f7e-8aad-820c95a7cdf0,0,
63060070,null,6,63060070,2025-11-25 14:37:43.600,2025-11-25 14:37:43.600,2,2,HB_06,R5wtjjS0Fd,com.sec.android.app.shealth,0,a98ad4cd-3b02-4ebf-b0b1-890c479f54d8,cb136cef-bb68-41bc-80a2-c8c640d33d61,0,
63060070,null,9,63060070,2025-11-25 14:37:43.600,2025-11-25 14:37:43.600,2,2,HB_09,R5wtjjS0Fd,com.sec.android.app.shealth,0,a98ad4cd-3b02-4ebf-b0b1-890c479f54d8,2e6188e5-4107-46f5-aa33-e1a339008d2d,0,
63060070,null,2,63060070,2025-11-29 09:42:18.224,2025-11-25 14:37:43.601,2,3,HB_02,R5wtjjS0Fd,com.sec.android.app.shealth,1,a98ad4cd-3b02-4ebf-b0b1-890c479f54d8,84ec328f-50b1-432d-9b88-7bc4edef0a40,3,
63060070,null,10,63060070,2025-11-25 14:37:43.601,2025-11-25 14:37:43.601,2,3,HB_10,R5wtjjS0Fd,com.sec.android.app.shealth,1,a98ad4cd-3b02-4ebf-b0b1-890c479f54d8,e66ade01-b064-4ba5-8b33-705e577c1c9c,0,
63060070,null,1,63060070,2025-11-25 14:37:43.601,2025-11-25 14:37:43.601,2,3,HB_01,R5wtjjS0Fd,com.sec.android.app.shealth,0,a98ad4cd-3b02-4ebf-b0b1-890c479f54d8,9b66c7ea-1f45-408c-96c1-14446341b467,0,
63060070,null,5,63060070,2025-11-25 14:37:43.601,2025-11-25 14:37:43.601,2,3,HB_05,R5wtjjS0Fd,com.sec.android.app.shealth,0,a98ad4cd-3b02-4ebf-b0b1-890c479f54d8,353f9f8f-32e7-45a6-b444-50a15025acb5,0,
63060070,null,7,63060070,2025-11-30 00:46:02.593,2025-11-25 14:37:43.601,2,3,HB_07,R5wtjjS0Fd,com.sec.android.app.shealth,0,a98ad4cd-3b02-4ebf-b0b1-890c479f54d8,3c2810f1-f65e-4a10-8d78-fab9ee4dfc9e,3,
63060070,null,11,63060070,2025-11-25 14:37:43.601,2025-11-25 14:37:43.601,2,3,HB_11,R5wtjjS0Fd,com.sec.android.app.shealth,0,a98ad4cd-3b02-4ebf-b0b1-890c479f54d8,f6b0996c-0909-4010-970d-dcb43547ab0a,0,
63060070,null,3,63060070,2025-11-25 14:37:43.601,2025-11-25 14:37:43.601,2,3,HB_03,R5wtjjS0Fd,com.sec.android.app.shealth,0,a98ad4cd-3b02-4ebf-b0b1-890c479f54d8,1bfdced7-17fb-42db-bd64-8314f934439d,0,
63060070,null,6,63060070,2025-11-25 14:37:43.601,2025-11-25 14:37:43.601,2,3,HB_06,R5wtjjS0Fd,com.sec.android.app.shealth,0,a98ad4cd-3b02-4ebf-b0b1-890c479f54d8,bbf00b3b-7126-47ec-903d-5edb5f694563,0,
63060070,null,9,63060070,2025-11-25 14:37:43.601,2025-11-25 14:37:43.601,2,3,HB_09,R5wtjjS0Fd,com.sec.android.app.shealth,0,a98ad4cd-3b02-4ebf-b0b1-890c479f54d8,8f3d390d-f4ab-40d6-9e8c-e068bedba908,0,
63060070,null,2,63060070,2025-11-25 14:37:43.602,2025-11-25 14:37:43.602,2,4,HB_02,R5wtjjS0Fd,com.sec.android.app.shealth,1,a98ad4cd-3b02-4ebf-b0b1-890c479f54d8,0ee6b81f-c7f0-4b44-b91d-1e481ca75b88,0,
63060070,null,10,63060070,2025-11-25 14:37:43.602,2025-11-25 14:37:43.602,2,4,HB_10,R5wtjjS0Fd,com.sec.android.app.shealth,1,a98ad4cd-3b02-4ebf-b0b1-890c479f54d8,bdab8d7d-d8aa-47a6-85cf-451f28fa3804,0,
63060070,null,1,63060070,2025-11-25 14:37:43.602,2025-11-25 14:37:43.602,2,4,HB_01,R5wtjjS0Fd,com.sec.android.app.shealth,0,a98ad4cd-3b02-4ebf-b0b1-890c479f54d8,17e016fe-5d61-49aa-8b9c-d3fe7e4df1ea,0,
63060070,null,5,63060070,2025-11-25 14:37:43.602,2025-11-25 14:37:43.602,2,4,HB_05,R5wtjjS0Fd,com.sec.android.app.shealth,0,a98ad4cd-3b02-4ebf-b0b1-890c479f54d8,bb4fb1bb-845a-40c8-b734-d195b4d35b26,0,
63060070,null,7,63060070,2025-11-25 14:37:43.602,2025-11-25 14:37:43.602,2,4,HB_07,R5wtjjS0Fd,com.sec.android.app.shealth,0,a98ad4cd-3b02-4ebf-b0b1-890c479f54d8,e0367ad8-0932-44cd-a8bf-6d8b396122f4,0,
63060070,null,11,63060070,2025-11-25 14:37:43.602,2025-11-25 14:37:43.602,2,4,HB_11,R5wtjjS0Fd,com.sec.android.app.shealth,0,a98ad4cd-3b02-4ebf-b0b1-890c479f54d8,53972fbd-b893-41a1-a80c-45aa56c6b0ba,0,
63060070,null,3,63060070,2025-11-25 14:37:43.602,2025-11-25 14:37:43.602,2,4,HB_03,R5wtjjS0Fd,com.sec.android.app.shealth,0,a98ad4cd-3b02-4ebf-b0b1-890c479f54d8,fd721cb1-1a34-4768-9007-a6a685e774cc,0,
63060070,null,6,63060070,2025-11-25 14:37:43.602,2025-11-25 14:37:43.602,2,4,HB_06,R5wtjjS0Fd,com.sec.android.app.shealth,0,a98ad4cd-3b02-4ebf-b0b1-890c479f54d8,fc7716c0-bd34-402e-8739-07606b9d3803,0,
63060070,null,9,63060070,2025-11-25 14:37:43.603,2025-11-25 14:37:43.603,2,4,HB_09,R5wtjjS0Fd,com.sec.android.app.shealth,0,a98ad4cd-3b02-4ebf-b0b1-890c479f54d8,fa5d2ed7-040a-48f4-a28c-efbc4c5bd73f,0,
63060070,null,2,63060070,2025-12-01 10:16:01.529,2025-11-25 14:37:43.603,2,5,HB_02,R5wtjjS0Fd,com.sec.android.app.shealth,1,a98ad4cd-3b02-4ebf-b0b1-890c479f54d8,b31bac16-d214-4f01-9c03-03cc1d29f3eb,3,
63060070,null,10,63060070,2025-11-25 14:37:43.603,2025-11-25 14:37:43.603,2,5,HB_10,R5wtjjS0Fd,com.sec.android.app.shealth,1,a98ad4cd-3b02-4ebf-b0b1-890c479f54d8,69ac2476-68a0-4aa8-a4e5-acc7848ed4a2,0,
63060070,null,1,63060070,2025-12-01 12:39:50.983,2025-11-25 14:37:43.603,2,5,HB_01,R5wtjjS0Fd,com.sec.android.app.shealth,0,a98ad4cd-3b02-4ebf-b0b1-890c479f54d8,548528fa-0ed6-4c6b-be7b-ecdf5bc6a44f,3,
63060070,null,5,63060070,2025-11-25 14:37:43.603,2025-11-25 14:37:43.603,2,5,HB_05,R5wtjjS0Fd,com.sec.android.app.shealth,0,a98ad4cd-3b02-4ebf-b0b1-890c479f54d8,4f56fdca-701a-4f28-acc1-5d80fcb34aa2,0,
63060070,null,7,63060070,2025-11-25 14:37:43.603,2025-11-25 14:37:43.603,2,5,HB_07,R5wtjjS0Fd,com.sec.android.app.shealth,0,a98ad4cd-3b02-4ebf-b0b1-890c479f54d8,05653697-5086-4e73-b01e-f4ca87d0cb35,0,
63060070,null,11,63060070,2025-11-25 14:37:43.603,2025-11-25 14:37:43.603,2,5,HB_11,R5wtjjS0Fd,com.sec.android.app.shealth,0,a98ad4cd-3b02-4ebf-b0b1-890c479f54d8,b1e694e3-b675-4845-ab1b-9f46d1151bd4,0,
63060070,null,3,63060070,2025-11-25 14:37:43.603,2025-11-25 14:37:43.603,2,5,HB_03,R5wtjjS0Fd,com.sec.android.app.shealth,0,a98ad4cd-3b02-4ebf-b0b1-890c479f54d8,589587af-7897-4f75-91af-310bf6a2c680,0,
63060070,null,6,63060070,2025-11-25 14:37:43.604,2025-11-25 14:37:43.604,2,5,HB_06,R5wtjjS0Fd,com.sec.android.app.shealth,0,a98ad4cd-3b02-4ebf-b0b1-890c479f54d8,31832b03-8565-46a0-b779-b45470d12af5,0,
63060070,null,9,63060070,2025-11-25 14:37:43.604,2025-11-25 14:37:43.604,2,5,HB_09,R5wtjjS0Fd,com.sec.android.app.shealth,0,a98ad4cd-3b02-4ebf-b0b1-890c479f54d8,14679b77-601b-4e5f-a426-35ea1933b7ae,0,
63060070,null,2,63060070,2025-12-02 08:28:22.052,2025-11-25 14:37:43.604,2,6,HB_02,R5wtjjS0Fd,com.sec.android.app.shealth,1,a98ad4cd-3b02-4ebf-b0b1-890c479f54d8,6860a91e-ed49-43ce-9ccc-213c48b0cfd3,3,
63060070,null,10,63060070,2025-11-25 14:37:43.604,2025-11-25 14:37:43.604,2,6,HB_10,R5wtjjS0Fd,com.sec.android.app.shealth,1,a98ad4cd-3b02-4ebf-b0b1-890c479f54d8,cc6d56e0-bba8-4636-a5f5-2b0315c5683b,0,
63060070,null,1,63060070,2025-12-04 12:03:25.684,2025-11-25 14:37:43.604,2,6,HB_01,R5wtjjS0Fd,com.sec.android.app.shealth,0,a98ad4cd-3b02-4ebf-b0b1-890c479f54d8,c340da5f-113d-4626-b278-cdb46f4acfdf,3,
63060070,null,5,63060070,2025-11-25 14:37:43.604,2025-11-25 14:37:43.604,2,6,HB_05,R5wtjjS0Fd,com.sec.android.app.shealth,0,a98ad4cd-3b02-4ebf-b0b1-890c479f54d8,ad12c1d2-2f9f-4db4-9076-906e074f2285,0,
63060070,null,7,63060070,2025-11-25 14:37:43.604,2025-11-25 14:37:43.604,2,6,HB_07,R5wtjjS0Fd,com.sec.android.app.shealth,0,a98ad4cd-3b02-4ebf-b0b1-890c479f54d8,4bd1f642-6262-45b1-8211-eaec30ae1cc8,0,
63060070,null,11,63060070,2025-11-25 14:37:43.604,2025-11-25 14:37:43.604,2,6,HB_11,R5wtjjS0Fd,com.sec.android.app.shealth,0,a98ad4cd-3b02-4ebf-b0b1-890c479f54d8,cf5ab85b-31ca-4bd7-905c-07114e14c33c,0,
63060070,null,3,63060070,2025-11-25 14:37:43.605,2025-11-25 14:37:43.605,2,6,HB_03,R5wtjjS0Fd,com.sec.android.app.shealth,0,a98ad4cd-3b02-4ebf-b0b1-890c479f54d8,0f943099-07b1-411b-b6fd-2424a7bdabb7,0,
63060070,null,6,63060070,2025-11-25 14:37:43.605,2025-11-25 14:37:43.605,2,6,HB_06,R5wtjjS0Fd,com.sec.android.app.shealth,0,a98ad4cd-3b02-4ebf-b0b1-890c479f54d8,ab61feab-d792-4d18-81dd-8131f5051bfe,0,
63060070,null,9,63060070,2025-11-25 14:37:43.605,2025-11-25 14:37:43.605,2,6,HB_09,R5wtjjS0Fd,com.sec.android.app.shealth,0,a98ad4cd-3b02-4ebf-b0b1-890c479f54d8,b39c37cd-44a1-42a7-be49-a4b5442284ee,0,
63060070,null,1,63060070,2025-12-03 10:07:54.473,2025-11-25 14:37:43.605,2,7,HB_01,R5wtjjS0Fd,com.sec.android.app.shealth,1,a98ad4cd-3b02-4ebf-b0b1-890c479f54d8,3bdb4c55-14ee-4aa4-b5e3-3cfe8dc743e1,3,
63060070,null,5,63060070,2025-11-25 14:37:43.605,2025-11-25 14:37:43.605,2,7,HB_05,R5wtjjS0Fd,com.sec.android.app.shealth,1,a98ad4cd-3b02-4ebf-b0b1-890c479f54d8,7f8dbdbe-8a0a-494e-9c4a-361b41c3adcc,0,
63060070,null,7,63060070,2025-12-04 12:03:25.083,2025-11-25 14:37:43.605,2,7,HB_07,R5wtjjS0Fd,com.sec.android.app.shealth,1,a98ad4cd-3b02-4ebf-b0b1-890c479f54d8,d3d81cf1-26d6-497d-85d3-0b1be60044a8,3,
63060070,null,2,63060070,2025-12-04 12:03:24.335,2025-11-25 14:37:43.605,2,7,HB_02,R5wtjjS0Fd,com.sec.android.app.shealth,0,a98ad4cd-3b02-4ebf-b0b1-890c479f54d8,c883be98-5f05-45ba-abf9-2e0b90f01140,3,
63060070,null,10,63060070,2025-11-25 14:37:43.606,2025-11-25 14:37:43.606,2,7,HB_10,R5wtjjS0Fd,com.sec.android.app.shealth,0,a98ad4cd-3b02-4ebf-b0b1-890c479f54d8,4560dc47-2afc-4dc7-8b6c-9c9cb811d4e0,0,
63060070,null,11,63060070,2025-11-25 14:37:43.606,2025-11-25 14:37:43.606,2,7,HB_11,R5wtjjS0Fd,com.sec.android.app.shealth,0,a98ad4cd-3b02-4ebf-b0b1-890c479f54d8,41c60488-52f5-490e-9697-76868607a174,0,
63060070,null,3,63060070,2025-11-25 14:37:43.606,2025-11-25 14:37:43.606,2,7,HB_03,R5wtjjS0Fd,com.sec.android.app.shealth,0,a98ad4cd-3b02-4ebf-b0b1-890c479f54d8,a776d0e8-bf74-4dcb-9aa9-3a7b5d3a3de4,0,
63060070,null,6,63060070,2025-11-25 14:37:43.606,2025-11-25 14:37:43.606,2,7,HB_06,R5wtjjS0Fd,com.sec.android.app.shealth,0,a98ad4cd-3b02-4ebf-b0b1-890c479f54d8,76d3b0de-00df-4c02-8e6a-21793c886a0a,0,
63060070,null,9,63060070,2025-11-25 14:37:43.606,2025-11-25 14:37:43.606,2,7,HB_09,R5wtjjS0Fd,com.sec.android.app.shealth,0,a98ad4cd-3b02-4ebf-b0b1-890c479f54d8,caeed763-f7a9-477b-ad98-4e84add20464,0,
63060070,null,1,63060070,2025-11-25 14:37:43.606,2025-11-25 14:37:43.606,2,8,HB_01,R5wtjjS0Fd,com.sec.android.app.shealth,1,a98ad4cd-3b02-4ebf-b0b1-890c479f54d8,16895ec2-27f2-4953-9e0b-e24ee0c724e1,0,
63060070,null,5,63060070,2025-11-25 14:37:43.606,2025-11-25 14:37:43.606,2,8,HB_05,R5wtjjS0Fd,com.sec.android.app.shealth,1,a98ad4cd-3b02-4ebf-b0b1-890c479f54d8,48b17cbf-d6b5-4042-87e1-3ada9d7680b6,0,
63060070,null,7,63060070,2025-12-04 22:09:44.023,2025-11-25 14:37:43.607,2,8,HB_07,R5wtjjS0Fd,com.sec.android.app.shealth,1,a98ad4cd-3b02-4ebf-b0b1-890c479f54d8,bfa82c9d-6c65-4046-92e5-0e91fa36de37,3,
63060070,null,2,63060070,2025-12-04 12:03:22.999,2025-11-25 14:37:43.607,2,8,HB_02,R5wtjjS0Fd,com.sec.android.app.shealth,0,a98ad4cd-3b02-4ebf-b0b1-890c479f54d8,81aa566b-f45e-4602-a6cf-bf0f891181e4,3,
63060070,null,10,63060070,2025-11-25 14:37:43.607,2025-11-25 14:37:43.607,2,8,HB_10,R5wtjjS0Fd,com.sec.android.app.shealth,0,a98ad4cd-3b02-4ebf-b0b1-890c479f54d8,4fdc446f-0072-48f3-a94d-10e941004bad,0,
63060070,null,11,63060070,2025-11-25 14:37:43.607,2025-11-25 14:37:43.607,2,8,HB_11,R5wtjjS0Fd,com.sec.android.app.shealth,0,a98ad4cd-3b02-4ebf-b0b1-890c479f54d8,4d129a3d-4f4c-444e-9e1a-9357046f5804,0,
63060070,null,3,63060070,2025-11-25 14:37:43.607,2025-11-25 14:37:43.607,2,8,HB_03,R5wtjjS0Fd,com.sec.android.app.shealth,0,a98ad4cd-3b02-4ebf-b0b1-890c479f54d8,e7ff1fd6-261a-4d0b-858c-2dd0c4249e0d,0,
63060070,null,6,63060070,2025-11-25 14:37:43.607,2025-11-25 14:37:43.607,2,8,HB_06,R5wtjjS0Fd,com.sec.android.app.shealth,0,a98ad4cd-3b02-4ebf-b0b1-890c479f54d8,9db4dffc-4d4b-4c3a-bbaa-e192e99cd164,0,
63060070,null,9,63060070,2025-11-25 14:37:43.608,2025-11-25 14:37:43.608,2,8,HB_09,R5wtjjS0Fd,com.sec.android.app.shealth,0,a98ad4cd-3b02-4ebf-b0b1-890c479f54d8,34102f5b-41d9-42c9-8096-07c8d7d82087,0,
63060070,null,1,63060070,2025-11-25 14:37:43.608,2025-11-25 14:37:43.608,2,9,HB_01,R5wtjjS0Fd,com.sec.android.app.shealth,1,a98ad4cd-3b02-4ebf-b0b1-890c479f54d8,2b490af9-803d-439e-acc0-3c88f8ec85be,0,
63060070,null,5,63060070,2025-11-25 14:37:43.608,2025-11-25 14:37:43.608,2,9,HB_05,R5wtjjS0Fd,com.sec.android.app.shealth,1,a98ad4cd-3b02-4ebf-b0b1-890c479f54d8,d391a921-ad99-4cb4-b002-2113ab8eee0e,0,
63060070,null,7,63060070,2025-11-25 14:37:43.608,2025-11-25 14:37:43.608,2,9,HB_07,R5wtjjS0Fd,com.sec.android.app.shealth,1,a98ad4cd-3b02-4ebf-b0b1-890c479f54d8,eb5e0d87-3bc1-4091-9a43-94a1f3b65413,0,
63060070,null,2,63060070,2025-11-25 14:37:43.608,2025-11-25 14:37:43.608,2,9,HB_02,R5wtjjS0Fd,com.sec.android.app.shealth,0,a98ad4cd-3b02-4ebf-b0b1-890c479f54d8,e4ab18fd-4a62-41ba-8630-cbc6e07f565a,0,
63060070,null,10,63060070,2025-11-25 14:37:43.608,2025-11-25 14:37:43.608,2,9,HB_10,R5wtjjS0Fd,com.sec.android.app.shealth,0,a98ad4cd-3b02-4ebf-b0b1-890c479f54d8,823829d5-ab24-460e-b329-1d112cf2fd7d,0,
63060070,null,11,63060070,2025-11-25 14:37:43.608,2025-11-25 14:37:43.608,2,9,HB_11,R5wtjjS0Fd,com.sec.android.app.shealth,0,a98ad4cd-3b02-4ebf-b0b1-890c479f54d8,f58ed59a-2f12-49fb-b46a-e680f39e0e69,0,
63060070,null,3,63060070,2025-11-25 14:37:43.609,2025-11-25 14:37:43.609,2,9,HB_03,R5wtjjS0Fd,com.sec.android.app.shealth,0,a98ad4cd-3b02-4ebf-b0b1-890c479f54d8,7eff8720-6389-4ca2-8aba-9c4e3982e50d,0,
63060070,null,6,63060070,2025-11-25 14:37:43.609,2025-11-25 14:37:43.609,2,9,HB_06,R5wtjjS0Fd,com.sec.android.app.shealth,0,a98ad4cd-3b02-4ebf-b0b1-890c479f54d8,39f32945-9f19-4ad2-9aca-be1dff7fdbf7,0,
63060070,null,9,63060070,2025-11-25 14:37:43.609,2025-11-25 14:37:43.609,2,9,HB_09,R5wtjjS0Fd,com.sec.android.app.shealth,0,a98ad4cd-3b02-4ebf-b0b1-890c479f54d8,6dd91c8a-6ed3-4ed2-90da-f806b538a170,0,
63060070,null,1,63060070,2025-11-25 14:37:43.609,2025-11-25 14:37:43.609,2,10,HB_01,R5wtjjS0Fd,com.sec.android.app.shealth,1,a98ad4cd-3b02-4ebf-b0b1-890c479f54d8,235fa82e-4e9f-4cc5-845e-26d363a26100,0,
63060070,null,5,63060070,2025-11-25 14:37:43.609,2025-11-25 14:37:43.609,2,10,HB_05,R5wtjjS0Fd,com.sec.android.app.shealth,1,a98ad4cd-3b02-4ebf-b0b1-890c479f54d8,4bfc3c28-e227-4d08-bd7d-748ef319c22a,0,
63060070,null,7,63060070,2025-11-25 14:37:43.609,2025-11-25 14:37:43.609,2,10,HB_07,R5wtjjS0Fd,com.sec.android.app.shealth,1,a98ad4cd-3b02-4ebf-b0b1-890c479f54d8,8ed17583-25cc-4b97-9ff1-ede5fe661cac,0,
63060070,null,2,63060070,2025-12-06 15:04:45.249,2025-11-25 14:37:43.610,2,10,HB_02,R5wtjjS0Fd,com.sec.android.app.shealth,0,a98ad4cd-3b02-4ebf-b0b1-890c479f54d8,29a2e757-e8fe-43c2-8919-b4974a66b36e,3,
63060070,null,10,63060070,2025-11-25 14:37:43.610,2025-11-25 14:37:43.610,2,10,HB_10,R5wtjjS0Fd,com.sec.android.app.shealth,0,a98ad4cd-3b02-4ebf-b0b1-890c479f54d8,0556f9f5-9ae1-49ad-ae72-c992e827b9b5,0,
63060070,null,11,63060070,2025-11-25 14:37:43.610,2025-11-25 14:37:43.610,2,10,HB_11,R5wtjjS0Fd,com.sec.android.app.shealth,0,a98ad4cd-3b02-4ebf-b0b1-890c479f54d8,f15257b0-4fdf-49bf-b25a-41606120c36b,0,
63060070,null,3,63060070,2025-11-25 14:37:43.610,2025-11-25 14:37:43.610,2,10,HB_03,R5wtjjS0Fd,com.sec.android.app.shealth,0,a98ad4cd-3b02-4ebf-b0b1-890c479f54d8,1559fb1c-9590-4f9f-822b-02731e745888,0,
63060070,null,6,63060070,2025-11-25 14:37:43.610,2025-11-25 14:37:43.610,2,10,HB_06,R5wtjjS0Fd,com.sec.android.app.shealth,0,a98ad4cd-3b02-4ebf-b0b1-890c479f54d8,72eb46a3-85c3-46c5-8b56-0e9f1a9ecdf4,0,
63060070,null,9,63060070,2025-11-25 14:37:43.610,2025-11-25 14:37:43.610,2,10,HB_09,R5wtjjS0Fd,com.sec.android.app.shealth,0,a98ad4cd-3b02-4ebf-b0b1-890c479f54d8,ea9db599-0362-4e8c-902b-fa73fd2b3d89,0,
63060070,null,1,63060070,2025-12-07 13:45:36.597,2025-11-25 14:37:43.610,2,11,HB_01,R5wtjjS0Fd,com.sec.android.app.shealth,1,a98ad4cd-3b02-4ebf-b0b1-890c479f54d8,e964638b-da0d-4fa4-82d6-72e29190bc9a,3,
63060070,null,5,63060070,2025-11-25 14:37:43.611,2025-11-25 14:37:43.611,2,11,HB_05,R5wtjjS0Fd,com.sec.android.app.shealth,1,a98ad4cd-3b02-4ebf-b0b1-890c479f54d8,79d09e82-20c7-4e44-b719-553a35322927,0,
63060070,null,7,63060070,2025-11-25 14:37:43.611,2025-11-25 14:37:43.611,2,11,HB_07,R5wtjjS0Fd,com.sec.android.app.shealth,1,a98ad4cd-3b02-4ebf-b0b1-890c479f54d8,b437e496-7d7f-490b-8d16-8e24fd136169,0,
63060070,null,2,63060070,2025-12-07 13:45:36.614,2025-11-25 14:37:43.611,2,11,HB_02,R5wtjjS0Fd,com.sec.android.app.shealth,0,a98ad4cd-3b02-4ebf-b0b1-890c479f54d8,7037aa87-1f85-456f-ba64-b13e4d765225,3,
63060070,null,10,63060070,2025-11-25 14:37:43.611,2025-11-25 14:37:43.611,2,11,HB_10,R5wtjjS0Fd,com.sec.android.app.shealth,0,a98ad4cd-3b02-4ebf-b0b1-890c479f54d8,8691a8da-a388-4301-b779-9ac941a0cdac,0,
63060070,null,11,63060070,2025-11-25 14:37:43.611,2025-11-25 14:37:43.611,2,11,HB_11,R5wtjjS0Fd,com.sec.android.app.shealth,0,a98ad4cd-3b02-4ebf-b0b1-890c479f54d8,c6dd1a5d-2679-417a-8eed-9c5793108cc8,0,
63060070,null,3,63060070,2025-11-25 14:37:43.611,2025-11-25 14:37:43.611,2,11,HB_03,R5wtjjS0Fd,com.sec.android.app.shealth,0,a98ad4cd-3b02-4ebf-b0b1-890c479f54d8,124a63f6-a8a9-4136-be28-a6a2448e13ea,0,
63060070,null,6,63060070,2025-11-25 14:37:43.612,2025-11-25 14:37:43.612,2,11,HB_06,R5wtjjS0Fd,com.sec.android.app.shealth,0,a98ad4cd-3b02-4ebf-b0b1-890c479f54d8,147e0218-0afb-4171-9160-0f1111871a96,0,
63060070,null,9,63060070,2025-11-25 14:37:43.612,2025-11-25 14:37:43.612,2,11,HB_09,R5wtjjS0Fd,com.sec.android.app.shealth,0,a98ad4cd-3b02-4ebf-b0b1-890c479f54d8,f0b1a7e5-34a4-41f9-a088-5bd113024fd4,0,
63060070,null,1,63060070,2025-11-25 14:37:43.612,2025-11-25 14:37:43.612,2,12,HB_01,R5wtjjS0Fd,com.sec.android.app.shealth,1,a98ad4cd-3b02-4ebf-b0b1-890c479f54d8,85091478-ecd7-4b43-a59d-4225731aaf9f,0,
63060070,null,5,63060070,2025-11-25 14:37:43.612,2025-11-25 14:37:43.612,2,12,HB_05,R5wtjjS0Fd,com.sec.android.app.shealth,1,a98ad4cd-3b02-4ebf-b0b1-890c479f54d8,d5e4c36d-8e09-441d-ac7b-317f51f94549,0,
63060070,null,7,63060070,2025-11-25 14:37:43.612,2025-11-25 14:37:43.612,2,12,HB_07,R5wtjjS0Fd,com.sec.android.app.shealth,1,a98ad4cd-3b02-4ebf-b0b1-890c479f54d8,890ee86c-ed2c-453a-84de-c2df1a357373,0,
63060070,null,2,63060070,2025-12-08 12:15:33.612,2025-11-25 14:37:43.612,2,12,HB_02,R5wtjjS0Fd,com.sec.android.app.shealth,0,a98ad4cd-3b02-4ebf-b0b1-890c479f54d8,62573e60-8b4e-40d2-868e-c3d6e0ab7f31,3,
63060070,null,10,63060070,2025-11-25 14:37:43.612,2025-11-25 14:37:43.612,2,12,HB_10,R5wtjjS0Fd,com.sec.android.app.shealth,0,a98ad4cd-3b02-4ebf-b0b1-890c479f54d8,af4b6e06-9b39-4b25-a334-4f6b689e4d75,0,
63060070,null,11,63060070,2025-11-25 14:37:43.613,2025-11-25 14:37:43.613,2,12,HB_11,R5wtjjS0Fd,com.sec.android.app.shealth,0,a98ad4cd-3b02-4ebf-b0b1-890c479f54d8,6e0dbef2-3ff3-4aca-a70d-7d3e54ad5b0c,0,
63060070,null,3,63060070,2025-11-25 14:37:43.613,2025-11-25 14:37:43.613,2,12,HB_03,R5wtjjS0Fd,com.sec.android.app.shealth,0,a98ad4cd-3b02-4ebf-b0b1-890c479f54d8,d4b5f7e8-9c6d-4e81-984a-04ed6fb02913,0,
63060070,null,6,63060070,2025-11-25 14:37:43.613,2025-11-25 14:37:43.613,2,12,HB_06,R5wtjjS0Fd,com.sec.android.app.shealth,0,a98ad4cd-3b02-4ebf-b0b1-890c479f54d8,d365a7fa-5945-4ff0-8dfa-df680f7345e1,0,
63060070,null,9,63060070,2025-11-25 14:37:43.613,2025-11-25 14:37:43.613,2,12,HB_09,R5wtjjS0Fd,com.sec.android.app.shealth,0,a98ad4cd-3b02-4ebf-b0b1-890c479f54d8,8b3c4663-6e7d-4771-a484-b0cf17f8773a,0,
63060070,null,1,63060070,2025-12-09 23:46:15.997,2025-11-25 14:37:43.613,2,13,HB_01,R5wtjjS0Fd,com.sec.android.app.shealth,1,a98ad4cd-3b02-4ebf-b0b1-890c479f54d8,0edda17d-254a-41f4-ae05-cd0841ef1695,3,
63060070,null,5,63060070,2025-11-25 14:37:43.613,2025-11-25 14:37:43.613,2,13,HB_05,R5wtjjS0Fd,com.sec.android.app.shealth,1,a98ad4cd-3b02-4ebf-b0b1-890c479f54d8,b93e8724-7227-440f-8bd4-31db96dde620,0,
63060070,null,7,63060070,2025-11-25 14:37:43.614,2025-11-25 14:37:43.614,2,13,HB_07,R5wtjjS0Fd,com.sec.android.app.shealth,1,a98ad4cd-3b02-4ebf-b0b1-890c479f54d8,0670cf7f-46bc-4b9a-a8c0-070e1236b408,0,
63060070,null,2,63060070,2025-12-09 23:46:16.005,2025-11-25 14:37:43.614,2,13,HB_02,R5wtjjS0Fd,com.sec.android.app.shealth,0,a98ad4cd-3b02-4ebf-b0b1-890c479f54d8,b20fe9e3-9c4c-462e-9cb0-78ea3215b935,3,
63060070,null,10,63060070,2025-11-25 14:37:43.614,2025-11-25 14:37:43.614,2,13,HB_10,R5wtjjS0Fd,com.sec.android.app.shealth,0,a98ad4cd-3b02-4ebf-b0b1-890c479f54d8,8e263904-a4f5-42fb-883b-b8e77fbe5a02,0,
63060070,null,11,63060070,2025-11-25 14:37:43.614,2025-11-25 14:37:43.614,2,13,HB_11,R5wtjjS0Fd,com.sec.android.app.shealth,0,a98ad4cd-3b02-4ebf-b0b1-890c479f54d8,5a5c88f3-cf2b-4a53-9d80-ca346747fbd1,0,
63060070,null,3,63060070,2025-11-25 14:37:43.614,2025-11-25 14:37:43.614,2,13,HB_03,R5wtjjS0Fd,com.sec.android.app.shealth,0,a98ad4cd-3b02-4ebf-b0b1-890c479f54d8,d65c3aef-5d9e-4820-8e6d-a399d26ee266,0,
63060070,null,6,63060070,2025-11-25 14:37:43.614,2025-11-25 14:37:43.614,2,13,HB_06,R5wtjjS0Fd,com.sec.android.app.shealth,0,a98ad4cd-3b02-4ebf-b0b1-890c479f54d8,6d8b3a7d-c400-438b-ae77-42e32c5859d7,0,
63060070,null,9,63060070,2025-11-25 14:37:43.615,2025-11-25 14:37:43.615,2,13,HB_09,R5wtjjS0Fd,com.sec.android.app.shealth,0,a98ad4cd-3b02-4ebf-b0b1-890c479f54d8,ec6c2466-f4ff-4ac5-b1f0-d0232ca3cb3d,0,
63060070,null,10,63060070,2025-11-25 14:37:43.615,2025-11-25 14:37:43.615,2,14,HB_10,R5wtjjS0Fd,com.sec.android.app.shealth,1,a98ad4cd-3b02-4ebf-b0b1-890c479f54d8,c8401506-dbbd-48f6-ae04-15696c6d5855,0,
63060070,null,11,63060070,2025-11-25 14:37:43.615,2025-11-25 14:37:43.615,2,14,HB_11,R5wtjjS0Fd,com.sec.android.app.shealth,1,a98ad4cd-3b02-4ebf-b0b1-890c479f54d8,172327bd-0e71-48c0-9ea9-4f3ba474a6f0,0,
63060070,null,2,63060070,2025-11-25 14:37:43.615,2025-11-25 14:37:43.615,2,14,HB_02,R5wtjjS0Fd,com.sec.android.app.shealth,0,a98ad4cd-3b02-4ebf-b0b1-890c479f54d8,a06b3fc6-c71c-4cc7-997a-d83e84dd5677,0,
63060070,null,1,63060070,2025-11-25 14:37:43.615,2025-11-25 14:37:43.615,2,14,HB_01,R5wtjjS0Fd,com.sec.android.app.shealth,0,a98ad4cd-3b02-4ebf-b0b1-890c479f54d8,1650b46c-ecf6-40c2-9fb2-37e51ac24f9d,0,
63060070,null,5,63060070,2025-11-25 14:37:43.615,2025-11-25 14:37:43.615,2,14,HB_05,R5wtjjS0Fd,com.sec.android.app.shealth,0,a98ad4cd-3b02-4ebf-b0b1-890c479f54d8,701857e0-1f50-4e15-bbbf-87f51cf8a50e,0,
63060070,null,7,63060070,2025-12-11 12:19:40.682,2025-11-25 14:37:43.615,2,14,HB_07,R5wtjjS0Fd,com.sec.android.app.shealth,0,a98ad4cd-3b02-4ebf-b0b1-890c479f54d8,94873f29-8c9b-4963-ab14-5670add422b4,3,
63060070,null,3,63060070,2025-11-25 14:37:43.616,2025-11-25 14:37:43.616,2,14,HB_03,R5wtjjS0Fd,com.sec.android.app.shealth,0,a98ad4cd-3b02-4ebf-b0b1-890c479f54d8,9fe9d0f0-56c2-4794-b1f8-fcb265be37a3,0,
63060070,null,6,63060070,2025-11-25 14:37:43.616,2025-11-25 14:37:43.616,2,14,HB_06,R5wtjjS0Fd,com.sec.android.app.shealth,0,a98ad4cd-3b02-4ebf-b0b1-890c479f54d8,e6ee5d0d-1841-4911-a97d-5b56996c22c4,0,
63060070,null,9,63060070,2025-11-25 14:37:43.616,2025-11-25 14:37:43.616,2,14,HB_09,R5wtjjS0Fd,com.sec.android.app.shealth,0,a98ad4cd-3b02-4ebf-b0b1-890c479f54d8,e74b5634-1272-4b44-89ce-0496d6ae5795,0,
63060070,null,10,63060070,2025-11-25 14:37:43.616,2025-11-25 14:37:43.616,2,15,HB_10,R5wtjjS0Fd,com.sec.android.app.shealth,1,a98ad4cd-3b02-4ebf-b0b1-890c479f54d8,0cef7f60-7ded-4c9e-9dbb-d600b968b22a,0,
63060070,null,11,63060070,2025-11-25 14:37:43.616,2025-11-25 14:37:43.616,2,15,HB_11,R5wtjjS0Fd,com.sec.android.app.shealth,1,a98ad4cd-3b02-4ebf-b0b1-890c479f54d8,8f30bc4d-8f99-4e61-9d87-081602e886a9,0,
63060070,null,2,63060070,2025-12-11 12:19:38.825,2025-11-25 14:37:43.616,2,15,HB_02,R5wtjjS0Fd,com.sec.android.app.shealth,0,a98ad4cd-3b02-4ebf-b0b1-890c479f54d8,2916afa9-12af-40b8-875b-e9faf5e6c08d,3,
63060070,null,1,63060070,2025-12-11 12:19:38.814,2025-11-25 14:37:43.616,2,15,HB_01,R5wtjjS0Fd,com.sec.android.app.shealth,0,a98ad4cd-3b02-4ebf-b0b1-890c479f54d8,dbdbb20c-7c38-4843-9a8a-a98e6aadac45,3,
63060070,null,5,63060070,2025-11-25 14:37:43.617,2025-11-25 14:37:43.617,2,15,HB_05,R5wtjjS0Fd,com.sec.android.app.shealth,0,a98ad4cd-3b02-4ebf-b0b1-890c479f54d8,63d19f96-b954-4511-8a43-b00f981af043,0,
63060070,null,7,63060070,2025-12-13 19:40:39.454,2025-11-25 14:37:43.617,2,15,HB_07,R5wtjjS0Fd,com.sec.android.app.shealth,0,a98ad4cd-3b02-4ebf-b0b1-890c479f54d8,a7bf8886-27a8-474a-bea0-00dbaf3dc8f4,3,
63060070,null,3,63060070,2025-11-25 14:37:43.617,2025-11-25 14:37:43.617,2,15,HB_03,R5wtjjS0Fd,com.sec.android.app.shealth,0,a98ad4cd-3b02-4ebf-b0b1-890c479f54d8,421bf1a5-2729-4050-bf13-437d6454f828,0,
63060070,null,6,63060070,2025-11-25 14:37:43.617,2025-11-25 14:37:43.617,2,15,HB_06,R5wtjjS0Fd,com.sec.android.app.shealth,0,a98ad4cd-3b02-4ebf-b0b1-890c479f54d8,56818a6b-ad67-4f45-9524-e1d36c705d9b,0,
63060070,null,9,63060070,2025-11-25 14:37:43.617,2025-11-25 14:37:43.617,2,15,HB_09,R5wtjjS0Fd,com.sec.android.app.shealth,0,a98ad4cd-3b02-4ebf-b0b1-890c479f54d8,4b93ded9-4f5b-41f4-9269-ee5ffe309370,0,
63060070,null,10,63060070,2025-11-25 14:37:43.617,2025-11-25 14:37:43.617,2,16,HB_10,R5wtjjS0Fd,com.sec.android.app.shealth,1,a98ad4cd-3b02-4ebf-b0b1-890c479f54d8,2e86d63f-7d9f-4301-95c9-f1dbcb056927,0,
63060070,null,11,63060070,2025-11-25 14:37:43.617,2025-11-25 14:37:43.617,2,16,HB_11,R5wtjjS0Fd,com.sec.android.app.shealth,1,a98ad4cd-3b02-4ebf-b0b1-890c479f54d8,f1c83a15-5ad7-4909-a0dd-516c2843efc2,0,
63060070,null,2,63060070,2025-12-13 19:40:37.972,2025-11-25 14:37:43.617,2,16,HB_02,R5wtjjS0Fd,com.sec.android.app.shealth,0,a98ad4cd-3b02-4ebf-b0b1-890c479f54d8,8e342f9a-9c85-4614-86d5-9a2038c61dcb,3,
63060070,null,1,63060070,2025-12-13 19:40:37.921,2025-11-25 14:37:43.618,2,16,HB_01,R5wtjjS0Fd,com.sec.android.app.shealth,0,a98ad4cd-3b02-4ebf-b0b1-890c479f54d8,61eb96da-1d2f-4df9-a17a-1289781cc8cd,3,
63060070,null,5,63060070,2025-11-25 14:37:43.618,2025-11-25 14:37:43.618,2,16,HB_05,R5wtjjS0Fd,com.sec.android.app.shealth,0,a98ad4cd-3b02-4ebf-b0b1-890c479f54d8,7d56453e-a338-4c9c-83be-6022a2c5e996,0,
63060070,null,7,63060070,2025-12-13 19:40:38.394,2025-11-25 14:37:43.618,2,16,HB_07,R5wtjjS0Fd,com.sec.android.app.shealth,0,a98ad4cd-3b02-4ebf-b0b1-890c479f54d8,e1f990d3-188f-4606-9dea-f13114f413ab,3,
63060070,null,3,63060070,2025-11-25 14:37:43.618,2025-11-25 14:37:43.618,2,16,HB_03,R5wtjjS0Fd,com.sec.android.app.shealth,0,a98ad4cd-3b02-4ebf-b0b1-890c479f54d8,84090e19-979a-49f9-b512-6e37eacd712c,0,
63060070,null,6,63060070,2025-11-25 14:37:43.618,2025-11-25 14:37:43.618,2,16,HB_06,R5wtjjS0Fd,com.sec.android.app.shealth,0,a98ad4cd-3b02-4ebf-b0b1-890c479f54d8,2590f814-385f-46a2-a964-75017796e7d1,0,
63060070,null,9,63060070,2025-11-25 14:37:43.618,2025-11-25 14:37:43.618,2,16,HB_09,R5wtjjS0Fd,com.sec.android.app.shealth,0,a98ad4cd-3b02-4ebf-b0b1-890c479f54d8,7ce466f9-6b7c-4511-9dc2-220f9fba1d7f,0,
63060070,null,10,63060070,2025-11-25 14:37:43.618,2025-11-25 14:37:43.618,2,17,HB_10,R5wtjjS0Fd,com.sec.android.app.shealth,1,a98ad4cd-3b02-4ebf-b0b1-890c479f54d8,3b3c0884-6f97-4397-83de-056a98821255,0,
63060070,null,11,63060070,2025-11-25 14:37:43.619,2025-11-25 14:37:43.619,2,17,HB_11,R5wtjjS0Fd,com.sec.android.app.shealth,1,a98ad4cd-3b02-4ebf-b0b1-890c479f54d8,a7c1c469-73e3-43f2-9311-ce55533b21bc,0,
63060070,null,2,63060070,2025-12-13 19:41:15.129,2025-11-25 14:37:43.619,2,17,HB_02,R5wtjjS0Fd,com.sec.android.app.shealth,0,a98ad4cd-3b02-4ebf-b0b1-890c479f54d8,dd760ad9-c747-4b57-a8d8-8030c2c5ff05,1,
63060070,null,1,63060070,2025-12-13 19:41:15.121,2025-11-25 14:37:43.619,2,17,HB_01,R5wtjjS0Fd,com.sec.android.app.shealth,0,a98ad4cd-3b02-4ebf-b0b1-890c479f54d8,5f6efc0f-379e-4347-ac93-a79665b005a9,1,
63060070,null,5,63060070,2025-11-25 14:37:43.619,2025-11-25 14:37:43.619,2,17,HB_05,R5wtjjS0Fd,com.sec.android.app.shealth,0,a98ad4cd-3b02-4ebf-b0b1-890c479f54d8,61bd5d8b-3231-47d4-9306-81d0d99925a4,0,
63060070,null,7,63060070,2025-12-14 21:14:58.972,2025-11-25 14:37:43.619,2,17,HB_07,R5wtjjS0Fd,com.sec.android.app.shealth,0,a98ad4cd-3b02-4ebf-b0b1-890c479f54d8,ddbde364-f9e6-460f-9459-d38e7e4883bf,3,
63060070,null,3,63060070,2025-11-25 14:37:43.619,2025-11-25 14:37:43.619,2,17,HB_03,R5wtjjS0Fd,com.sec.android.app.shealth,0,a98ad4cd-3b02-4ebf-b0b1-890c479f54d8,9ab562ba-a940-4970-a6bb-45dee08c6471,0,
63060070,null,6,63060070,2025-11-25 14:37:43.620,2025-11-25 14:37:43.620,2,17,HB_06,R5wtjjS0Fd,com.sec.android.app.shealth,0,a98ad4cd-3b02-4ebf-b0b1-890c479f54d8,8237e505-c4f9-424b-b6b9-e05fc6791f74,0,
63060070,null,9,63060070,2025-11-25 14:37:43.620,2025-11-25 14:37:43.620,2,17,HB_09,R5wtjjS0Fd,com.sec.android.app.shealth,0,a98ad4cd-3b02-4ebf-b0b1-890c479f54d8,e645485d-cfd7-4f4a-ac33-eddcdd4600d7,0,
63060070,null,10,63060070,2025-11-25 14:37:43.620,2025-11-25 14:37:43.620,2,18,HB_10,R5wtjjS0Fd,com.sec.android.app.shealth,1,a98ad4cd-3b02-4ebf-b0b1-890c479f54d8,708dc880-d454-4902-a2da-a8c768987ce5,0,
63060070,null,11,63060070,2025-11-25 14:37:43.620,2025-11-25 14:37:43.620,2,18,HB_11,R5wtjjS0Fd,com.sec.android.app.shealth,1,a98ad4cd-3b02-4ebf-b0b1-890c479f54d8,5fef1544-cf7b-4621-bfd6-fddcd7215135,0,
63060070,null,2,63060070,2025-12-14 21:14:57.342,2025-11-25 14:37:43.620,2,18,HB_02,R5wtjjS0Fd,com.sec.android.app.shealth,0,a98ad4cd-3b02-4ebf-b0b1-890c479f54d8,d59e5deb-ef85-4a0b-9046-ed2f2ee4bf47,3,
63060070,null,1,63060070,2025-12-14 21:14:57.333,2025-11-25 14:37:43.620,2,18,HB_01,R5wtjjS0Fd,com.sec.android.app.shealth,0,a98ad4cd-3b02-4ebf-b0b1-890c479f54d8,b5e761e5-ef63-4a3e-aab8-6a7c2c43ca26,3,
63060070,null,5,63060070,2025-11-25 14:37:43.620,2025-11-25 14:37:43.620,2,18,HB_05,R5wtjjS0Fd,com.sec.android.app.shealth,0,a98ad4cd-3b02-4ebf-b0b1-890c479f54d8,0b82c5c2-d4e4-4702-9087-90494d98f910,0,
63060070,null,7,63060070,2025-11-25 14:37:43.621,2025-11-25 14:37:43.621,2,18,HB_07,R5wtjjS0Fd,com.sec.android.app.shealth,0,a98ad4cd-3b02-4ebf-b0b1-890c479f54d8,f6d09491-49f0-4159-9956-cb8670203ee9,0,
63060070,null,3,63060070,2025-11-25 14:37:43.621,2025-11-25 14:37:43.621,2,18,HB_03,R5wtjjS0Fd,com.sec.android.app.shealth,0,a98ad4cd-3b02-4ebf-b0b1-890c479f54d8,0b8659c8-137f-424e-9d85-765bf3b121c6,0,
63060070,null,6,63060070,2025-11-25 14:37:43.621,2025-11-25 14:37:43.621,2,18,HB_06,R5wtjjS0Fd,com.sec.android.app.shealth,0,a98ad4cd-3b02-4ebf-b0b1-890c479f54d8,99d71f1a-b798-4285-bd28-ff657c6b3b65,0,
63060070,null,9,63060070,2025-11-25 14:37:43.621,2025-11-25 14:37:43.621,2,18,HB_09,R5wtjjS0Fd,com.sec.android.app.shealth,0,a98ad4cd-3b02-4ebf-b0b1-890c479f54d8,eee97709-9924-4468-8778-56ea0c3f2823,0,
63060070,null,10,63060070,2025-11-25 14:37:43.621,2025-11-25 14:37:43.621,2,19,HB_10,R5wtjjS0Fd,com.sec.android.app.shealth,1,a98ad4cd-3b02-4ebf-b0b1-890c479f54d8,3eb11fc1-ad81-46ce-b8a9-cbf64def049f,0,
63060070,null,11,63060070,2025-11-25 14:37:43.621,2025-11-25 14:37:43.621,2,19,HB_11,R5wtjjS0Fd,com.sec.android.app.shealth,1,a98ad4cd-3b02-4ebf-b0b1-890c479f54d8,a831a560-1649-4504-bd9a-582423ffa58a,0,
63060070,null,2,63060070,2025-12-15 10:48:21.679,2025-11-25 14:37:43.621,2,19,HB_02,R5wtjjS0Fd,com.sec.android.app.shealth,0,a98ad4cd-3b02-4ebf-b0b1-890c479f54d8,6206d047-07dc-421b-b74c-cdaf042c0127,3,
63060070,null,1,63060070,2025-12-15 10:48:21.585,2025-11-25 14:37:43.622,2,19,HB_01,R5wtjjS0Fd,com.sec.android.app.shealth,0,a98ad4cd-3b02-4ebf-b0b1-890c479f54d8,d0f9767b-b7af-470b-820a-bdf777028f00,3,
63060070,null,5,63060070,2025-11-25 14:37:43.622,2025-11-25 14:37:43.622,2,19,HB_05,R5wtjjS0Fd,com.sec.android.app.shealth,0,a98ad4cd-3b02-4ebf-b0b1-890c479f54d8,8745564f-194a-4dd9-84bb-530487bb137d,0,
63060070,null,7,63060070,2025-11-25 14:37:43.622,2025-11-25 14:37:43.622,2,19,HB_07,R5wtjjS0Fd,com.sec.android.app.shealth,0,a98ad4cd-3b02-4ebf-b0b1-890c479f54d8,3a86ac73-f423-47b4-9ce1-20b2b4d352e9,0,
63060070,null,3,63060070,2025-11-25 14:37:43.622,2025-11-25 14:37:43.622,2,19,HB_03,R5wtjjS0Fd,com.sec.android.app.shealth,0,a98ad4cd-3b02-4ebf-b0b1-890c479f54d8,eb244b22-135a-4448-9441-cb76f5b7b83d,0,
63060070,null,6,63060070,2025-11-25 14:37:43.622,2025-11-25 14:37:43.622,2,19,HB_06,R5wtjjS0Fd,com.sec.android.app.shealth,0,a98ad4cd-3b02-4ebf-b0b1-890c479f54d8,b114f7d5-de53-4865-a5f9-618edcaba59d,0,
63060070,null,9,63060070,2025-11-25 14:37:43.622,2025-11-25 14:37:43.622,2,19,HB_09,R5wtjjS0Fd,com.sec.android.app.shealth,0,a98ad4cd-3b02-4ebf-b0b1-890c479f54d8,d0477ada-2c8f-4253-b8b9-1da0d75c671d,0,
63060070,null,10,63060070,2025-11-25 14:37:43.622,2025-11-25 14:37:43.622,2,20,HB_10,R5wtjjS0Fd,com.sec.android.app.shealth,1,a98ad4cd-3b02-4ebf-b0b1-890c479f54d8,f9f702d4-5881-4510-b52c-b1b5f76c11f0,0,
63060070,null,11,63060070,2025-11-25 14:37:43.623,2025-11-25 14:37:43.623,2,20,HB_11,R5wtjjS0Fd,com.sec.android.app.shealth,1,a98ad4cd-3b02-4ebf-b0b1-890c479f54d8,0000938e-9dda-4063-8b1e-4fec8598873c,0,
63060070,null,2,63070030,2025-12-17 10:50:11.651,2025-11-25 14:37:43.623,2,20,HB_02,R5wtjjS0Fd,com.sec.android.app.shealth,0,a98ad4cd-3b02-4ebf-b0b1-890c479f54d8,fb444f89-143e-4957-a698-50c4e42b5a23,3,
63060070,null,1,63060070,2025-11-25 14:37:43.623,2025-11-25 14:37:43.623,2,20,HB_01,R5wtjjS0Fd,com.sec.android.app.shealth,0,a98ad4cd-3b02-4ebf-b0b1-890c479f54d8,4cba4695-c248-4ea8-9622-a692a3bd2578,0,
63060070,null,5,63060070,2025-11-25 14:37:43.623,2025-11-25 14:37:43.623,2,20,HB_05,R5wtjjS0Fd,com.sec.android.app.shealth,0,a98ad4cd-3b02-4ebf-b0b1-890c479f54d8,8301b671-446c-4cca-9ab3-6d1ce9dc606b,0,
63060070,null,7,63070030,2025-12-17 10:50:12.194,2025-11-25 14:37:43.623,2,20,HB_07,R5wtjjS0Fd,com.sec.android.app.shealth,0,a98ad4cd-3b02-4ebf-b0b1-890c479f54d8,21cbebbd-24aa-4633-ae98-1903b8187b32,3,
63060070,null,3,63060070,2025-11-25 14:37:43.623,2025-11-25 14:37:43.623,2,20,HB_03,R5wtjjS0Fd,com.sec.android.app.shealth,0,a98ad4cd-3b02-4ebf-b0b1-890c479f54d8,90906f62-d1b4-41e5-b744-64b232cf0bd0,0,
63060070,null,6,63060070,2025-11-25 14:37:43.623,2025-11-25 14:37:43.623,2,20,HB_06,R5wtjjS0Fd,com.sec.android.app.shealth,0,a98ad4cd-3b02-4ebf-b0b1-890c479f54d8,bcb79263-fdd3-49f7-99fc-c5198e5eaa64,0,
63060070,null,9,63060070,2025-11-25 14:37:43.624,2025-11-25 14:37:43.624,2,20,HB_09,R5wtjjS0Fd,com.sec.android.app.shealth,0,a98ad4cd-3b02-4ebf-b0b1-890c479f54d8,61a323f0-9a0e-445d-8206-24df85e8fcbd,0,
