com.samsung.health.advanced_glycation_endproduct.raw,6307003,2
create_sh_ver,start_time,binning_data,modify_sh_ver,update_time,create_time,version,time_offset,deviceuuid,pkg_name,end_time,datauuid
63050351,2025-10-28 05:00:00.029,61b626ad-f6c5-4d79-82be-e625bdb0b90d.binning_data.json,63050351,2025-10-28 10:14:12.040,2025-10-28 10:14:12.040,300,UTC-0300,tWUO8ZL77Z,com.sec.android.app.shealth,2025-10-28 10:00:20.536,61b626ad-f6c5-4d79-82be-e625bdb0b90d,
63050351,2025-10-29 01:00:00.037,5ce9ecb9-5699-48d1-9196-bcd9c1f728e5.binning_data.json,63050351,2025-10-29 04:49:09.781,2025-10-29 04:49:09.781,300,UTC-0300,tWUO8ZL77Z,com.sec.android.app.shealth,2025-10-29 04:00:00.032,5ce9ecb9-5699-48d1-9196-bcd9c1f728e5,
63050351,2025-10-29 06:00:00.029,6631add6-9c80-4863-b33b-bfba0c08e2df.binning_data.json,63050351,2025-10-29 09:57:37.435,2025-10-29 09:57:37.435,300,UTC-0300,tWUO8ZL77Z,com.sec.android.app.shealth,2025-10-29 09:00:00.005,6631add6-9c80-4863-b33b-bfba0c08e2df,
63060051,2025-10-30 02:00:00.027,a1927171-f4ec-4299-af40-fda05207d9ef.binning_data.json,63060051,2025-10-30 02:54:08.091,2025-10-30 02:54:08.091,300,UTC-0300,tWUO8ZL77Z,com.sec.android.app.shealth,2025-10-30 02:00:00.027,a1927171-f4ec-4299-af40-fda05207d9ef,
63060051,2025-10-30 05:00:00.019,f7681cb6-2597-46d9-a151-b7fb99828d23.binning_data.json,63060051,2025-10-30 09:30:04.215,2025-10-30 09:30:04.215,300,UTC-0300,tWUO8ZL77Z,com.sec.android.app.shealth,2025-10-30 09:00:00.026,f7681cb6-2597-46d9-a151-b7fb99828d23,
63060051,2025-10-31 02:00:00.023,2e77632e-55ec-492e-8235-1eb95b748ac6.binning_data.json,63060051,2025-10-31 02:44:06.280,2025-10-31 02:44:06.280,300,UTC-0300,tWUO8ZL77Z,com.sec.android.app.shealth,2025-10-31 02:00:00.023,2e77632e-55ec-492e-8235-1eb95b748ac6,
63060051,2025-10-31 04:00:00.032,765c7990-79c8-4a5c-af16-25193c584389.binning_data.json,63060051,2025-10-31 08:42:37.671,2025-10-31 08:42:37.671,300,UTC-0300,tWUO8ZL77Z,com.sec.android.app.shealth,2025-10-31 08:00:00.008,765c7990-79c8-4a5c-af16-25193c584389,
63060051,2025-11-01 04:00:00.001,927c1f37-ae07-4d8b-9934-a4a49fa42913.binning_data.json,63060051,2025-11-01 08:27:15.759,2025-11-01 08:27:15.759,300,UTC-0300,tWUO8ZL77Z,com.sec.android.app.shealth,2025-11-01 08:00:08.579,927c1f37-ae07-4d8b-9934-a4a49fa42913,
63060051,2025-11-01 09:00:00.030,18d073df-44eb-485c-9a42-0fbb6e6e19d2.binning_data.json,63060051,2025-11-01 11:27:59.594,2025-11-01 11:27:59.594,300,UTC-0300,tWUO8ZL77Z,com.sec.android.app.shealth,2025-11-01 11:00:00.012,18d073df-44eb-485c-9a42-0fbb6e6e19d2,
63060051,2025-11-02 03:00:00.438,1e157f26-b685-4698-ada1-76e409b40d74.binning_data.json,63060051,2025-11-02 03:02:17.754,2025-11-02 03:02:17.754,300,UTC-0300,tWUO8ZL77Z,com.sec.android.app.shealth,2025-11-02 03:00:00.438,1e157f26-b685-4698-ada1-76e409b40d74,
63060051,2025-11-02 04:00:00.019,eab5e1f9-56cc-47bd-94c1-8b45763cd900.binning_data.json,63060051,2025-11-02 07:05:18.855,2025-11-02 07:05:18.855,300,UTC-0300,tWUO8ZL77Z,com.sec.android.app.shealth,2025-11-02 07:00:00.039,eab5e1f9-56cc-47bd-94c1-8b45763cd900,
63060051,2025-11-02 09:00:00.033,b180559d-6e66-429a-88d6-af1b45b467eb.binning_data.json,63060051,2025-11-02 10:53:14.666,2025-11-02 10:53:14.666,300,UTC-0300,tWUO8ZL77Z,com.sec.android.app.shealth,2025-11-02 10:00:00.011,b180559d-6e66-429a-88d6-af1b45b467eb,
63060051,2025-11-03 02:00:00.017,a0fd5fba-349a-4467-ae07-96b9ac6ddc98.binning_data.json,63060051,2025-11-03 09:58:16.198,2025-11-03 09:58:16.198,300,UTC-0300,tWUO8ZL77Z,com.sec.android.app.shealth,2025-11-03 09:00:00.028,a0fd5fba-349a-4467-ae07-96b9ac6ddc98,
63060051,2025-11-04 05:00:00.013,bd7f0ea1-bc74-4167-b146-e31761b457ab.binning_data.json,63060051,2025-11-04 06:29:40.488,2025-11-04 06:29:40.488,300,UTC-0300,tWUO8ZL77Z,com.sec.android.app.shealth,2025-11-04 06:00:00.013,bd7f0ea1-bc74-4167-b146-e31761b457ab,
63060051,2025-11-04 07:00:00.023,5e934b6c-5b9f-4d82-8fa1-5d294af55fc6.binning_data.json,63060051,2025-11-04 10:46:39.012,2025-11-04 10:46:39.012,300,UTC-0300,tWUO8ZL77Z,com.sec.android.app.shealth,2025-11-04 10:00:00.016,5e934b6c-5b9f-4d82-8fa1-5d294af55fc6,
63060051,2025-11-05 02:00:00.004,36acadc1-5a07-417c-89a2-a4aa089197bd.binning_data.json,63060051,2025-11-05 02:35:09.307,2025-11-05 02:35:09.307,300,UTC-0300,tWUO8ZL77Z,com.sec.android.app.shealth,2025-11-05 02:00:00.004,36acadc1-5a07-417c-89a2-a4aa089197bd,
63060051,2025-11-05 03:00:06.235,0d703122-d716-45c3-bdf8-666bb2444913.binning_data.json,63060051,2025-11-05 08:27:21.596,2025-11-05 08:27:21.596,300,UTC-0300,tWUO8ZL77Z,com.sec.android.app.shealth,2025-11-05 08:00:13.930,0d703122-d716-45c3-bdf8-666bb2444913,
63060051,2025-11-06 06:00:00.030,c6de9241-4974-4551-8675-91fc39b7aa53.binning_data.json,63060051,2025-11-06 09:13:17.468,2025-11-06 09:13:17.468,300,UTC-0300,tWUO8ZL77Z,com.sec.android.app.shealth,2025-11-06 09:00:00.021,c6de9241-4974-4551-8675-91fc39b7aa53,
63060051,2025-11-08 03:00:00.002,b4544ddc-2ce0-496e-9d26-dd0411ec49f4.binning_data.json,63060051,2025-11-08 09:33:54.069,2025-11-08 09:33:54.069,300,UTC-0300,tWUO8ZL77Z,com.sec.android.app.shealth,2025-11-08 09:00:00.011,b4544ddc-2ce0-496e-9d26-dd0411ec49f4,
63060051,2025-11-09 05:00:00.000,547b3076-0d93-46f5-9b1a-30c644cbcb80.binning_data.json,63060051,2025-11-09 08:33:14.013,2025-11-09 08:33:14.013,300,UTC-0300,tWUO8ZL77Z,com.sec.android.app.shealth,2025-11-09 08:00:09.326,547b3076-0d93-46f5-9b1a-30c644cbcb80,
63060051,2025-11-10 03:00:02.596,b241a1d7-f0d4-4569-b561-150c1f838723.binning_data.json,63060051,2025-11-10 10:08:30.059,2025-11-10 10:08:30.059,300,UTC-0300,tWUO8ZL77Z,com.sec.android.app.shealth,2025-11-10 10:00:08.951,b241a1d7-f0d4-4569-b561-150c1f838723,
63060051,2025-11-12 04:00:00.007,d57768cc-37dc-4175-be02-0805c91b73ae.binning_data.json,63060051,2025-11-12 07:02:21.714,2025-11-12 07:02:21.714,300,UTC-0300,tWUO8ZL77Z,com.sec.android.app.shealth,2025-11-12 07:00:00.033,d57768cc-37dc-4175-be02-0805c91b73ae,
63060051,2025-11-12 08:00:00.026,4aa88055-0a54-459e-880d-04647cafc77e.binning_data.json,63060051,2025-11-12 09:29:29.371,2025-11-12 09:29:29.371,300,UTC-0300,tWUO8ZL77Z,com.sec.android.app.shealth,2025-11-12 09:00:00.033,4aa88055-0a54-459e-880d-04647cafc77e,
63060051,2025-11-12 19:00:00.032,d2ae8569-9b90-4dad-9c05-ca820154e6a7.binning_data.json,63060051,2025-11-12 19:31:03.272,2025-11-12 19:31:03.272,300,UTC-0300,tWUO8ZL77Z,com.sec.android.app.shealth,2025-11-12 19:00:00.032,d2ae8569-9b90-4dad-9c05-ca820154e6a7,
63060051,2025-11-13 05:00:00.020,a22e284d-967d-4196-be47-ea97e84398ed.binning_data.json,63060051,2025-11-13 08:34:31.085,2025-11-13 08:34:31.085,300,UTC-0300,tWUO8ZL77Z,com.sec.android.app.shealth,2025-11-13 08:00:00.017,a22e284d-967d-4196-be47-ea97e84398ed,
63060051,2025-11-14 03:00:00.004,5a0e1818-6288-4d74-8557-4cf4a4f18421.binning_data.json,63060051,2025-11-14 03:51:40.041,2025-11-14 03:51:40.041,300,UTC-0300,tWUO8ZL77Z,com.sec.android.app.shealth,2025-11-14 03:00:00.004,5a0e1818-6288-4d74-8557-4cf4a4f18421,
63060051,2025-11-14 05:00:00.029,6c764474-fc2a-4967-9ab4-a1eaa03ad40c.binning_data.json,63060051,2025-11-14 10:10:27.359,2025-11-14 10:10:27.359,300,UTC-0300,tWUO8ZL77Z,com.sec.android.app.shealth,2025-11-14 10:00:00.026,6c764474-fc2a-4967-9ab4-a1eaa03ad40c,
63060051,2025-11-14 13:00:00.029,35151fe0-7407-4b27-8420-d1ce01a753e3.binning_data.json,63060051,2025-11-14 13:17:07.776,2025-11-14 13:17:07.776,300,UTC-0300,tWUO8ZL77Z,com.sec.android.app.shealth,2025-11-14 13:00:00.029,35151fe0-7407-4b27-8420-d1ce01a753e3,
63060051,2025-11-15 06:00:00.035,096b6e41-89b9-404f-bce4-87dabdd1b73a.binning_data.json,63060051,2025-11-15 07:41:07.069,2025-11-15 07:41:07.069,300,UTC-0300,tWUO8ZL77Z,com.sec.android.app.shealth,2025-11-15 07:00:00.032,096b6e41-89b9-404f-bce4-87dabdd1b73a,
63060051,2025-11-15 08:00:00.021,5f8e9f36-a8f7-45be-b82c-abb6a3f8d542.binning_data.json,63060051,2025-11-15 09:09:11.453,2025-11-15 09:09:11.453,300,UTC-0300,tWUO8ZL77Z,com.sec.android.app.shealth,2025-11-15 09:00:00.002,5f8e9f36-a8f7-45be-b82c-abb6a3f8d542,
63060051,2025-11-16 03:00:00.033,b43de2a2-6533-44cd-97cf-72f0dca1dbb6.binning_data.json,63060051,2025-11-16 03:07:44.395,2025-11-16 03:07:44.395,300,UTC-0300,tWUO8ZL77Z,com.sec.android.app.shealth,2025-11-16 03:00:00.033,b43de2a2-6533-44cd-97cf-72f0dca1dbb6,
63060051,2025-11-16 05:00:00.018,4cab38d8-f1bb-43d6-a8e0-ee77cd8c91d1.binning_data.json,63060051,2025-11-16 06:31:24.107,2025-11-16 06:31:24.107,300,UTC-0300,tWUO8ZL77Z,com.sec.android.app.shealth,2025-11-16 06:00:00.023,4cab38d8-f1bb-43d6-a8e0-ee77cd8c91d1,
63060051,2025-11-16 07:00:00.024,ac865005-ed15-4f7d-86e8-9c60deb6bb39.binning_data.json,63060051,2025-11-16 09:09:50.353,2025-11-16 09:09:50.353,300,UTC-0300,tWUO8ZL77Z,com.sec.android.app.shealth,2025-11-16 09:00:04.977,ac865005-ed15-4f7d-86e8-9c60deb6bb39,
63060051,2025-11-17 03:00:01.009,701b4bfd-f6ef-40ce-a620-e3126a74460e.binning_data.json,63060051,2025-11-17 03:32:33.514,2025-11-17 03:32:33.514,300,UTC-0300,tWUO8ZL77Z,com.sec.android.app.shealth,2025-11-17 03:00:01.009,701b4bfd-f6ef-40ce-a620-e3126a74460e,
63060051,2025-11-17 05:00:00.012,5edf6586-d702-4d32-908a-d0c4635d6331.binning_data.json,63060051,2025-11-17 06:10:11.466,2025-11-17 06:10:11.466,300,UTC-0300,tWUO8ZL77Z,com.sec.android.app.shealth,2025-11-17 06:00:00.027,5edf6586-d702-4d32-908a-d0c4635d6331,
63060051,2025-11-17 07:00:00.025,0d165434-b815-4ba1-81cf-74623424aa36.binning_data.json,63060051,2025-11-17 09:45:59.940,2025-11-17 09:45:59.940,300,UTC-0300,tWUO8ZL77Z,com.sec.android.app.shealth,2025-11-17 09:00:00.033,0d165434-b815-4ba1-81cf-74623424aa36,
63060051,2025-11-18 03:00:01.706,608ce036-0c3a-468e-9ce7-a77958e8c4a2.binning_data.json,63060051,2025-11-18 10:48:52.341,2025-11-18 10:48:52.341,300,UTC-0300,tWUO8ZL77Z,com.sec.android.app.shealth,2025-11-18 10:00:00.015,608ce036-0c3a-468e-9ce7-a77958e8c4a2,
63060051,2025-11-19 06:00:00.035,1125e6fe-054e-43e8-be87-f7fee5811a36.binning_data.json,63060051,2025-11-19 09:46:15.319,2025-11-19 09:46:15.319,300,UTC-0300,tWUO8ZL77Z,com.sec.android.app.shealth,2025-11-19 09:00:00.016,1125e6fe-054e-43e8-be87-f7fee5811a36,
63060051,2025-11-20 02:00:00.007,1b134949-e770-4344-9eee-ef14cb10a0a5.binning_data.json,63060051,2025-11-20 09:19:59.505,2025-11-20 09:19:59.505,300,UTC-0300,tWUO8ZL77Z,com.sec.android.app.shealth,2025-11-20 09:00:00.001,1b134949-e770-4344-9eee-ef14cb10a0a5,
63060051,2025-11-21 03:00:00.003,67db9d12-95fc-471b-bbec-f2398eea0204.binning_data.json,63060051,2025-11-21 03:01:23.138,2025-11-21 03:01:23.138,300,UTC-0300,tWUO8ZL77Z,com.sec.android.app.shealth,2025-11-21 03:00:00.003,67db9d12-95fc-471b-bbec-f2398eea0204,
63060051,2025-11-21 04:00:00.033,adedc3eb-cd2e-4e71-9b23-41b25594660f.binning_data.json,63060051,2025-11-21 06:13:09.597,2025-11-21 06:13:09.597,300,UTC-0300,tWUO8ZL77Z,com.sec.android.app.shealth,2025-11-21 06:00:00.009,adedc3eb-cd2e-4e71-9b23-41b25594660f,
63060051,2025-11-21 07:00:00.002,d873ea96-4fb5-41ee-896a-f55d1473dd2d.binning_data.json,63060051,2025-11-21 10:53:07.085,2025-11-21 10:53:07.085,300,UTC-0300,tWUO8ZL77Z,com.sec.android.app.shealth,2025-11-21 10:00:00.021,d873ea96-4fb5-41ee-896a-f55d1473dd2d,
63060051,2025-11-21 13:00:00.038,2a5bbf8b-52ed-4e20-a27f-1b6e5ae355bc.binning_data.json,63060051,2025-11-21 13:24:39.502,2025-11-21 13:24:39.502,300,UTC-0300,tWUO8ZL77Z,com.sec.android.app.shealth,2025-11-21 13:00:00.038,2a5bbf8b-52ed-4e20-a27f-1b6e5ae355bc,
63060051,2025-11-22 03:00:00.019,dad84fb8-ba9e-40b9-9ac9-b174a26d4552.binning_data.json,63060051,2025-11-22 09:06:18.294,2025-11-22 09:06:18.294,300,UTC-0300,tWUO8ZL77Z,com.sec.android.app.shealth,2025-11-22 09:00:00.039,dad84fb8-ba9e-40b9-9ac9-b174a26d4552,
63060051,2025-11-23 06:00:00.031,5c9e2c27-b02a-47b9-934d-654449617a73.binning_data.json,63060051,2025-11-23 10:06:10.103,2025-11-23 10:06:10.103,300,UTC-0300,tWUO8ZL77Z,com.sec.android.app.shealth,2025-11-23 10:00:00.024,5c9e2c27-b02a-47b9-934d-654449617a73,
63060051,2025-11-24 02:00:00.004,7ab7f253-648e-4c64-8108-1e417d1f647b.binning_data.json,63060051,2025-11-24 07:34:30.497,2025-11-24 07:34:30.497,300,UTC-0300,tWUO8ZL77Z,com.sec.android.app.shealth,2025-11-24 07:00:00.011,7ab7f253-648e-4c64-8108-1e417d1f647b,
63060051,2025-11-24 09:00:00.038,75cdcf57-a806-45e5-b4f5-3fffc084e46b.binning_data.json,63060051,2025-11-24 10:17:07.631,2025-11-24 10:17:07.631,300,UTC-0300,tWUO8ZL77Z,com.sec.android.app.shealth,2025-11-24 10:00:00.013,75cdcf57-a806-45e5-b4f5-3fffc084e46b,
63060051,2025-11-25 05:00:00.039,966997ea-c8c4-4762-8d1f-f9bff21d0784.binning_data.json,63060051,2025-11-25 10:26:13.733,2025-11-25 10:26:13.733,300,UTC-0300,tWUO8ZL77Z,com.sec.android.app.shealth,2025-11-25 10:00:00.039,966997ea-c8c4-4762-8d1f-f9bff21d0784,
63060051,2025-11-26 03:00:00.915,9034bbcc-eb07-45a4-b678-7918e1a1fd0e.binning_data.json,63060051,2025-11-26 08:42:24.599,2025-11-26 08:42:24.599,300,UTC-0300,tWUO8ZL77Z,com.sec.android.app.shealth,2025-11-26 08:00:00.009,9034bbcc-eb07-45a4-b678-7918e1a1fd0e,
63060051,2025-11-27 01:00:00.012,783288d7-4e01-476f-bd3a-41e637ec41b2.binning_data.json,63060051,2025-11-27 01:23:26.148,2025-11-27 01:23:26.148,300,UTC-0300,tWUO8ZL77Z,com.sec.android.app.shealth,2025-11-27 01:00:00.012,783288d7-4e01-476f-bd3a-41e637ec41b2,
63060051,2025-11-27 04:00:00.019,7065b664-a7f1-4d7c-9bf7-633678cd4bfb.binning_data.json,63060051,2025-11-27 04:50:03.310,2025-11-27 04:50:03.310,300,UTC-0300,tWUO8ZL77Z,com.sec.android.app.shealth,2025-11-27 04:00:00.019,7065b664-a7f1-4d7c-9bf7-633678cd4bfb,
63060051,2025-11-27 06:00:00.095,fc83a2e9-a541-46b0-8829-c45dd52b0a1c.binning_data.json,63060051,2025-11-27 08:57:59.595,2025-11-27 08:57:59.595,300,UTC-0300,tWUO8ZL77Z,com.sec.android.app.shealth,2025-11-27 08:00:00.022,fc83a2e9-a541-46b0-8829-c45dd52b0a1c,
63060051,2025-11-27 10:00:00.012,6158b590-5952-4474-a737-e175d8144cd8.binning_data.json,63060051,2025-11-27 11:06:32.121,2025-11-27 11:06:32.121,300,UTC-0300,tWUO8ZL77Z,com.sec.android.app.shealth,2025-11-27 11:00:00.009,6158b590-5952-4474-a737-e175d8144cd8,
63060051,2025-11-28 05:00:00.006,2695a47f-b282-47bf-b5cc-568b6d96b799.binning_data.json,63060051,2025-11-28 10:28:36.898,2025-11-28 10:28:36.898,300,UTC-0300,tWUO8ZL77Z,com.sec.android.app.shealth,2025-11-28 10:00:00.031,2695a47f-b282-47bf-b5cc-568b6d96b799,
63060051,2025-11-29 05:00:00.019,78198ddd-2c42-4ace-9b9e-929a4c7939c8.binning_data.json,63060051,2025-11-29 09:34:16.388,2025-11-29 09:34:16.388,300,UTC-0300,tWUO8ZL77Z,com.sec.android.app.shealth,2025-11-29 09:00:00.034,78198ddd-2c42-4ace-9b9e-929a4c7939c8,
63060051,2025-12-01 04:00:00.009,ac04c050-3a94-4201-901f-6aedec13f24f.binning_data.json,63060051,2025-12-01 10:10:20.471,2025-12-01 10:10:20.471,300,UTC-0300,tWUO8ZL77Z,com.sec.android.app.shealth,2025-12-01 10:02:11.850,ac04c050-3a94-4201-901f-6aedec13f24f,
63060051,2025-12-02 05:00:00.004,091f5eff-6918-41c6-8240-3ebdda65931c.binning_data.json,63060051,2025-12-02 08:06:53.010,2025-12-02 08:06:53.010,300,UTC-0300,tWUO8ZL77Z,com.sec.android.app.shealth,2025-12-02 08:00:00.030,091f5eff-6918-41c6-8240-3ebdda65931c,
63060051,2025-12-02 09:00:00.031,f76101c6-f3e8-4bd4-b52c-0c6d6c253ce4.binning_data.json,63060051,2025-12-02 09:48:25.196,2025-12-02 09:48:25.196,300,UTC-0300,tWUO8ZL77Z,com.sec.android.app.shealth,2025-12-02 09:00:00.031,f76101c6-f3e8-4bd4-b52c-0c6d6c253ce4,
63060051,2025-12-03 03:00:00.022,625cf881-81eb-447f-90d9-8c338f1bfec0.binning_data.json,63060051,2025-12-03 10:07:25.087,2025-12-03 10:07:25.087,300,UTC-0300,tWUO8ZL77Z,com.sec.android.app.shealth,2025-12-03 10:00:01.473,625cf881-81eb-447f-90d9-8c338f1bfec0,
63060051,2025-12-04 04:00:00.017,e3e5a031-cb9a-4cbb-8c3a-19880f8c5020.binning_data.json,63060051,2025-12-04 09:49:34.997,2025-12-04 09:49:34.997,300,UTC-0300,tWUO8ZL77Z,com.sec.android.app.shealth,2025-12-04 09:00:00.010,e3e5a031-cb9a-4cbb-8c3a-19880f8c5020,
63060051,2025-12-04 11:01:13.476,85d9734f-c48f-4062-8069-cff1effe0873.binning_data.json,63060051,2025-12-04 11:05:18.406,2025-12-04 11:05:18.406,300,UTC-0300,tWUO8ZL77Z,com.sec.android.app.shealth,2025-12-04 11:01:13.476,85d9734f-c48f-4062-8069-cff1effe0873,
63060051,2025-12-06 05:00:00.010,5ccb65f6-975d-4fca-9b02-1b8f837805c9.binning_data.json,63060051,2025-12-06 06:15:40.872,2025-12-06 06:15:40.872,300,UTC-0300,tWUO8ZL77Z,com.sec.android.app.shealth,2025-12-06 06:00:00.016,5ccb65f6-975d-4fca-9b02-1b8f837805c9,
63060051,2025-12-06 07:00:00.039,c13c63fb-7615-4c8c-8a27-6b9d41d716d3.binning_data.json,63060051,2025-12-06 11:46:45.617,2025-12-06 11:46:45.617,300,UTC-0300,tWUO8ZL77Z,com.sec.android.app.shealth,2025-12-06 11:00:00.029,c13c63fb-7615-4c8c-8a27-6b9d41d716d3,
63060051,2025-12-07 04:00:00.027,89cc3b92-72fc-4c9b-bcc5-07be62b53873.binning_data.json,63060051,2025-12-07 04:07:21.528,2025-12-07 04:07:21.528,300,UTC-0300,tWUO8ZL77Z,com.sec.android.app.shealth,2025-12-07 04:00:00.027,89cc3b92-72fc-4c9b-bcc5-07be62b53873,
63060051,2025-12-07 06:00:00.014,44af10b5-c61a-48cc-9ab0-4b53f3c32cba.binning_data.json,63060051,2025-12-07 06:26:43.997,2025-12-07 06:26:43.997,300,UTC-0300,tWUO8ZL77Z,com.sec.android.app.shealth,2025-12-07 06:00:00.014,44af10b5-c61a-48cc-9ab0-4b53f3c32cba,
63060051,2025-12-07 07:00:00.030,25c83778-44c1-4818-9dd3-fed5455ecfc6.binning_data.json,63060051,2025-12-07 10:40:16.346,2025-12-07 10:40:16.346,300,UTC-0300,tWUO8ZL77Z,com.sec.android.app.shealth,2025-12-07 10:00:09.027,25c83778-44c1-4818-9dd3-fed5455ecfc6,
63060051,2025-12-08 06:00:00.009,c5ed22ad-1477-4277-929f-fa29955ad112.binning_data.json,63060051,2025-12-08 11:08:36.420,2025-12-08 11:08:36.420,300,UTC-0300,tWUO8ZL77Z,com.sec.android.app.shealth,2025-12-08 11:05:19.400,c5ed22ad-1477-4277-929f-fa29955ad112,
63060051,2025-12-09 06:00:09.841,ceb9083a-8cd3-4ee3-9081-245ff51f864a.binning_data.json,63060051,2025-12-09 09:08:21.725,2025-12-09 09:08:21.725,300,UTC-0300,tWUO8ZL77Z,com.sec.android.app.shealth,2025-12-09 09:00:13.075,ceb9083a-8cd3-4ee3-9081-245ff51f864a,
63060051,2025-12-09 10:00:00.010,41b14c1d-1488-431a-b8f4-08b47ab4cfad.binning_data.json,63060051,2025-12-09 10:28:33.752,2025-12-09 10:28:33.752,300,UTC-0300,tWUO8ZL77Z,com.sec.android.app.shealth,2025-12-09 10:00:00.010,41b14c1d-1488-431a-b8f4-08b47ab4cfad,
63060051,2025-12-09 13:00:00.038,8bdd2f5d-03a8-44cd-8bc7-2b141091eff4.binning_data.json,63060051,2025-12-09 13:09:53.262,2025-12-09 13:09:53.262,300,UTC-0300,tWUO8ZL77Z,com.sec.android.app.shealth,2025-12-09 13:00:00.038,8bdd2f5d-03a8-44cd-8bc7-2b141091eff4,
63060051,2025-12-10 03:00:00.014,6a0d3564-b034-4580-99b3-a25a811e309a.binning_data.json,63060051,2025-12-10 04:07:37.121,2025-12-10 04:07:37.121,300,UTC-0300,tWUO8ZL77Z,com.sec.android.app.shealth,2025-12-10 04:00:23.364,6a0d3564-b034-4580-99b3-a25a811e309a,
63060051,2025-12-10 05:00:00.000,96dd0a81-7fd5-4936-b2b2-1bdc5d89be43.binning_data.json,63060051,2025-12-10 09:04:08.631,2025-12-10 09:04:08.631,300,UTC-0300,tWUO8ZL77Z,com.sec.android.app.shealth,2025-12-10 09:00:00.037,96dd0a81-7fd5-4936-b2b2-1bdc5d89be43,
63060051,2025-12-11 04:00:00.018,a831d242-e640-4999-9c08-6891532e1b7a.binning_data.json,63060051,2025-12-11 10:40:39.630,2025-12-11 10:40:39.630,300,UTC-0300,tWUO8ZL77Z,com.sec.android.app.shealth,2025-12-11 10:00:00.023,a831d242-e640-4999-9c08-6891532e1b7a,
63060051,2025-12-12 04:00:00.013,1544d514-7408-4b00-9250-5ceb136eb5e6.binning_data.json,63060051,2025-12-12 04:16:58.800,2025-12-12 04:16:58.800,300,UTC-0300,tWUO8ZL77Z,com.sec.android.app.shealth,2025-12-12 04:00:00.013,1544d514-7408-4b00-9250-5ceb136eb5e6,
63060051,2025-12-12 05:00:00.023,1aed7a79-add4-4661-a805-c547fb7018bb.binning_data.json,63060051,2025-12-12 10:31:51.648,2025-12-12 10:31:51.648,300,UTC-0300,tWUO8ZL77Z,com.sec.android.app.shealth,2025-12-12 10:00:00.007,1aed7a79-add4-4661-a805-c547fb7018bb,
63060051,2025-12-13 05:00:00.022,7468012b-4771-4ddb-81c4-f50121322001.binning_data.json,63060051,2025-12-13 06:38:11.104,2025-12-13 06:38:11.104,300,UTC-0300,tWUO8ZL77Z,com.sec.android.app.shealth,2025-12-13 06:00:00.033,7468012b-4771-4ddb-81c4-f50121322001,
63060051,2025-12-13 08:00:00.022,71ba86ac-71e9-4c54-9242-c26e08f6ffe9.binning_data.json,63060051,2025-12-13 10:21:48.373,2025-12-13 10:21:48.373,300,UTC-0300,tWUO8ZL77Z,com.sec.android.app.shealth,2025-12-13 10:00:00.035,71ba86ac-71e9-4c54-9242-c26e08f6ffe9,
63060051,2025-12-14 04:00:00.032,231ae5e5-4a93-4550-afc4-260a42d7ec69.binning_data.json,63060051,2025-12-14 05:00:31.296,2025-12-14 05:00:31.296,300,UTC-0300,tWUO8ZL77Z,com.sec.android.app.shealth,2025-12-14 05:00:00.030,231ae5e5-4a93-4550-afc4-260a42d7ec69,
63060051,2025-12-14 07:00:00.014,61d7ece4-8280-423f-b347-52bea2b8a66e.binning_data.json,63060051,2025-12-14 10:06:05.379,2025-12-14 10:06:05.379,300,UTC-0300,tWUO8ZL77Z,com.sec.android.app.shealth,2025-12-14 10:00:49.957,61d7ece4-8280-423f-b347-52bea2b8a66e,
63060051,2025-12-15 01:00:00.032,60f6f9fa-98ca-4515-b2c3-57662790bd91.binning_data.json,63060051,2025-12-15 02:34:09.879,2025-12-15 02:34:09.879,300,UTC-0300,tWUO8ZL77Z,com.sec.android.app.shealth,2025-12-15 02:00:00.022,60f6f9fa-98ca-4515-b2c3-57662790bd91,
63060051,2025-12-15 04:00:00.014,d8baa273-2024-468c-9023-14dae39cac72.binning_data.json,63060051,2025-12-15 10:20:54.680,2025-12-15 10:20:54.680,300,UTC-0300,tWUO8ZL77Z,com.sec.android.app.shealth,2025-12-15 10:03:00.485,d8baa273-2024-468c-9023-14dae39cac72,
63060051,2025-12-16 04:00:00.028,b067e644-07d7-4925-b3d4-57e17033035e.binning_data.json,63060051,2025-12-16 09:40:54.989,2025-12-16 09:40:54.989,300,UTC-0300,tWUO8ZL77Z,com.sec.android.app.shealth,2025-12-16 09:00:00.012,b067e644-07d7-4925-b3d4-57e17033035e,
63060051,2025-12-17 04:00:00.033,4a899a72-e3a2-4b1d-818e-cf3dca76d0cd.binning_data.json,63060051,2025-12-17 09:32:40.112,2025-12-17 09:32:40.112,300,UTC-0300,tWUO8ZL77Z,com.sec.android.app.shealth,2025-12-17 09:00:00.029,4a899a72-e3a2-4b1d-818e-cf3dca76d0cd,
63060051,2025-12-18 02:00:00.015,c0ea6333-d159-471c-88a8-5ec41f359e8f.binning_data.json,63060051,2025-12-18 06:07:28.648,2025-12-18 06:07:28.648,300,UTC-0300,tWUO8ZL77Z,com.sec.android.app.shealth,2025-12-18 06:00:00.034,c0ea6333-d159-471c-88a8-5ec41f359e8f,
63060051,2025-12-18 08:00:00.004,7cf9104f-20bb-4a48-93c6-36194c895685.binning_data.json,63060051,2025-12-18 10:49:13.149,2025-12-18 10:49:13.149,300,UTC-0300,tWUO8ZL77Z,com.sec.android.app.shealth,2025-12-18 10:00:00.035,7cf9104f-20bb-4a48-93c6-36194c895685,
63060051,2025-12-19 04:00:00.018,a339bebe-ce94-4a13-b38f-88ed57ad032d.binning_data.json,63060051,2025-12-19 10:16:18.123,2025-12-19 10:16:18.123,300,UTC-0300,tWUO8ZL77Z,com.sec.android.app.shealth,2025-12-19 10:00:19.109,a339bebe-ce94-4a13-b38f-88ed57ad032d,
63060051,2025-12-20 04:00:00.027,5e2f16bd-71b1-44ec-9700-4f549d62db75.binning_data.json,63060051,2025-12-20 09:07:54.653,2025-12-20 09:07:54.653,300,UTC-0300,tWUO8ZL77Z,com.sec.android.app.shealth,2025-12-20 09:00:07.655,5e2f16bd-71b1-44ec-9700-4f549d62db75,
63060051,2025-12-20 10:00:00.023,a4d21778-7797-4132-b752-79f39e34d086.binning_data.json,63060051,2025-12-20 10:45:07.092,2025-12-20 10:45:07.092,300,UTC-0300,tWUO8ZL77Z,com.sec.android.app.shealth,2025-12-20 10:00:00.023,a4d21778-7797-4132-b752-79f39e34d086,
63060051,2025-12-21 06:00:00.035,36bedee5-e560-4475-a57b-1ea90f9bf217.binning_data.json,63060051,2025-12-21 09:51:16.583,2025-12-21 09:51:16.583,300,UTC-0300,tWUO8ZL77Z,com.sec.android.app.shealth,2025-12-21 09:00:00.013,36bedee5-e560-4475-a57b-1ea90f9bf217,
63060051,2025-12-21 11:00:00.009,e8f68600-3226-4567-a22c-c3be4681e833.binning_data.json,63060051,2025-12-21 12:27:38.505,2025-12-21 12:27:38.505,300,UTC-0300,tWUO8ZL77Z,com.sec.android.app.shealth,2025-12-21 12:00:00.031,e8f68600-3226-4567-a22c-c3be4681e833,
63060051,2025-12-22 07:00:00.021,4a96ea05-e9bc-46b8-8f4e-63dd34d4d0c0.binning_data.json,63060051,2025-12-22 09:15:30.591,2025-12-22 09:15:30.591,300,UTC-0300,tWUO8ZL77Z,com.sec.android.app.shealth,2025-12-22 09:00:05.484,4a96ea05-e9bc-46b8-8f4e-63dd34d4d0c0,
63060051,2025-12-22 10:00:00.006,8c208f98-b066-4144-8d74-49c0d6c5348c.binning_data.json,63060051,2025-12-22 12:02:51.577,2025-12-22 12:02:51.577,300,UTC-0300,tWUO8ZL77Z,com.sec.android.app.shealth,2025-12-22 11:00:00.007,8c208f98-b066-4144-8d74-49c0d6c5348c,
63070031,2025-12-23 09:00:00.033,0dbe6c7a-e594-4a4f-9867-c0bb3f84ba92.binning_data.json,63070031,2025-12-23 10:42:39.437,2025-12-23 10:42:39.437,300,UTC-0300,tWUO8ZL77Z,com.sec.android.app.shealth,2025-12-23 10:00:00.033,0dbe6c7a-e594-4a4f-9867-c0bb3f84ba92,
63070031,2025-12-24 04:00:00.003,238533b7-1fc5-4d33-80cb-02ffe1e27993.binning_data.json,63070031,2025-12-24 04:16:01.419,2025-12-24 04:16:01.419,300,UTC-0300,tWUO8ZL77Z,com.sec.android.app.shealth,2025-12-24 04:00:00.003,238533b7-1fc5-4d33-80cb-02ffe1e27993,
63070031,2025-12-24 05:00:00.029,d7ca6928-5d23-488a-a73d-b77e40d2ac6a.binning_data.json,63070031,2025-12-24 05:37:17.749,2025-12-24 05:37:17.749,300,UTC-0300,tWUO8ZL77Z,com.sec.android.app.shealth,2025-12-24 05:00:00.029,d7ca6928-5d23-488a-a73d-b77e40d2ac6a,
63070031,2025-12-24 07:00:00.014,39593c2a-ddd1-44a0-8535-dd08a7a65e1a.binning_data.json,63070031,2025-12-24 07:54:44.249,2025-12-24 07:54:44.249,300,UTC-0300,tWUO8ZL77Z,com.sec.android.app.shealth,2025-12-24 07:00:00.014,39593c2a-ddd1-44a0-8535-dd08a7a65e1a,
63070031,2025-12-24 09:00:00.011,abfb06f1-1807-4914-854d-9ad37b199c4c.binning_data.json,63070031,2025-12-24 10:37:07.875,2025-12-24 10:37:07.875,300,UTC-0300,tWUO8ZL77Z,com.sec.android.app.shealth,2025-12-24 10:00:00.024,abfb06f1-1807-4914-854d-9ad37b199c4c,
63070031,2025-12-25 04:00:00.036,31d0e93d-632d-4af0-9d72-1e3dc60c7a1c.binning_data.json,63070031,2025-12-25 04:33:47.715,2025-12-25 04:33:47.715,300,UTC-0300,tWUO8ZL77Z,com.sec.android.app.shealth,2025-12-25 04:00:00.036,31d0e93d-632d-4af0-9d72-1e3dc60c7a1c,
63070031,2025-12-25 05:00:00.011,5ca1044b-a6f5-496b-8f67-84273f1300a3.binning_data.json,63070031,2025-12-25 11:19:57.361,2025-12-25 11:19:57.361,300,UTC-0300,tWUO8ZL77Z,com.sec.android.app.shealth,2025-12-25 11:00:22.679,5ca1044b-a6f5-496b-8f67-84273f1300a3,
63070031,2025-12-26 08:00:10.007,bace5a8f-c63b-4864-9dbb-2bb71e764768.binning_data.json,63070031,2025-12-26 09:16:07.810,2025-12-26 09:16:07.810,300,UTC-0300,tWUO8ZL77Z,com.sec.android.app.shealth,2025-12-26 09:00:00.007,bace5a8f-c63b-4864-9dbb-2bb71e764768,
63070031,2025-12-27 04:00:00.035,b7263a34-2192-48b7-8b0d-e2d35a885701.binning_data.json,63070031,2025-12-27 04:02:39.532,2025-12-27 04:02:39.532,300,UTC-0300,tWUO8ZL77Z,com.sec.android.app.shealth,2025-12-27 04:00:00.035,b7263a34-2192-48b7-8b0d-e2d35a885701,
63070031,2025-12-27 05:00:00.016,95492990-5de3-4a4a-bf66-f0d889c6f156.binning_data.json,63070031,2025-12-27 09:57:11.539,2025-12-27 09:57:11.539,300,UTC-0300,tWUO8ZL77Z,com.sec.android.app.shealth,2025-12-27 09:00:00.023,95492990-5de3-4a4a-bf66-f0d889c6f156,
63070031,2025-12-28 05:00:00.034,11f3eaaf-2e91-48cb-bf56-1bc88f1876e2.binning_data.json,63070031,2025-12-28 05:44:46.674,2025-12-28 05:44:46.674,300,UTC-0300,tWUO8ZL77Z,com.sec.android.app.shealth,2025-12-28 05:00:00.034,11f3eaaf-2e91-48cb-bf56-1bc88f1876e2,
63070031,2025-12-28 07:00:00.027,039431fb-bf16-4a0a-adde-b26d442f4823.binning_data.json,63070031,2025-12-28 08:46:08.028,2025-12-28 08:46:08.028,300,UTC-0300,tWUO8ZL77Z,com.sec.android.app.shealth,2025-12-28 08:00:00.026,039431fb-bf16-4a0a-adde-b26d442f4823,
63070031,2025-12-28 10:00:00.011,c3dd277d-5d03-49ec-b978-da760118a83b.binning_data.json,63070031,2025-12-28 10:57:26.765,2025-12-28 10:57:26.765,300,UTC-0300,tWUO8ZL77Z,com.sec.android.app.shealth,2025-12-28 10:00:00.011,c3dd277d-5d03-49ec-b978-da760118a83b,
63070031,2025-12-29 02:00:00.022,40eee79c-7645-4819-9768-f59f5be463d4.binning_data.json,63070031,2025-12-29 02:43:17.129,2025-12-29 02:43:17.129,300,UTC-0300,tWUO8ZL77Z,com.sec.android.app.shealth,2025-12-29 02:00:00.022,40eee79c-7645-4819-9768-f59f5be463d4,
63070031,2025-12-29 04:00:00.008,57accbd2-63b9-423b-af44-76834b116224.binning_data.json,63070031,2025-12-29 10:56:14.658,2025-12-29 10:56:14.658,300,UTC-0300,tWUO8ZL77Z,com.sec.android.app.shealth,2025-12-29 10:00:00.010,57accbd2-63b9-423b-af44-76834b116224,
63070031,2025-12-30 06:00:00.001,cc1b1d8c-cc71-47f0-8d13-1edd8639825b.binning_data.json,63070031,2025-12-30 08:41:08.080,2025-12-30 08:41:08.080,300,UTC-0300,tWUO8ZL77Z,com.sec.android.app.shealth,2025-12-30 08:00:00.035,cc1b1d8c-cc71-47f0-8d13-1edd8639825b,
63070031,2025-12-31 03:00:00.031,879120cb-70ae-4f09-bf76-b1b3673e3f18.binning_data.json,63070031,2025-12-31 07:01:55.111,2025-12-31 07:01:55.111,300,UTC-0300,tWUO8ZL77Z,com.sec.android.app.shealth,2025-12-31 07:00:00.029,879120cb-70ae-4f09-bf76-b1b3673e3f18,
63070031,2025-12-31 10:00:00.038,44dc6ddc-603b-4145-b7e5-07fc7ac62e89.binning_data.json,63070031,2025-12-31 10:23:42.913,2025-12-31 10:23:42.913,300,UTC-0300,tWUO8ZL77Z,com.sec.android.app.shealth,2025-12-31 10:00:00.038,44dc6ddc-603b-4145-b7e5-07fc7ac62e89,
63070031,2026-01-01 05:00:00.034,109cc0cf-88bf-4f1b-b816-9629d92a121c.binning_data.json,63070031,2026-01-01 10:13:57.828,2026-01-01 10:13:57.828,300,UTC-0300,tWUO8ZL77Z,com.sec.android.app.shealth,2026-01-01 10:00:00.028,109cc0cf-88bf-4f1b-b816-9629d92a121c,
63070031,2026-01-01 12:05:21.495,97107daa-fdce-4153-b877-12cc1d4097a5.binning_data.json,63070031,2026-01-01 12:11:15.125,2026-01-01 12:11:15.125,300,UTC-0300,tWUO8ZL77Z,com.sec.android.app.shealth,2026-01-01 12:05:21.495,97107daa-fdce-4153-b877-12cc1d4097a5,
63070031,2026-01-02 03:00:00.006,3bd58eb7-825a-46bb-9100-47f39de0e46d.binning_data.json,63070031,2026-01-02 07:36:52.349,2026-01-02 07:36:52.349,300,UTC-0300,tWUO8ZL77Z,com.sec.android.app.shealth,2026-01-02 07:00:00.000,3bd58eb7-825a-46bb-9100-47f39de0e46d,
63070031,2026-01-02 09:00:00.017,79c8bfda-8fb1-4e18-b833-cf22c75c1cac.binning_data.json,63070031,2026-01-02 09:28:09.074,2026-01-02 09:28:09.074,300,UTC-0300,tWUO8ZL77Z,com.sec.android.app.shealth,2026-01-02 09:00:00.017,79c8bfda-8fb1-4e18-b833-cf22c75c1cac,
63070031,2026-01-04 06:00:00.008,659ff6a0-68a1-40c9-91d9-1344d0f50798.binning_data.json,63070031,2026-01-04 07:42:46.634,2026-01-04 07:42:46.634,300,UTC-0300,tWUO8ZL77Z,com.sec.android.app.shealth,2026-01-04 07:00:00.023,659ff6a0-68a1-40c9-91d9-1344d0f50798,
63070031,2026-01-05 04:00:00.027,0a5f0558-d8a5-4e9a-9a5d-d5c345f54cd8.binning_data.json,63070031,2026-01-05 09:35:36.914,2026-01-05 09:35:36.914,300,UTC-0300,tWUO8ZL77Z,com.sec.android.app.shealth,2026-01-05 09:00:00.010,0a5f0558-d8a5-4e9a-9a5d-d5c345f54cd8,
63070031,2026-01-06 06:00:00.002,219e333a-b0c4-48dc-81e5-f17e1b35b38d.binning_data.json,63070031,2026-01-06 09:09:58.342,2026-01-06 09:09:58.342,300,UTC-0300,tWUO8ZL77Z,com.sec.android.app.shealth,2026-01-06 09:00:00.024,219e333a-b0c4-48dc-81e5-f17e1b35b38d,
63070031,2026-01-07 06:00:00.011,3cca4bf8-9144-4bd8-b392-09c7b8b32fc3.binning_data.json,63070031,2026-01-07 09:29:28.528,2026-01-07 09:29:28.528,300,UTC-0300,tWUO8ZL77Z,com.sec.android.app.shealth,2026-01-07 09:00:00.024,3cca4bf8-9144-4bd8-b392-09c7b8b32fc3,
63070031,2026-01-08 05:00:01.609,55d95981-bc53-415a-8d64-c00acb885568.binning_data.json,63070031,2026-01-08 09:35:49.899,2026-01-08 09:35:49.899,300,UTC-0300,tWUO8ZL77Z,com.sec.android.app.shealth,2026-01-08 09:00:00.024,55d95981-bc53-415a-8d64-c00acb885568,
63070031,2026-01-09 03:00:00.033,f31cefbe-08c0-4e0d-89d8-c168e68a8894.binning_data.json,63070031,2026-01-09 07:59:00.263,2026-01-09 07:59:00.263,300,UTC-0300,tWUO8ZL77Z,com.sec.android.app.shealth,2026-01-09 07:00:00.019,f31cefbe-08c0-4e0d-89d8-c168e68a8894,
63070031,2026-01-09 09:00:00.004,257634fe-459d-4e0b-824e-8de740af5dc2.binning_data.json,63070031,2026-01-09 09:20:36.073,2026-01-09 09:20:36.073,300,UTC-0300,tWUO8ZL77Z,com.sec.android.app.shealth,2026-01-09 09:00:00.004,257634fe-459d-4e0b-824e-8de740af5dc2,
63070031,2026-01-09 19:04:17.964,68f66c49-9d71-486e-8ba9-c03189a1e9db.binning_data.json,63070031,2026-01-09 19:18:28.668,2026-01-09 19:18:28.668,300,UTC-0300,tWUO8ZL77Z,com.sec.android.app.shealth,2026-01-09 19:04:17.964,68f66c49-9d71-486e-8ba9-c03189a1e9db,
63070031,2026-01-10 03:00:00.010,1fb2a5c7-8661-48c7-8e65-a34b4d5e9d32.binning_data.json,63070031,2026-01-10 06:42:28.579,2026-01-10 06:42:28.579,300,UTC-0300,tWUO8ZL77Z,com.sec.android.app.shealth,2026-01-10 06:00:00.002,1fb2a5c7-8661-48c7-8e65-a34b4d5e9d32,
63070031,2026-01-11 04:00:00.008,54e5bce7-ddef-416c-9412-bb4009486e53.binning_data.json,63070031,2026-01-11 09:45:18.021,2026-01-11 09:45:18.021,300,UTC-0300,tWUO8ZL77Z,com.sec.android.app.shealth,2026-01-11 09:00:00.021,54e5bce7-ddef-416c-9412-bb4009486e53,
63070031,2026-01-13 03:00:00.015,9794e0e6-1e25-4118-a42a-68eb0086f915.binning_data.json,63070031,2026-01-13 07:45:52.691,2026-01-13 07:45:52.691,300,UTC-0300,tWUO8ZL77Z,com.sec.android.app.shealth,2026-01-13 07:00:00.036,9794e0e6-1e25-4118-a42a-68eb0086f915,
63070031,2026-01-13 09:00:00.034,9e4f9659-5ff5-4b25-8c45-60d34ab1b5eb.binning_data.json,63070031,2026-01-13 10:17:44.440,2026-01-13 10:17:44.440,300,UTC-0300,tWUO8ZL77Z,com.sec.android.app.shealth,2026-01-13 10:00:00.026,9e4f9659-5ff5-4b25-8c45-60d34ab1b5eb,
63070031,2026-01-14 01:00:00.011,09dd2ff3-5aa5-40d9-acdb-cdf22bba576b.binning_data.json,63070031,2026-01-14 04:21:33.308,2026-01-14 04:21:33.308,300,UTC-0300,tWUO8ZL77Z,com.sec.android.app.shealth,2026-01-14 04:00:00.023,09dd2ff3-5aa5-40d9-acdb-cdf22bba576b,
63070031,2026-01-14 07:00:00.032,d819cf97-90d5-4cf6-9c3a-66ee16c0f384.binning_data.json,63070031,2026-01-14 09:02:07.890,2026-01-14 09:02:07.890,300,UTC-0300,tWUO8ZL77Z,com.sec.android.app.shealth,2026-01-14 09:00:00.028,d819cf97-90d5-4cf6-9c3a-66ee16c0f384,
63070031,2026-01-15 02:00:00.004,18e55919-6098-458f-9ac6-b000a3403040.binning_data.json,63070031,2026-01-15 09:40:06.356,2026-01-15 09:40:06.356,300,UTC-0300,tWUO8ZL77Z,com.sec.android.app.shealth,2026-01-15 09:00:00.023,18e55919-6098-458f-9ac6-b000a3403040,
63070031,2026-01-16 04:00:00.040,8a5dec6e-4977-4f60-96eb-f21b3fdfcf99.binning_data.json,63070031,2026-01-16 04:56:17.038,2026-01-16 04:56:17.038,300,UTC-0300,tWUO8ZL77Z,com.sec.android.app.shealth,2026-01-16 04:00:00.040,8a5dec6e-4977-4f60-96eb-f21b3fdfcf99,
63070031,2026-01-16 07:00:09.740,f32f85d2-e66a-4362-a63a-230d57eb77e4.binning_data.json,63070031,2026-01-16 09:13:02.991,2026-01-16 09:13:02.991,300,UTC-0300,tWUO8ZL77Z,com.sec.android.app.shealth,2026-01-16 09:00:07.885,f32f85d2-e66a-4362-a63a-230d57eb77e4,
63070031,2026-01-17 04:00:00.012,d8a9f7a0-53e1-456b-bb26-4648e3335a17.binning_data.json,63070031,2026-01-17 07:14:34.681,2026-01-17 07:14:34.681,300,UTC-0300,tWUO8ZL77Z,com.sec.android.app.shealth,2026-01-17 07:00:00.025,d8a9f7a0-53e1-456b-bb26-4648e3335a17,
63070031,2026-01-17 08:00:00.016,e41c74dd-1ac3-45d8-ae34-ac08b7c3357e.binning_data.json,63070031,2026-01-17 08:58:52.893,2026-01-17 08:58:52.893,300,UTC-0300,tWUO8ZL77Z,com.sec.android.app.shealth,2026-01-17 08:00:00.016,e41c74dd-1ac3-45d8-ae34-ac08b7c3357e,
63070031,2026-01-18 05:00:00.008,68a28523-26b4-4e02-a502-038404e943bd.binning_data.json,63070031,2026-01-18 10:17:43.194,2026-01-18 10:17:43.194,300,UTC-0300,tWUO8ZL77Z,com.sec.android.app.shealth,2026-01-18 10:00:00.009,68a28523-26b4-4e02-a502-038404e943bd,
63070031,2026-01-19 06:00:12.232,c80ebcda-4837-45a0-922f-57dd5d162713.binning_data.json,63070031,2026-01-19 11:01:14.682,2026-01-19 11:01:14.682,300,UTC-0300,tWUO8ZL77Z,com.sec.android.app.shealth,2026-01-19 11:00:00.019,c80ebcda-4837-45a0-922f-57dd5d162713,
63070031,2026-01-20 05:00:00.000,cd5574f2-433f-49bc-b23c-c4fa83017c7f.binning_data.json,63070031,2026-01-20 08:49:28.172,2026-01-20 08:49:28.172,300,UTC-0300,tWUO8ZL77Z,com.sec.android.app.shealth,2026-01-20 08:00:00.032,cd5574f2-433f-49bc-b23c-c4fa83017c7f,
63070031,2026-01-20 10:01:00.367,2eefa53c-1aaa-4944-be3e-ff1764b261d5.binning_data.json,63070031,2026-01-20 10:10:42.285,2026-01-20 10:10:42.285,300,UTC-0300,tWUO8ZL77Z,com.sec.android.app.shealth,2026-01-20 10:01:00.367,2eefa53c-1aaa-4944-be3e-ff1764b261d5,
63070031,2026-01-21 07:00:00.009,3116e23f-54de-4b46-9b96-282af5f67c8b.binning_data.json,63070031,2026-01-21 10:07:34.165,2026-01-21 10:07:34.165,300,UTC-0300,tWUO8ZL77Z,com.sec.android.app.shealth,2026-01-21 10:00:00.034,3116e23f-54de-4b46-9b96-282af5f67c8b,
63070031,2026-01-22 06:00:00.039,38b9f24f-728e-4d49-9729-00798797cda7.binning_data.json,63070031,2026-01-22 06:23:59.490,2026-01-22 06:23:59.490,300,UTC-0300,tWUO8ZL77Z,com.sec.android.app.shealth,2026-01-22 06:00:00.039,38b9f24f-728e-4d49-9729-00798797cda7,
63070031,2026-01-22 07:00:00.001,a8b5d765-caec-4c41-9ed3-ee43e9489b06.binning_data.json,63070031,2026-01-22 08:17:19.339,2026-01-22 08:17:19.339,300,UTC-0300,tWUO8ZL77Z,com.sec.android.app.shealth,2026-01-22 08:00:00.003,a8b5d765-caec-4c41-9ed3-ee43e9489b06,
63070031,2026-01-22 09:00:00.003,7a876112-a0a9-46f1-9daf-3a03008ac986.binning_data.json,63070031,2026-01-22 11:58:19.970,2026-01-22 11:58:19.970,300,UTC-0300,tWUO8ZL77Z,com.sec.android.app.shealth,2026-01-22 11:00:05.840,7a876112-a0a9-46f1-9daf-3a03008ac986,
63070031,2026-01-23 03:00:00.039,981b8881-a096-40e1-8c16-2c9a25e823d1.binning_data.json,63070031,2026-01-23 08:40:37.371,2026-01-23 08:40:37.371,300,UTC-0300,tWUO8ZL77Z,com.sec.android.app.shealth,2026-01-23 08:00:00.025,981b8881-a096-40e1-8c16-2c9a25e823d1,
63070031,2026-01-23 09:00:00.001,5e22c459-0c34-4421-a18e-ef60889a885d.binning_data.json,63070031,2026-01-23 09:57:50.756,2026-01-23 09:57:50.756,300,UTC-0300,tWUO8ZL77Z,com.sec.android.app.shealth,2026-01-23 09:00:00.001,5e22c459-0c34-4421-a18e-ef60889a885d,
63070031,2026-01-24 04:00:00.017,e9e31dff-38bb-424a-9429-403bfa917274.binning_data.json,63070031,2026-01-24 04:21:25.359,2026-01-24 04:21:25.359,300,UTC-0300,tWUO8ZL77Z,com.sec.android.app.shealth,2026-01-24 04:00:00.017,e9e31dff-38bb-424a-9429-403bfa917274,
63070031,2026-01-24 05:00:00.012,ceba2e7c-aa96-4594-a783-ef8f02048afb.binning_data.json,63070031,2026-01-24 10:35:32.502,2026-01-24 10:35:32.502,300,UTC-0300,tWUO8ZL77Z,com.sec.android.app.shealth,2026-01-24 10:00:00.013,ceba2e7c-aa96-4594-a783-ef8f02048afb,
63070031,2026-01-24 20:00:00.020,af48a9ae-0efb-4f7d-a2c5-edb830d227d5.binning_data.json,63070031,2026-01-24 20:25:25.527,2026-01-24 20:25:25.527,300,UTC-0300,tWUO8ZL77Z,com.sec.android.app.shealth,2026-01-24 20:00:00.020,af48a9ae-0efb-4f7d-a2c5-edb830d227d5,
63070031,2026-01-25 04:00:08.369,f30ab3db-b99a-497b-a117-7f6c73093004.binning_data.json,63070031,2026-01-25 09:57:01.225,2026-01-25 09:57:01.225,300,UTC-0300,tWUO8ZL77Z,com.sec.android.app.shealth,2026-01-25 09:00:00.011,f30ab3db-b99a-497b-a117-7f6c73093004,
63070031,2026-01-26 04:00:00.033,eeda9731-c6ea-40db-bb49-ca666eae9e10.binning_data.json,63070031,2026-01-26 07:57:59.619,2026-01-26 07:57:59.619,300,UTC-0300,tWUO8ZL77Z,com.sec.android.app.shealth,2026-01-26 07:00:00.015,eeda9731-c6ea-40db-bb49-ca666eae9e10,
63070031,2026-01-26 09:00:00.014,74d9364f-8f93-4fc1-9531-2058c8b99ded.binning_data.json,63070031,2026-01-26 10:46:27.876,2026-01-26 10:46:27.876,300,UTC-0300,tWUO8ZL77Z,com.sec.android.app.shealth,2026-01-26 10:00:22.069,74d9364f-8f93-4fc1-9531-2058c8b99ded,
63070031,2026-01-27 04:00:00.032,343bc77a-5227-4291-987e-890dd0a0eb27.binning_data.json,63070031,2026-01-27 04:11:29.286,2026-01-27 04:11:29.286,300,UTC-0300,tWUO8ZL77Z,com.sec.android.app.shealth,2026-01-27 04:00:00.032,343bc77a-5227-4291-987e-890dd0a0eb27,
63070031,2026-01-27 05:00:00.026,9d47da68-c3c0-490d-8d7b-15c4713edec5.binning_data.json,63070031,2026-01-27 11:09:46.442,2026-01-27 11:09:46.442,300,UTC-0300,tWUO8ZL77Z,com.sec.android.app.shealth,2026-01-27 11:00:00.028,9d47da68-c3c0-490d-8d7b-15c4713edec5,
63070031,2026-01-28 07:00:00.013,20b78ceb-a7f3-4f33-a0b6-26c6bccdbfc9.binning_data.json,63070031,2026-01-28 10:25:47.672,2026-01-28 10:25:47.672,300,UTC-0300,tWUO8ZL77Z,com.sec.android.app.shealth,2026-01-28 10:00:06.568,20b78ceb-a7f3-4f33-a0b6-26c6bccdbfc9,
63070031,2026-01-29 05:00:00.028,50d4bd7f-68aa-4cae-a693-ab11a9f50c94.binning_data.json,63070031,2026-01-29 11:44:52.750,2026-01-29 11:44:52.750,300,UTC-0300,tWUO8ZL77Z,com.sec.android.app.shealth,2026-01-29 11:00:00.001,50d4bd7f-68aa-4cae-a693-ab11a9f50c94,
63070031,2026-01-30 03:00:00.005,41f85c50-457d-4669-bbba-523ec2f51bc2.binning_data.json,63070031,2026-01-30 10:10:34.936,2026-01-30 10:10:34.936,300,UTC-0300,tWUO8ZL77Z,com.sec.android.app.shealth,2026-01-30 10:00:12.270,41f85c50-457d-4669-bbba-523ec2f51bc2,
63070031,2026-01-31 07:00:48.093,84d627a1-07b3-4c9e-9a2c-a5708c41cbbb.binning_data.json,63070031,2026-01-31 07:20:36.285,2026-01-31 07:20:36.285,300,UTC-0300,tWUO8ZL77Z,com.sec.android.app.shealth,2026-01-31 07:00:48.093,84d627a1-07b3-4c9e-9a2c-a5708c41cbbb,
63070031,2026-01-31 08:00:00.020,3b1ffba6-246e-4ca8-8c1b-a8b7ad3840dd.binning_data.json,63070031,2026-01-31 10:23:02.902,2026-01-31 10:23:02.902,300,UTC-0300,tWUO8ZL77Z,com.sec.android.app.shealth,2026-01-31 10:00:00.005,3b1ffba6-246e-4ca8-8c1b-a8b7ad3840dd,
63070031,2026-02-01 03:00:00.017,1bf56295-e066-47dd-be8d-011074018501.binning_data.json,63070031,2026-02-01 03:50:04.067,2026-02-01 03:50:04.067,300,UTC-0300,tWUO8ZL77Z,com.sec.android.app.shealth,2026-02-01 03:00:00.017,1bf56295-e066-47dd-be8d-011074018501,
63070031,2026-02-01 05:00:00.038,7159b8a4-f3b5-4091-8558-1dcb6c22522b.binning_data.json,63070031,2026-02-01 05:45:28.972,2026-02-01 05:45:28.972,300,UTC-0300,tWUO8ZL77Z,com.sec.android.app.shealth,2026-02-01 05:00:00.038,7159b8a4-f3b5-4091-8558-1dcb6c22522b,
63070031,2026-02-01 07:00:00.035,24f8364e-4cab-422d-8f03-4a90abca40d8.binning_data.json,63070031,2026-02-01 10:32:27.042,2026-02-01 10:32:27.042,300,UTC-0300,tWUO8ZL77Z,com.sec.android.app.shealth,2026-02-01 10:00:00.000,24f8364e-4cab-422d-8f03-4a90abca40d8,
63070031,2026-02-02 04:00:00.017,84a76f7b-f517-45ab-a8e9-6eb7fab29ca0.binning_data.json,63070031,2026-02-02 11:12:05.206,2026-02-02 11:12:05.206,300,UTC-0300,tWUO8ZL77Z,com.sec.android.app.shealth,2026-02-02 11:00:00.002,84a76f7b-f517-45ab-a8e9-6eb7fab29ca0,
63070031,2026-02-03 02:00:00.015,fd5b7688-0c55-4cbe-935a-94a09d3bc0e2.binning_data.json,63070031,2026-02-03 02:35:24.321,2026-02-03 02:35:24.321,300,UTC-0300,tWUO8ZL77Z,com.sec.android.app.shealth,2026-02-03 02:00:00.015,fd5b7688-0c55-4cbe-935a-94a09d3bc0e2,
63070031,2026-02-03 07:00:00.031,3d741b9c-d551-42ad-ae74-da8c7e33f413.binning_data.json,63070031,2026-02-03 09:33:01.024,2026-02-03 09:33:01.024,300,UTC-0300,tWUO8ZL77Z,com.sec.android.app.shealth,2026-02-03 09:00:00.000,3d741b9c-d551-42ad-ae74-da8c7e33f413,
63070031,2026-02-04 02:00:00.006,bd6f0934-047b-4aea-ae19-dd5b5477b07a.binning_data.json,63070031,2026-02-04 08:19:24.439,2026-02-04 08:19:24.439,300,UTC-0300,tWUO8ZL77Z,com.sec.android.app.shealth,2026-02-04 08:00:00.033,bd6f0934-047b-4aea-ae19-dd5b5477b07a,
63070031,2026-02-05 05:00:00.001,6c24ba0d-a190-4dd5-9adf-39252b56c237.binning_data.json,63070031,2026-02-05 09:25:48.206,2026-02-05 09:25:48.206,300,UTC-0300,tWUO8ZL77Z,com.sec.android.app.shealth,2026-02-05 09:00:06.306,6c24ba0d-a190-4dd5-9adf-39252b56c237,
63070031,2026-02-06 02:00:00.037,48c24d54-a0a4-4ede-bec1-25b932dbd9fd.binning_data.json,63070031,2026-02-06 05:11:24.982,2026-02-06 05:11:24.982,300,UTC-0300,tWUO8ZL77Z,com.sec.android.app.shealth,2026-02-06 05:00:00.025,48c24d54-a0a4-4ede-bec1-25b932dbd9fd,
63070031,2026-02-06 06:00:00.004,6ec47c30-8b66-427d-93ca-ee58f26c0299.binning_data.json,63070031,2026-02-06 09:51:59.737,2026-02-06 09:51:59.737,300,UTC-0300,tWUO8ZL77Z,com.sec.android.app.shealth,2026-02-06 09:00:08.767,6ec47c30-8b66-427d-93ca-ee58f26c0299,
