com.samsung.shealth.tracker.oxygen_saturation,6307003,5
integrated_id,source,tag_id,coverage_rate,com.samsung.health.oxygen_saturation.create_sh_ver,com.samsung.health.oxygen_saturation.start_time,com.samsung.health.oxygen_saturation.custom,com.samsung.health.oxygen_saturation.modify_sh_ver,com.samsung.health.oxygen_saturation.update_time,com.samsung.health.oxygen_saturation.create_time,com.samsung.health.oxygen_saturation.client_data_id,com.samsung.health.oxygen_saturation.low_duration,com.samsung.health.oxygen_saturation.binning,com.samsung.health.oxygen_saturation.max,com.samsung.health.oxygen_saturation.min,com.samsung.health.oxygen_saturation.spo2,com.samsung.health.oxygen_saturation.client_data_ver,com.samsung.health.oxygen_saturation.time_offset,com.samsung.health.oxygen_saturation.deviceuuid,com.samsung.health.oxygen_saturation.comment,com.samsung.health.oxygen_saturation.pkg_name,com.samsung.health.oxygen_saturation.end_time,com.samsung.health.oxygen_saturation.datauuid,com.samsung.health.oxygen_saturation.heart_rate
,,31000,,63050351,2025-10-26 17:42:45.968,,63050351,2025-10-26 17:42:46.386,2025-10-26 17:42:46.386,,,,,,88.0,,UTC-0300,tWUO8ZL77Z,,com.sec.android.app.shealth,2025-10-26 17:42:45.968,4840be6c-053d-46a3-9201-e1cef08c6302,64.0,
,,31000,,63050351,2025-10-26 17:43:42.893,,63050351,2025-10-26 17:43:43.312,2025-10-26 17:43:43.312,,,,,,96.0,,UTC-0300,tWUO8ZL77Z,,com.sec.android.app.shealth,2025-10-26 17:43:42.893,ab2cfef9-e5c9-44c7-80a0-5c42339dd81a,74.0,
,,31000,,63050351,2025-10-27 17:08:33.509,,63050351,2025-10-27 17:08:33.942,2025-10-27 17:08:33.942,,,,,,96.0,,UTC-0300,tWUO8ZL77Z,,com.sec.android.app.shealth,2025-10-27 17:08:33.509,569a89c4-e428-478d-8252-2cc0eb9ab33c,55.0,
,,31000,,63050351,2025-10-27 23:40:04.932,,63050351,2025-10-27 23:40:05.364,2025-10-27 23:40:05.364,,,,,,95.0,,UTC-0300,tWUO8ZL77Z,,com.sec.android.app.shealth,2025-10-27 23:40:04.932,7dbff828-d85b-4f0f-912c-28c0c7a08627,63.0,
,,31301,91,63050351,2025-10-28 04:08:00.000,,63050351,2025-10-28 10:14:15.478,2025-10-28 10:14:15.478,,14,0c60e48c-89d5-4a26-a448-fcf3a134136b.com.samsung.health.oxygen_saturation.binning.json,100.0,86.0,96.0,,UTC-0300,tWUO8ZL77Z,,com.sec.android.app.shealth,2025-10-28 09:51:00.000,0c60e48c-89d5-4a26-a448-fcf3a134136b,,
,,31301,98,63050351,2025-10-29 00:31:00.000,,63050351,2025-10-29 04:49:11.432,2025-10-29 04:49:11.432,,11,8e25bd07-3b3b-4449-b64b-3ef04238178c.com.samsung.health.oxygen_saturation.binning.json,100.0,89.0,98.0,,UTC-0300,tWUO8ZL77Z,,com.sec.android.app.shealth,2025-10-29 04:49:00.000,8e25bd07-3b3b-4449-b64b-3ef04238178c,,
,,31301,95,63050351,2025-10-29 04:53:00.000,,63050351,2025-10-29 09:57:38.852,2025-10-29 09:57:38.852,,36,237b0577-9ad4-4453-aeb8-446e8507a2d8.com.samsung.health.oxygen_saturation.binning.json,100.0,85.0,97.0,,UTC-0300,tWUO8ZL77Z,,com.sec.android.app.shealth,2025-10-29 09:57:00.000,237b0577-9ad4-4453-aeb8-446e8507a2d8,,
,,31301,95,63060051,2025-10-30 03:49:00.000,,63060051,2025-10-30 09:30:07.818,2025-10-30 09:30:07.818,,0,badcc45b-9bd1-4edf-9df6-d64dc2cd3911.com.samsung.health.oxygen_saturation.binning.json,100.0,91.0,97.0,,UTC-0300,tWUO8ZL77Z,,com.sec.android.app.shealth,2025-10-30 09:30:00.000,badcc45b-9bd1-4edf-9df6-d64dc2cd3911,,
,,31301,83,63060051,2025-10-31 03:13:00.000,,63060051,2025-10-31 08:42:40.632,2025-10-31 08:42:40.632,,0,d355b2a1-54ff-458a-b0b3-9a8ef7713bc5.com.samsung.health.oxygen_saturation.binning.json,100.0,90.0,98.0,,UTC-0300,tWUO8ZL77Z,,com.sec.android.app.shealth,2025-10-31 08:12:00.000,d355b2a1-54ff-458a-b0b3-9a8ef7713bc5,,
,,31301,98,63060051,2025-11-01 03:32:00.000,,63060051,2025-11-01 08:27:18.593,2025-11-01 08:27:18.593,,1,085c2ce1-4c72-4c15-8416-141f16f86eb7.com.samsung.health.oxygen_saturation.binning.json,100.0,89.0,96.0,,UTC-0300,tWUO8ZL77Z,,com.sec.android.app.shealth,2025-11-01 08:04:00.000,085c2ce1-4c72-4c15-8416-141f16f86eb7,,
,,31301,97,63060051,2025-11-01 08:28:00.000,,63060051,2025-11-01 11:28:00.796,2025-11-01 11:28:00.796,,0,d76579b4-5da4-477d-854d-57a9781714a5.com.samsung.health.oxygen_saturation.binning.json,100.0,91.0,96.0,,UTC-0300,tWUO8ZL77Z,,com.sec.android.app.shealth,2025-11-01 11:04:00.000,d76579b4-5da4-477d-854d-57a9781714a5,,
,,31301,96,63060051,2025-11-02 03:24:00.000,,63060051,2025-11-02 07:05:20.297,2025-11-02 07:05:20.297,,0,94bf30e3-a4cf-4488-b094-4b2d2940e0bf.com.samsung.health.oxygen_saturation.binning.json,100.0,90.0,97.0,,UTC-0300,tWUO8ZL77Z,,com.sec.android.app.shealth,2025-11-02 06:40:00.000,94bf30e3-a4cf-4488-b094-4b2d2940e0bf,,
,,31301,95,63060051,2025-11-02 07:58:00.000,,63060051,2025-11-02 10:54:07.459,2025-11-02 10:54:07.459,,0,1fbdd418-db43-4410-85aa-8f928ed071b2.com.samsung.health.oxygen_saturation.binning.json,100.0,91.0,97.0,,UTC-0300,tWUO8ZL77Z,,com.sec.android.app.shealth,2025-11-02 10:31:00.000,1fbdd418-db43-4410-85aa-8f928ed071b2,,
,,31301,94,63060051,2025-11-03 01:39:00.000,,63060051,2025-11-03 09:58:20.961,2025-11-03 09:58:20.961,,30,9c4111a8-ba75-4439-bdd3-41802eaa495f.com.samsung.health.oxygen_saturation.binning.json,99.0,85.0,96.0,,UTC-0300,tWUO8ZL77Z,,com.sec.android.app.shealth,2025-11-03 09:36:00.000,9c4111a8-ba75-4439-bdd3-41802eaa495f,,
,,31301,97,63060051,2025-11-04 04:44:00.000,,63060051,2025-11-04 06:29:41.084,2025-11-04 06:29:41.084,,175,fbce2171-180b-4193-a8f6-50b529518872.com.samsung.health.oxygen_saturation.binning.json,99.0,86.0,94.0,,UTC-0300,tWUO8ZL77Z,,com.sec.android.app.shealth,2025-11-04 05:59:00.000,fbce2171-180b-4193-a8f6-50b529518872,,
,,31301,95,63060051,2025-11-04 06:29:00.000,,63060051,2025-11-04 10:46:40.696,2025-11-04 10:46:40.696,,22,2855c01f-b780-4cbd-8686-5962d90d46bd.com.samsung.health.oxygen_saturation.binning.json,100.0,84.0,98.0,,UTC-0300,tWUO8ZL77Z,,com.sec.android.app.shealth,2025-11-04 10:24:00.000,2855c01f-b780-4cbd-8686-5962d90d46bd,,
,,31301,97,63060051,2025-11-05 02:38:00.000,,63060051,2025-11-05 08:27:24.800,2025-11-05 08:27:24.800,,1,0dd8e4cf-042a-461e-815c-20265395883d.com.samsung.health.oxygen_saturation.binning.json,100.0,89.0,97.0,,UTC-0300,tWUO8ZL77Z,,com.sec.android.app.shealth,2025-11-05 07:58:00.000,0dd8e4cf-042a-461e-815c-20265395883d,,
,,31301,94,63060051,2025-11-06 04:43:00.000,,63060051,2025-11-06 09:13:19.111,2025-11-06 09:13:19.111,,2,03ccd4ee-42a4-4e26-bfa3-65e33ddd9785.com.samsung.health.oxygen_saturation.binning.json,100.0,89.0,96.0,,UTC-0300,tWUO8ZL77Z,,com.sec.android.app.shealth,2025-11-06 09:13:00.000,03ccd4ee-42a4-4e26-bfa3-65e33ddd9785,,
,,31301,90,63060051,2025-11-07 03:46:00.000,,63060051,2025-11-07 04:57:33.470,2025-11-07 04:57:33.470,,0,c05606f6-230e-4cb2-9ef2-88ba67a8246a.com.samsung.health.oxygen_saturation.binning.json,98.0,90.0,95.0,,UTC-0300,tWUO8ZL77Z,,com.sec.android.app.shealth,2025-11-07 04:57:00.000,c05606f6-230e-4cb2-9ef2-88ba67a8246a,,
,,31301,94,63060051,2025-11-08 02:13:00.000,,63060051,2025-11-08 09:33:58.345,2025-11-08 09:33:58.345,,1,5f7b836a-c267-4bb2-a41e-91c80f560460.com.samsung.health.oxygen_saturation.binning.json,100.0,89.0,98.0,,UTC-0300,tWUO8ZL77Z,,com.sec.android.app.shealth,2025-11-08 09:06:00.000,5f7b836a-c267-4bb2-a41e-91c80f560460,,
,,31301,91,63060051,2025-11-09 04:03:00.000,,63060051,2025-11-09 08:33:16.572,2025-11-09 08:33:16.572,,16,e36f8278-f6ba-40cc-a7fb-30eca2fc1459.com.samsung.health.oxygen_saturation.binning.json,100.0,88.0,96.0,,UTC-0300,tWUO8ZL77Z,,com.sec.android.app.shealth,2025-11-09 08:08:00.000,e36f8278-f6ba-40cc-a7fb-30eca2fc1459,,
,,31301,93,63060051,2025-11-10 02:12:00.000,,63060051,2025-11-10 10:08:34.241,2025-11-10 10:08:34.241,,37,9ebee5dc-b921-462e-a42d-2d3f18f327c8.com.samsung.health.oxygen_saturation.binning.json,100.0,86.0,98.0,,UTC-0300,tWUO8ZL77Z,,com.sec.android.app.shealth,2025-11-10 09:41:00.000,9ebee5dc-b921-462e-a42d-2d3f18f327c8,,
,,31301,96,63060051,2025-11-12 03:04:00.000,,63060051,2025-11-12 07:02:22.481,2025-11-12 07:02:22.481,,9,134b67d6-a08b-4895-a081-ebcbe43dbd74.com.samsung.health.oxygen_saturation.binning.json,99.0,89.0,97.0,,UTC-0300,tWUO8ZL77Z,,com.sec.android.app.shealth,2025-11-12 07:02:00.000,134b67d6-a08b-4895-a081-ebcbe43dbd74,,
,,31301,93,63060051,2025-11-12 07:05:00.000,,63060051,2025-11-12 09:29:29.801,2025-11-12 09:29:29.801,,17,a3e1ca67-9a76-47c5-b818-990d7e67922f.com.samsung.health.oxygen_saturation.binning.json,98.0,87.0,96.0,,UTC-0300,tWUO8ZL77Z,,com.sec.android.app.shealth,2025-11-12 09:29:00.000,a3e1ca67-9a76-47c5-b818-990d7e67922f,,
,,31301,92,63060051,2025-11-13 04:21:00.000,,63060051,2025-11-13 08:34:31.793,2025-11-13 08:34:31.793,,0,018d7df3-5770-4040-895f-abd76566e93b.com.samsung.health.oxygen_saturation.binning.json,100.0,93.0,98.0,,UTC-0300,tWUO8ZL77Z,,com.sec.android.app.shealth,2025-11-13 08:21:00.000,018d7df3-5770-4040-895f-abd76566e93b,,
,,31301,97,63060051,2025-11-14 02:08:00.000,,63060051,2025-11-14 03:51:41.123,2025-11-14 03:51:41.123,,3,1ff2fdb6-ab6c-42b5-8f4e-827e273a695c.com.samsung.health.oxygen_saturation.binning.json,99.0,84.0,96.0,,UTC-0300,tWUO8ZL77Z,,com.sec.android.app.shealth,2025-11-14 03:51:00.000,1ff2fdb6-ab6c-42b5-8f4e-827e273a695c,,
,,31301,96,63060051,2025-11-14 03:54:00.000,,63060051,2025-11-14 10:10:30.611,2025-11-14 10:10:30.611,,3,743b9dec-c5c1-4a63-bd52-f55ca1d849e9.com.samsung.health.oxygen_saturation.binning.json,100.0,89.0,96.0,,UTC-0300,tWUO8ZL77Z,,com.sec.android.app.shealth,2025-11-14 09:47:00.000,743b9dec-c5c1-4a63-bd52-f55ca1d849e9,,
,,31301,95,63060051,2025-11-15 04:45:00.000,,63060051,2025-11-15 07:41:08.422,2025-11-15 07:41:08.422,,36,d5d6de92-b010-40bf-a8af-2bf01a043aee.com.samsung.health.oxygen_saturation.binning.json,100.0,82.0,97.0,,UTC-0300,tWUO8ZL77Z,,com.sec.android.app.shealth,2025-11-15 07:41:00.000,d5d6de92-b010-40bf-a8af-2bf01a043aee,,
,,31301,94,63060051,2025-11-15 07:43:00.000,,63060051,2025-11-15 09:09:11.935,2025-11-15 09:09:11.935,,1,0ee8bf27-cef4-42aa-a622-5c9b930c1851.com.samsung.health.oxygen_saturation.binning.json,98.0,86.0,96.0,,UTC-0300,tWUO8ZL77Z,,com.sec.android.app.shealth,2025-11-15 08:43:00.000,0ee8bf27-cef4-42aa-a622-5c9b930c1851,,
,,31301,98,63060051,2025-11-16 03:45:00.000,,63060051,2025-11-16 06:31:25.330,2025-11-16 06:31:25.330,,16,e6e2e44d-a8f3-4221-a72f-c9aa099ee278.com.samsung.health.oxygen_saturation.binning.json,99.0,85.0,96.0,,UTC-0300,tWUO8ZL77Z,,com.sec.android.app.shealth,2025-11-16 06:05:00.000,e6e2e44d-a8f3-4221-a72f-c9aa099ee278,,
,,31301,95,63060051,2025-11-16 06:40:00.000,,63060051,2025-11-16 09:09:51.753,2025-11-16 09:09:51.753,,322,b2d54b46-28f5-41af-9a13-670734180a68.com.samsung.health.oxygen_saturation.binning.json,99.0,87.0,94.0,,UTC-0300,tWUO8ZL77Z,,com.sec.android.app.shealth,2025-11-16 08:46:00.000,b2d54b46-28f5-41af-9a13-670734180a68,,
,,31301,93,63060051,2025-11-17 04:02:00.000,,63060051,2025-11-17 06:10:12.497,2025-11-17 06:10:12.497,,11,8e0994fb-77c5-421a-b21d-e909e838d4bc.com.samsung.health.oxygen_saturation.binning.json,99.0,89.0,96.0,,UTC-0300,tWUO8ZL77Z,,com.sec.android.app.shealth,2025-11-17 05:43:00.000,8e0994fb-77c5-421a-b21d-e909e838d4bc,,
,,31301,96,63060051,2025-11-17 06:17:00.000,,63060051,2025-11-17 09:46:00.696,2025-11-17 09:46:00.696,,12,a33fc613-f4fc-4f88-8b24-6ef85e1f8620.com.samsung.health.oxygen_saturation.binning.json,100.0,88.0,97.0,,UTC-0300,tWUO8ZL77Z,,com.sec.android.app.shealth,2025-11-17 09:17:00.000,a33fc613-f4fc-4f88-8b24-6ef85e1f8620,,
,,31301,95,63060051,2025-11-18 01:52:00.000,,63060051,2025-11-18 10:48:57.627,2025-11-18 10:48:57.627,,0,6c564a77-7e4f-47db-984c-06eb9d79f764.com.samsung.health.oxygen_saturation.binning.json,100.0,90.0,97.0,,UTC-0300,tWUO8ZL77Z,,com.sec.android.app.shealth,2025-11-18 10:27:00.000,6c564a77-7e4f-47db-984c-06eb9d79f764,,
,,31301,97,63060051,2025-11-19 04:54:00.000,,63060051,2025-11-19 09:46:18.320,2025-11-19 09:46:18.320,,0,7813d0ee-8701-4b0b-944a-1e4ac1524e8f.com.samsung.health.oxygen_saturation.binning.json,100.0,90.0,97.0,,UTC-0300,tWUO8ZL77Z,,com.sec.android.app.shealth,2025-11-19 09:22:00.000,7813d0ee-8701-4b0b-944a-1e4ac1524e8f,,
,,31301,95,63060051,2025-11-20 01:41:00.000,,63060051,2025-11-20 09:20:06.784,2025-11-20 09:20:06.784,,47,828117ed-1f84-4f28-b452-45c8158ecdd8.com.samsung.health.oxygen_saturation.binning.json,100.0,87.0,96.0,,UTC-0300,tWUO8ZL77Z,,com.sec.android.app.shealth,2025-11-20 09:19:00.000,828117ed-1f84-4f28-b452-45c8158ecdd8,,
,,31301,98,63060051,2025-11-21 03:24:00.000,,63060051,2025-11-21 06:13:10.839,2025-11-21 06:13:10.839,,1,695c9d64-5784-42d6-9557-14b2c500bacb.com.samsung.health.oxygen_saturation.binning.json,100.0,89.0,97.0,,UTC-0300,tWUO8ZL77Z,,com.sec.android.app.shealth,2025-11-21 05:47:00.000,695c9d64-5784-42d6-9557-14b2c500bacb,,
,,31301,95,63060051,2025-11-21 06:13:00.000,,63060051,2025-11-21 10:53:28.003,2025-11-21 10:53:28.003,,0,f2505acf-6887-4bd6-b883-8cb849076cb4.com.samsung.health.oxygen_saturation.binning.json,100.0,90.0,97.0,,UTC-0300,tWUO8ZL77Z,,com.sec.android.app.shealth,2025-11-21 10:30:00.000,f2505acf-6887-4bd6-b883-8cb849076cb4,,
cf90870b-c6f5-47ef-ba4d-d2ad05dad3ab,,31301,93,63060051,2025-11-22 02:38:00.000,,63060070,2025-11-22 09:49:05.758,2025-11-22 09:06:22.355,,52,97680348-0b02-4612-ac5b-5f744bee5b26.com.samsung.health.oxygen_saturation.binning.json,100.0,82.0,96.0,,UTC-0300,tWUO8ZL77Z,,com.sec.android.app.shealth,2025-11-22 09:06:00.000,97680348-0b02-4612-ac5b-5f744bee5b26,,
cf90870b-c6f5-47ef-ba4d-d2ad05dad3ab,,31301,89,63060051,2025-11-22 09:05:00.000,,63060070,2025-11-22 09:49:05.804,2025-11-22 09:48:58.397,,0,2bf7b4c9-020f-4727-9db9-10b7d23d8d03.com.samsung.health.oxygen_saturation.binning.json,99.0,93.0,96.0,,UTC-0300,tWUO8ZL77Z,,com.sec.android.app.shealth,2025-11-22 09:30:00.000,2bf7b4c9-020f-4727-9db9-10b7d23d8d03,,
,,31301,90,63060070,2025-11-22 02:38:00.000,,63060070,2025-11-22 09:49:05.720,2025-11-22 09:49:05.720,,52,cf90870b-c6f5-47ef-ba4d-d2ad05dad3ab.com.samsung.health.oxygen_saturation.binning.json,100.0,82.0,90.0,,UTC-0300,R5wtjjS0Fd,,com.sec.android.app.shealth,2025-11-22 09:30:00.000,cf90870b-c6f5-47ef-ba4d-d2ad05dad3ab,,
,,31301,95,63060051,2025-11-23 04:54:00.000,,63060051,2025-11-23 10:06:13.153,2025-11-23 10:06:13.153,,24,6d984944-a074-43f7-8cbe-d7979bc30448.com.samsung.health.oxygen_saturation.binning.json,100.0,86.0,95.0,,UTC-0300,tWUO8ZL77Z,,com.sec.android.app.shealth,2025-11-23 09:42:00.000,6d984944-a074-43f7-8cbe-d7979bc30448,,
,,31301,96,63060051,2025-11-24 01:37:00.000,,63060051,2025-11-24 07:34:33.681,2025-11-24 07:34:33.681,,1,b3088d43-7816-4a07-82ce-1f37ff75c86a.com.samsung.health.oxygen_saturation.binning.json,100.0,89.0,97.0,,UTC-0300,tWUO8ZL77Z,,com.sec.android.app.shealth,2025-11-24 07:11:00.000,b3088d43-7816-4a07-82ce-1f37ff75c86a,,
,,31301,94,63060051,2025-11-24 07:43:00.000,,63060051,2025-11-24 10:17:08.720,2025-11-24 10:17:08.720,,0,f3beff23-0663-4193-bc4d-d733b30b59cc.com.samsung.health.oxygen_saturation.binning.json,100.0,93.0,96.0,,UTC-0300,tWUO8ZL77Z,,com.sec.android.app.shealth,2025-11-24 09:55:00.000,f3beff23-0663-4193-bc4d-d733b30b59cc,,
,,31301,92,63060051,2025-11-25 04:00:00.000,,63060051,2025-11-25 10:26:17.818,2025-11-25 10:26:17.818,,29,819df647-1487-488c-9dae-2737f331e1bd.com.samsung.health.oxygen_saturation.binning.json,98.0,83.0,95.0,,UTC-0300,tWUO8ZL77Z,,com.sec.android.app.shealth,2025-11-25 09:58:00.000,819df647-1487-488c-9dae-2737f331e1bd,,
,,31301,88,63060051,2025-11-26 01:53:00.000,,63060051,2025-11-26 08:42:30.310,2025-11-26 08:42:30.310,,2,9a507a6f-4870-4a7f-9b80-e45d21b893a1.com.samsung.health.oxygen_saturation.binning.json,100.0,89.0,97.0,,UTC-0300,tWUO8ZL77Z,,com.sec.android.app.shealth,2025-11-26 08:16:00.000,9a507a6f-4870-4a7f-9b80-e45d21b893a1,,
,,31301,96,63060051,2025-11-27 05:36:00.000,,63060051,2025-11-27 08:58:01.016,2025-11-27 08:58:01.016,,0,c264b7c0-f051-43b7-a6fd-bc17fefe8222.com.samsung.health.oxygen_saturation.binning.json,100.0,90.0,97.0,,UTC-0300,tWUO8ZL77Z,,com.sec.android.app.shealth,2025-11-27 08:35:00.000,c264b7c0-f051-43b7-a6fd-bc17fefe8222,,
,,31301,88,63060051,2025-11-27 09:04:00.000,,63060051,2025-11-27 11:06:33.155,2025-11-27 11:06:33.155,,0,2896c38b-c82d-4467-aec8-f80d31bde728.com.samsung.health.oxygen_saturation.binning.json,100.0,92.0,97.0,,UTC-0300,tWUO8ZL77Z,,com.sec.android.app.shealth,2025-11-27 10:40:00.000,2896c38b-c82d-4467-aec8-f80d31bde728,,
,,31301,94,63060051,2025-11-28 03:56:00.000,,63060051,2025-11-28 10:28:41.288,2025-11-28 10:28:41.288,,28,55fb5e5e-1ca7-48aa-a78a-21600dc28652.com.samsung.health.oxygen_saturation.binning.json,100.0,88.0,97.0,,UTC-0300,tWUO8ZL77Z,,com.sec.android.app.shealth,2025-11-28 10:07:00.000,55fb5e5e-1ca7-48aa-a78a-21600dc28652,,
,,31301,96,63060051,2025-11-29 04:03:00.000,,63060051,2025-11-29 09:34:19.873,2025-11-29 09:34:19.873,,24,9ebe6c93-4ed6-4c25-8fd7-95c036845d79.com.samsung.health.oxygen_saturation.binning.json,100.0,88.0,98.0,,UTC-0300,tWUO8ZL77Z,,com.sec.android.app.shealth,2025-11-29 09:12:00.000,9ebe6c93-4ed6-4c25-8fd7-95c036845d79,,
,,31301,96,63060051,2025-12-01 02:45:00.000,,63060051,2025-12-01 10:10:28.911,2025-12-01 10:10:28.911,,108,7891f8b7-6a53-4eb3-8c43-e05649927fbb.com.samsung.health.oxygen_saturation.binning.json,100.0,77.0,96.0,,UTC-0300,tWUO8ZL77Z,,com.sec.android.app.shealth,2025-12-01 09:49:00.000,7891f8b7-6a53-4eb3-8c43-e05649927fbb,,
,,31301,94,63060051,2025-12-02 04:14:00.000,,63060051,2025-12-02 08:06:55.054,2025-12-02 08:06:55.054,,2,d24a002e-48f2-4eb4-b3da-166a0154a4e4.com.samsung.health.oxygen_saturation.binning.json,100.0,89.0,96.0,,UTC-0300,tWUO8ZL77Z,,com.sec.android.app.shealth,2025-12-02 07:44:00.000,d24a002e-48f2-4eb4-b3da-166a0154a4e4,,
,,31301,93,63060051,2025-12-02 08:09:00.000,,63060051,2025-12-02 09:48:25.910,2025-12-02 09:48:25.910,,84,298584f5-0a05-47e7-9087-8e87ab51b13d.com.samsung.health.oxygen_saturation.binning.json,100.0,71.0,95.0,,UTC-0300,tWUO8ZL77Z,,com.sec.android.app.shealth,2025-12-02 09:48:00.000,298584f5-0a05-47e7-9087-8e87ab51b13d,,
,,31301,96,63060051,2025-12-03 02:25:00.000,,63060051,2025-12-03 10:07:29.963,2025-12-03 10:07:29.963,,1,28533100-df1f-4380-8f4b-5d616a972e7b.com.samsung.health.oxygen_saturation.binning.json,100.0,89.0,97.0,,UTC-0300,tWUO8ZL77Z,,com.sec.android.app.shealth,2025-12-03 09:45:00.000,28533100-df1f-4380-8f4b-5d616a972e7b,,
,,31301,95,63060051,2025-12-04 03:07:00.000,,63060051,2025-12-04 09:49:36.362,2025-12-04 09:49:36.362,,47,4e220fcc-9c67-4d17-88ee-0e9413c2558c.com.samsung.health.oxygen_saturation.binning.json,100.0,84.0,96.0,,UTC-0300,tWUO8ZL77Z,,com.sec.android.app.shealth,2025-12-04 09:34:00.000,4e220fcc-9c67-4d17-88ee-0e9413c2558c,,
,,31301,91,63060051,2025-12-04 09:58:00.000,,63060051,2025-12-04 11:05:18.842,2025-12-04 11:05:18.842,,0,175a8c50-c04e-4320-9f3b-24955b9680ae.com.samsung.health.oxygen_saturation.binning.json,100.0,96.0,99.0,,UTC-0300,tWUO8ZL77Z,,com.sec.android.app.shealth,2025-12-04 10:42:00.000,175a8c50-c04e-4320-9f3b-24955b9680ae,,
,,31301,93,63060051,2025-12-06 04:24:00.000,,63060051,2025-12-06 06:15:41.904,2025-12-06 06:15:41.904,,20,cc411fad-68d0-4abb-bb2e-adc6f0edb97e.com.samsung.health.oxygen_saturation.binning.json,100.0,89.0,96.0,,UTC-0300,tWUO8ZL77Z,,com.sec.android.app.shealth,2025-12-06 05:48:00.000,cc411fad-68d0-4abb-bb2e-adc6f0edb97e,,
,,31301,96,63060051,2025-12-06 06:12:00.000,,63060051,2025-12-06 11:46:56.944,2025-12-06 11:46:56.944,,41,43cb6674-acb0-4a0e-aefb-faa49be2111f.com.samsung.health.oxygen_saturation.binning.json,100.0,87.0,96.0,,UTC-0300,tWUO8ZL77Z,,com.sec.android.app.shealth,2025-12-06 11:23:00.000,43cb6674-acb0-4a0e-aefb-faa49be2111f,,
,,31301,65,63060051,2025-12-07 06:20:00.000,,63060051,2025-12-07 10:40:18.059,2025-12-07 10:40:18.059,,41,6a73154b-a756-4284-9223-3160732432f1.com.samsung.health.oxygen_saturation.binning.json,100.0,85.0,96.0,,UTC-0300,tWUO8ZL77Z,,com.sec.android.app.shealth,2025-12-07 10:15:00.000,6a73154b-a756-4284-9223-3160732432f1,,
,,31301,93,63060051,2025-12-08 04:45:00.000,,63060051,2025-12-08 11:08:40.258,2025-12-08 11:08:40.258,,11,eabd3821-2012-4bba-8425-c8c377982563.com.samsung.health.oxygen_saturation.binning.json,100.0,87.0,96.0,,UTC-0300,tWUO8ZL77Z,,com.sec.android.app.shealth,2025-12-08 10:46:00.000,eabd3821-2012-4bba-8425-c8c377982563,,
,,31301,96,63060051,2025-12-09 05:35:00.000,,63060051,2025-12-09 09:08:23.833,2025-12-09 09:08:23.833,,106,4a1c3ec1-d90b-4c37-b93b-6ffb9257bb74.com.samsung.health.oxygen_saturation.binning.json,100.0,87.0,94.0,,UTC-0300,tWUO8ZL77Z,,com.sec.android.app.shealth,2025-12-09 09:08:00.000,4a1c3ec1-d90b-4c37-b93b-6ffb9257bb74,,
,,31301,94,63060051,2025-12-09 09:18:00.000,,63060051,2025-12-09 10:28:34.188,2025-12-09 10:28:34.188,,39,ea79cb31-6223-41df-aabe-b4e755687cb2.com.samsung.health.oxygen_saturation.binning.json,100.0,75.0,95.0,,UTC-0300,tWUO8ZL77Z,,com.sec.android.app.shealth,2025-12-09 10:07:00.000,ea79cb31-6223-41df-aabe-b4e755687cb2,,
,,31301,80,63060051,2025-12-10 02:39:00.000,,63060051,2025-12-10 04:07:37.678,2025-12-10 04:07:37.678,,49,cab401d9-47d5-47d5-af34-0b2288c3d233.com.samsung.health.oxygen_saturation.binning.json,100.0,86.0,94.0,,UTC-0300,tWUO8ZL77Z,,com.sec.android.app.shealth,2025-12-10 03:40:00.000,cab401d9-47d5-47d5-af34-0b2288c3d233,,
,,31301,85,63060051,2025-12-10 04:10:00.000,,63060051,2025-12-10 09:04:10.978,2025-12-10 09:04:10.978,,3,cada0e54-ee35-46f8-90cc-18b44ef765e1.com.samsung.health.oxygen_saturation.binning.json,100.0,89.0,96.0,,UTC-0300,tWUO8ZL77Z,,com.sec.android.app.shealth,2025-12-10 08:41:00.000,cada0e54-ee35-46f8-90cc-18b44ef765e1,,
,,31301,96,63060051,2025-12-11 03:28:00.000,,63060051,2025-12-11 10:42:55.343,2025-12-11 10:42:55.343,,15,8b1bdd42-db10-4524-9708-d1f3855f774e.com.samsung.health.oxygen_saturation.binning.json,100.0,87.0,96.0,,UTC-0300,tWUO8ZL77Z,,com.sec.android.app.shealth,2025-12-11 10:18:00.000,8b1bdd42-db10-4524-9708-d1f3855f774e,,
,,31301,94,63060051,2025-12-12 04:17:00.000,,63060051,2025-12-12 10:31:56.325,2025-12-12 10:31:56.325,,46,7707359b-1e87-4a4e-9553-869c046726d5.com.samsung.health.oxygen_saturation.binning.json,100.0,87.0,96.0,,UTC-0300,tWUO8ZL77Z,,com.sec.android.app.shealth,2025-12-12 10:06:00.000,7707359b-1e87-4a4e-9553-869c046726d5,,
,,31301,96,63060051,2025-12-13 04:05:00.000,,63060051,2025-12-13 06:38:12.134,2025-12-13 06:38:12.134,,7,38e2650e-3b90-4863-ad3e-9f611cd56d52.com.samsung.health.oxygen_saturation.binning.json,100.0,89.0,97.0,,UTC-0300,tWUO8ZL77Z,,com.sec.android.app.shealth,2025-12-13 06:08:00.000,38e2650e-3b90-4863-ad3e-9f611cd56d52,,
,,31301,92,63060051,2025-12-13 06:45:00.000,,63060051,2025-12-13 10:21:50.301,2025-12-13 10:21:50.301,,21,38def0be-304d-4073-b527-85fe3e6416df.com.samsung.health.oxygen_saturation.binning.json,100.0,88.0,97.0,,UTC-0300,tWUO8ZL77Z,,com.sec.android.app.shealth,2025-12-13 09:58:00.000,38def0be-304d-4073-b527-85fe3e6416df,,
,,31301,97,63060051,2025-12-14 02:42:00.000,,63060051,2025-12-14 05:00:32.542,2025-12-14 05:00:32.542,,45,f33fbe80-e5ed-46e1-b01c-91e5bc511130.com.samsung.health.oxygen_saturation.binning.json,100.0,86.0,99.0,,UTC-0300,tWUO8ZL77Z,,com.sec.android.app.shealth,2025-12-14 04:34:00.000,f33fbe80-e5ed-46e1-b01c-91e5bc511130,,
,,31301,95,63060051,2025-12-14 06:36:00.000,,63060051,2025-12-14 10:06:06.869,2025-12-14 10:06:06.869,,0,7797490c-252d-4ee1-b1d3-58dffa410722.com.samsung.health.oxygen_saturation.binning.json,100.0,92.0,98.0,,UTC-0300,tWUO8ZL77Z,,com.sec.android.app.shealth,2025-12-14 09:43:00.000,7797490c-252d-4ee1-b1d3-58dffa410722,,
,,31301,93,63060051,2025-12-14 23:52:00.000,,63060051,2025-12-15 02:34:11.651,2025-12-15 02:34:11.651,,0,783d7ef7-c7c7-491b-9d23-df3129f36732.com.samsung.health.oxygen_saturation.binning.json,100.0,90.0,99.0,,UTC-0300,tWUO8ZL77Z,,com.sec.android.app.shealth,2025-12-15 02:34:00.000,783d7ef7-c7c7-491b-9d23-df3129f36732,,
,,31301,92,63060051,2025-12-15 03:14:00.000,,63060051,2025-12-15 10:20:58.273,2025-12-15 10:20:58.273,,0,3e101d00-2f12-4771-9972-d25758d5855b.com.samsung.health.oxygen_saturation.binning.json,100.0,90.0,97.0,,UTC-0300,tWUO8ZL77Z,,com.sec.android.app.shealth,2025-12-15 09:57:00.000,3e101d00-2f12-4771-9972-d25758d5855b,,
,,31301,83,63060051,2025-12-16 03:04:00.000,,63060051,2025-12-16 09:40:56.946,2025-12-16 09:40:56.946,,97,25d9680d-fcd7-4a97-b6dd-4dcc269836a4.com.samsung.health.oxygen_saturation.binning.json,100.0,86.0,95.0,,UTC-0300,tWUO8ZL77Z,,com.sec.android.app.shealth,2025-12-16 09:17:00.000,25d9680d-fcd7-4a97-b6dd-4dcc269836a4,,
,,31301,96,63060051,2025-12-17 03:25:00.000,,63060051,2025-12-17 09:32:43.319,2025-12-17 09:32:43.319,,2,7b9b2e7d-3c5f-43e4-a2e5-cbb34f9ce4d1.com.samsung.health.oxygen_saturation.binning.json,99.0,88.0,96.0,,UTC-0300,tWUO8ZL77Z,,com.sec.android.app.shealth,2025-12-17 09:09:00.000,7b9b2e7d-3c5f-43e4-a2e5-cbb34f9ce4d1,,
,,31301,94,63060051,2025-12-18 01:25:00.000,,63060051,2025-12-18 06:07:30.626,2025-12-18 06:07:30.626,,26,a7a67058-2367-4400-b96c-daf19dc5d561.com.samsung.health.oxygen_saturation.binning.json,100.0,88.0,97.0,,UTC-0300,tWUO8ZL77Z,,com.sec.android.app.shealth,2025-12-18 05:44:00.000,a7a67058-2367-4400-b96c-daf19dc5d561,,
,,31301,95,63060051,2025-12-18 06:55:00.000,,63060051,2025-12-18 10:49:14.804,2025-12-18 10:49:14.804,,39,0a23306e-2aaa-4d61-9640-8ce9e471e982.com.samsung.health.oxygen_saturation.binning.json,100.0,85.0,98.0,,UTC-0300,tWUO8ZL77Z,,com.sec.android.app.shealth,2025-12-18 10:24:00.000,0a23306e-2aaa-4d61-9640-8ce9e471e982,,
,,31301,95,63060051,2025-12-19 03:07:00.000,,63060051,2025-12-19 10:16:22.207,2025-12-19 10:16:22.207,,32,f1cb491b-71a1-457e-92d1-715363516c0e.com.samsung.health.oxygen_saturation.binning.json,100.0,87.0,97.0,,UTC-0300,tWUO8ZL77Z,,com.sec.android.app.shealth,2025-12-19 09:54:00.000,f1cb491b-71a1-457e-92d1-715363516c0e,,
,,31301,92,63060051,2025-12-20 02:58:00.000,,63060051,2025-12-20 09:07:58.293,2025-12-20 09:07:58.293,,220,64fcdf2c-a84b-457d-8b46-633cbca37d9b.com.samsung.health.oxygen_saturation.binning.json,99.0,77.0,95.0,,UTC-0300,tWUO8ZL77Z,,com.sec.android.app.shealth,2025-12-20 08:43:00.000,64fcdf2c-a84b-457d-8b46-633cbca37d9b,,
,,31301,83,63060051,2025-12-20 09:31:00.000,,63060051,2025-12-20 10:45:27.521,2025-12-20 10:45:27.521,,0,0c36661d-abd4-4edb-b003-cd3a39bcde2e.com.samsung.health.oxygen_saturation.binning.json,100.0,95.0,97.0,,UTC-0300,tWUO8ZL77Z,,com.sec.android.app.shealth,2025-12-20 10:24:00.000,0c36661d-abd4-4edb-b003-cd3a39bcde2e,,
,,31301,86,63060051,2025-12-21 05:37:00.000,,63060051,2025-12-21 09:51:18.809,2025-12-21 09:51:18.809,,77,6f1b0363-d373-49fc-b193-d16b1502b973.com.samsung.health.oxygen_saturation.binning.json,100.0,86.0,96.0,,UTC-0300,tWUO8ZL77Z,,com.sec.android.app.shealth,2025-12-21 09:26:00.000,6f1b0363-d373-49fc-b193-d16b1502b973,,
,,31301,87,63060051,2025-12-21 09:58:00.000,,63060051,2025-12-21 12:30:53.390,2025-12-21 12:30:53.390,,1,fef8411c-4794-4ae5-aa52-c5e81bcb5c64.com.samsung.health.oxygen_saturation.binning.json,100.0,88.0,97.0,,UTC-0300,tWUO8ZL77Z,,com.sec.android.app.shealth,2025-12-21 12:05:00.000,fef8411c-4794-4ae5-aa52-c5e81bcb5c64,,
,,31301,95,63060051,2025-12-22 06:02:00.000,,63060051,2025-12-22 09:17:42.402,2025-12-22 09:17:42.402,,1,628ca0bd-aa50-40d3-adba-8ab1c08dd236.com.samsung.health.oxygen_saturation.binning.json,100.0,87.0,98.0,,UTC-0300,tWUO8ZL77Z,,com.sec.android.app.shealth,2025-12-22 08:52:00.000,628ca0bd-aa50-40d3-adba-8ab1c08dd236,,
,,31301,96,63060051,2025-12-22 09:24:00.000,,63060051,2025-12-22 12:02:52.887,2025-12-22 12:02:52.887,,0,37c1cc6f-200a-477e-9eba-61b56ecaf48b.com.samsung.health.oxygen_saturation.binning.json,100.0,90.0,96.0,,UTC-0300,tWUO8ZL77Z,,com.sec.android.app.shealth,2025-12-22 11:40:00.000,37c1cc6f-200a-477e-9eba-61b56ecaf48b,,
,,31301,98,63070031,2025-12-23 08:04:00.000,,63070031,2025-12-23 10:42:40.489,2025-12-23 10:42:40.489,,0,4ca44f13-aead-4abd-a014-528078dca49c.com.samsung.health.oxygen_saturation.binning.json,98.0,91.0,96.0,,UTC-0300,tWUO8ZL77Z,,com.sec.android.app.shealth,2025-12-23 10:19:00.000,4ca44f13-aead-4abd-a014-528078dca49c,,
,,31301,95,63070031,2025-12-24 04:14:00.000,,63070031,2025-12-24 05:37:18.615,2025-12-24 05:37:18.615,,0,beef573c-ae29-4498-9bcc-18a6e596b673.com.samsung.health.oxygen_saturation.binning.json,99.0,91.0,95.0,,UTC-0300,tWUO8ZL77Z,,com.sec.android.app.shealth,2025-12-24 05:14:00.000,beef573c-ae29-4498-9bcc-18a6e596b673,,
,,31301,97,63070031,2025-12-24 05:46:00.000,,63070031,2025-12-24 07:54:45.076,2025-12-24 07:54:45.076,,0,5ce37315-7d09-4451-a297-94eb28f48214.com.samsung.health.oxygen_saturation.binning.json,100.0,90.0,98.0,,UTC-0300,tWUO8ZL77Z,,com.sec.android.app.shealth,2025-12-24 07:28:00.000,5ce37315-7d09-4451-a297-94eb28f48214,,
,,31301,94,63070031,2025-12-24 08:01:00.000,,63070031,2025-12-24 10:37:09.232,2025-12-24 10:37:09.232,,41,67d35ffe-2fbb-4de3-a7fb-dcb0fe6b3ba8.com.samsung.health.oxygen_saturation.binning.json,100.0,86.0,97.0,,UTC-0300,tWUO8ZL77Z,,com.sec.android.app.shealth,2025-12-24 10:17:00.000,67d35ffe-2fbb-4de3-a7fb-dcb0fe6b3ba8,,
,,31301,61,63070031,2025-12-25 04:28:00.000,,63070031,2025-12-25 11:20:01.499,2025-12-25 11:20:01.499,,265,92e4c5fe-085a-411c-94f5-6c58e9b0c0fc.com.samsung.health.oxygen_saturation.binning.json,100.0,78.0,96.0,,UTC-0300,tWUO8ZL77Z,,com.sec.android.app.shealth,2025-12-25 11:00:00.000,92e4c5fe-085a-411c-94f5-6c58e9b0c0fc,,
,,31301,87,63070031,2025-12-26 06:45:00.000,,63070031,2025-12-26 09:16:09.246,2025-12-26 09:16:09.246,,186,6e4782b1-0280-4e66-85da-e8b83f19ab43.com.samsung.health.oxygen_saturation.binning.json,99.0,86.0,95.0,,UTC-0300,tWUO8ZL77Z,,com.sec.android.app.shealth,2025-12-26 08:48:00.000,6e4782b1-0280-4e66-85da-e8b83f19ab43,,
,,31301,86,63070031,2025-12-27 04:08:00.000,,63070031,2025-12-27 09:57:15.707,2025-12-27 09:57:15.707,,278,c4408146-1647-44d2-b744-33ccbdfe6c49.com.samsung.health.oxygen_saturation.binning.json,100.0,78.0,96.0,,UTC-0300,tWUO8ZL77Z,,com.sec.android.app.shealth,2025-12-27 09:53:00.000,c4408146-1647-44d2-b744-33ccbdfe6c49,,
,,31301,95,63070031,2025-12-28 06:11:00.000,,63070031,2025-12-28 08:46:09.185,2025-12-28 08:46:09.185,,17,c23ceeed-1a84-42b3-bbc1-3e0f9f4e622a.com.samsung.health.oxygen_saturation.binning.json,100.0,89.0,96.0,,UTC-0300,tWUO8ZL77Z,,com.sec.android.app.shealth,2025-12-28 08:21:00.000,c23ceeed-1a84-42b3-bbc1-3e0f9f4e622a,,
,,31301,95,63070031,2025-12-28 09:08:00.000,,63070031,2025-12-28 10:57:28.043,2025-12-28 10:57:28.043,,31,f6c635da-4726-4ac8-a9d3-6121e0f36869.com.samsung.health.oxygen_saturation.binning.json,100.0,87.0,95.0,,UTC-0300,tWUO8ZL77Z,,com.sec.android.app.shealth,2025-12-28 10:33:00.000,f6c635da-4726-4ac8-a9d3-6121e0f36869,,
,,31301,95,63070031,2025-12-29 02:51:00.000,,63070031,2025-12-29 10:56:22.782,2025-12-29 10:56:22.782,,40,125bd21d-4904-47be-8273-4135201043d0.com.samsung.health.oxygen_saturation.binning.json,100.0,85.0,98.0,,UTC-0300,tWUO8ZL77Z,,com.sec.android.app.shealth,2025-12-29 10:48:00.000,125bd21d-4904-47be-8273-4135201043d0,,
,,31301,96,63070031,2025-12-30 05:09:00.000,,63070031,2025-12-30 08:41:10.737,2025-12-30 08:41:10.737,,33,abf36421-73cd-4b39-9a32-0c5e8cd381d8.com.samsung.health.oxygen_saturation.binning.json,100.0,87.0,97.0,,UTC-0300,tWUO8ZL77Z,,com.sec.android.app.shealth,2025-12-30 08:19:00.000,abf36421-73cd-4b39-9a32-0c5e8cd381d8,,
,,31301,89,63070031,2025-12-31 02:31:00.000,,63070031,2025-12-31 07:01:57.627,2025-12-31 07:01:57.627,,77,e94df399-aa3b-40ff-8e4a-67b1d7fafd38.com.samsung.health.oxygen_saturation.binning.json,100.0,84.0,98.0,,UTC-0300,tWUO8ZL77Z,,com.sec.android.app.shealth,2025-12-31 06:38:00.000,e94df399-aa3b-40ff-8e4a-67b1d7fafd38,,
,,31301,92,63070031,2025-12-31 09:00:00.000,,63070031,2025-12-31 10:23:43.710,2025-12-31 10:23:43.710,,14,b435e50f-d039-4e11-9857-78a7127019e1.com.samsung.health.oxygen_saturation.binning.json,100.0,88.0,96.0,,UTC-0300,tWUO8ZL77Z,,com.sec.android.app.shealth,2025-12-31 10:23:00.000,b435e50f-d039-4e11-9857-78a7127019e1,,
,,31301,85,63070031,2026-01-01 04:24:00.000,,63070031,2026-01-01 10:14:00.883,2026-01-01 10:14:00.883,,162,31c1600c-7bc8-40b5-b817-c9b3060f38f8.com.samsung.health.oxygen_saturation.binning.json,100.0,80.0,94.0,,UTC-0300,tWUO8ZL77Z,,com.sec.android.app.shealth,2026-01-01 09:50:00.000,31c1600c-7bc8-40b5-b817-c9b3060f38f8,,
,,31301,91,63070031,2026-01-02 01:57:00.000,,63070031,2026-01-02 07:36:56.540,2026-01-02 07:36:56.540,,237,076cafbb-7e9f-4cf5-909f-a8a4c6d04e8f.com.samsung.health.oxygen_saturation.binning.json,99.0,82.0,95.0,,UTC-0300,tWUO8ZL77Z,,com.sec.android.app.shealth,2026-01-02 07:14:00.000,076cafbb-7e9f-4cf5-909f-a8a4c6d04e8f,,
,,31301,90,63070031,2026-01-02 07:49:00.000,,63070031,2026-01-02 09:28:09.798,2026-01-02 09:28:09.798,,0,ec027cfd-736a-4a81-8978-65d0c2efab83.com.samsung.health.oxygen_saturation.binning.json,100.0,94.0,99.0,,UTC-0300,tWUO8ZL77Z,,com.sec.android.app.shealth,2026-01-02 09:28:00.000,ec027cfd-736a-4a81-8978-65d0c2efab83,,
,,31301,96,63070031,2026-01-04 05:21:00.000,,63070031,2026-01-04 07:42:47.755,2026-01-04 07:42:47.755,,0,9ef9caa8-4d29-4450-952e-fb44ff6be70f.com.samsung.health.oxygen_saturation.binning.json,99.0,91.0,96.0,,UTC-0300,tWUO8ZL77Z,,com.sec.android.app.shealth,2026-01-04 07:30:00.000,9ef9caa8-4d29-4450-952e-fb44ff6be70f,,
,,31301,88,63070031,2026-01-05 03:14:00.000,,63070031,2026-01-05 09:35:41.960,2026-01-05 09:35:41.960,,60,5f0f5cc7-9910-407d-9399-1311f1dff83f.com.samsung.health.oxygen_saturation.binning.json,100.0,81.0,98.0,,UTC-0300,tWUO8ZL77Z,,com.sec.android.app.shealth,2026-01-05 09:25:00.000,5f0f5cc7-9910-407d-9399-1311f1dff83f,,
,,31301,91,63070031,2026-01-06 05:01:00.000,,63070031,2026-01-06 09:10:00.203,2026-01-06 09:10:00.203,,54,46c3b939-1cd1-49e4-a004-1a377cf3fe1c.com.samsung.health.oxygen_saturation.binning.json,100.0,84.0,99.0,,UTC-0300,tWUO8ZL77Z,,com.sec.android.app.shealth,2026-01-06 09:07:00.000,46c3b939-1cd1-49e4-a004-1a377cf3fe1c,,
,,31301,83,63070031,2026-01-07 04:55:00.000,,63070031,2026-01-07 09:29:31.564,2026-01-07 09:29:31.564,,98,69964329-6f2e-42c7-9cff-16eed1f62649.com.samsung.health.oxygen_saturation.binning.json,100.0,82.0,96.0,,UTC-0300,tWUO8ZL77Z,,com.sec.android.app.shealth,2026-01-07 09:07:00.000,69964329-6f2e-42c7-9cff-16eed1f62649,,
,,31301,85,63070031,2026-01-08 04:13:00.000,,63070031,2026-01-08 09:35:55.179,2026-01-08 09:35:55.179,,27,8a4d983a-ce42-4291-b2ef-53ca51e1a6ca.com.samsung.health.oxygen_saturation.binning.json,100.0,88.0,97.0,,UTC-0300,tWUO8ZL77Z,,com.sec.android.app.shealth,2026-01-08 09:13:00.000,8a4d983a-ce42-4291-b2ef-53ca51e1a6ca,,
,,31301,95,63070031,2026-01-09 02:38:00.000,,63070031,2026-01-09 07:59:07.357,2026-01-09 07:59:07.357,,45,24bf1206-5485-49a0-ad35-218c471d908b.com.samsung.health.oxygen_saturation.binning.json,100.0,82.0,98.0,,UTC-0300,tWUO8ZL77Z,,com.sec.android.app.shealth,2026-01-09 07:58:00.000,24bf1206-5485-49a0-ad35-218c471d908b,,
,,31301,89,63070031,2026-01-09 08:02:00.000,,63070031,2026-01-09 09:21:32.488,2026-01-09 09:21:32.488,,0,b3d836db-6e15-45e9-89f5-fd20c85c7fe2.com.samsung.health.oxygen_saturation.binning.json,100.0,93.0,98.0,,UTC-0300,tWUO8ZL77Z,,com.sec.android.app.shealth,2026-01-09 08:56:00.000,b3d836db-6e15-45e9-89f5-fd20c85c7fe2,,
,,31301,94,63070031,2026-01-10 02:35:00.000,,63070031,2026-01-10 06:42:30.682,2026-01-10 06:42:30.682,,44,c25e896a-4eab-4628-b88e-bb491d93b51a.com.samsung.health.oxygen_saturation.binning.json,100.0,85.0,97.0,,UTC-0300,tWUO8ZL77Z,,com.sec.android.app.shealth,2026-01-10 06:36:00.000,c25e896a-4eab-4628-b88e-bb491d93b51a,,
,,31301,95,63070031,2026-01-11 03:31:00.000,,63070031,2026-01-11 09:45:21.453,2026-01-11 09:45:21.453,,32,eaad7715-5c11-4f66-8018-00409dfb0244.com.samsung.health.oxygen_saturation.binning.json,100.0,87.0,98.0,,UTC-0300,tWUO8ZL77Z,,com.sec.android.app.shealth,2026-01-11 09:38:00.000,eaad7715-5c11-4f66-8018-00409dfb0244,,
,,31301,86,63070031,2026-01-13 01:55:00.000,,63070031,2026-01-13 07:45:55.648,2026-01-13 07:45:55.648,,135,18a71efc-2143-4bef-ae65-59cce17018e9.com.samsung.health.oxygen_saturation.binning.json,100.0,83.0,97.0,,UTC-0300,tWUO8ZL77Z,,com.sec.android.app.shealth,2026-01-13 07:23:00.000,18a71efc-2143-4bef-ae65-59cce17018e9,,
,,31301,81,63070031,2026-01-13 07:43:00.000,,63070031,2026-01-13 10:17:45.748,2026-01-13 10:17:45.748,,69,db23a521-b0e2-41a1-b61a-91caa655044f.com.samsung.health.oxygen_saturation.binning.json,99.0,76.0,96.0,,UTC-0300,tWUO8ZL77Z,,com.sec.android.app.shealth,2026-01-13 10:16:00.000,db23a521-b0e2-41a1-b61a-91caa655044f,,
,,31301,77,63070031,2026-01-14 00:37:00.000,,63070031,2026-01-14 04:21:34.897,2026-01-14 04:21:34.897,,106,c24223b7-a1c2-403e-aa7e-0b92ac717f0f.com.samsung.health.oxygen_saturation.binning.json,100.0,87.0,96.0,,UTC-0300,tWUO8ZL77Z,,com.sec.android.app.shealth,2026-01-14 03:56:00.000,c24223b7-a1c2-403e-aa7e-0b92ac717f0f,,
,,31301,95,63070031,2026-01-14 05:40:00.000,,63070031,2026-01-14 09:02:09.303,2026-01-14 09:02:09.303,,370,0f0a26f5-abf6-41d8-b826-b6c6263c40fb.com.samsung.health.oxygen_saturation.binning.json,100.0,73.0,97.0,,UTC-0300,tWUO8ZL77Z,,com.sec.android.app.shealth,2026-01-14 09:02:00.000,0f0a26f5-abf6-41d8-b826-b6c6263c40fb,,
,,31301,93,63070031,2026-01-15 01:09:00.000,,63070031,2026-01-15 09:40:13.378,2026-01-15 09:40:13.378,,60,1005085b-6a79-4b4e-9e60-fe506644e27d.com.samsung.health.oxygen_saturation.binning.json,100.0,83.0,98.0,,UTC-0300,tWUO8ZL77Z,,com.sec.android.app.shealth,2026-01-15 09:40:00.000,1005085b-6a79-4b4e-9e60-fe506644e27d,,
,,31301,96,63070031,2026-01-16 02:52:00.000,,63070031,2026-01-16 04:56:18.327,2026-01-16 04:56:18.327,,0,aeb29492-f5c8-48ee-b323-998b9e4bc297.com.samsung.health.oxygen_saturation.binning.json,100.0,94.0,98.0,,UTC-0300,tWUO8ZL77Z,,com.sec.android.app.shealth,2026-01-16 04:26:00.000,aeb29492-f5c8-48ee-b323-998b9e4bc297,,
,,31301,88,63070031,2026-01-16 06:11:00.000,,63070031,2026-01-16 09:13:04.685,2026-01-16 09:13:04.685,,52,2bc61d84-2907-4638-a30a-efa6e8fb4c74.com.samsung.health.oxygen_saturation.binning.json,100.0,87.0,96.0,,UTC-0300,tWUO8ZL77Z,,com.sec.android.app.shealth,2026-01-16 09:06:00.000,2bc61d84-2907-4638-a30a-efa6e8fb4c74,,
,,31301,95,63070031,2026-01-17 03:04:00.000,,63070031,2026-01-17 07:14:36.610,2026-01-17 07:14:36.610,,1,b590193f-998a-4517-a0d8-ad86a8fc2206.com.samsung.health.oxygen_saturation.binning.json,100.0,89.0,96.0,,UTC-0300,tWUO8ZL77Z,,com.sec.android.app.shealth,2026-01-17 07:09:00.000,b590193f-998a-4517-a0d8-ad86a8fc2206,,
,,31301,95,63070031,2026-01-17 07:20:00.000,,63070031,2026-01-17 08:58:53.893,2026-01-17 08:58:53.893,,11,20c577dc-3e3b-4884-966f-5926feb660c8.com.samsung.health.oxygen_saturation.binning.json,100.0,89.0,98.0,,UTC-0300,tWUO8ZL77Z,,com.sec.android.app.shealth,2026-01-17 08:36:00.000,20c577dc-3e3b-4884-966f-5926feb660c8,,
,,31301,95,63070031,2026-01-17 08:59:00.000,,63070031,2026-01-17 09:59:08.758,2026-01-17 09:59:08.758,,0,66fa079d-455a-4092-83ca-f3c8c7c1c048.com.samsung.health.oxygen_saturation.binning.json,100.0,96.0,98.0,,UTC-0300,tWUO8ZL77Z,,com.sec.android.app.shealth,2026-01-17 09:59:00.000,66fa079d-455a-4092-83ca-f3c8c7c1c048,,
,,31301,92,63070031,2026-01-18 04:00:00.000,,63070031,2026-01-18 10:17:46.804,2026-01-18 10:17:46.804,,122,80871df5-46c2-4bda-a02d-340aadeb2743.com.samsung.health.oxygen_saturation.binning.json,100.0,85.0,97.0,,UTC-0300,tWUO8ZL77Z,,com.sec.android.app.shealth,2026-01-18 10:07:00.000,80871df5-46c2-4bda-a02d-340aadeb2743,,
,,31301,90,63070031,2026-01-19 04:48:00.000,,63070031,2026-01-19 11:01:18.213,2026-01-19 11:01:18.213,,81,065a955c-ac13-4cb1-b2eb-b28387bf0577.com.samsung.health.oxygen_saturation.binning.json,98.0,75.0,95.0,,UTC-0300,tWUO8ZL77Z,,com.sec.android.app.shealth,2026-01-19 10:49:00.000,065a955c-ac13-4cb1-b2eb-b28387bf0577,,
,,31301,86,63070031,2026-01-20 04:39:00.000,,63070031,2026-01-20 08:49:30.641,2026-01-20 08:49:30.641,,9,c866284a-6f5a-44df-8964-4f7d46d19fbe.com.samsung.health.oxygen_saturation.binning.json,100.0,83.0,97.0,,UTC-0300,tWUO8ZL77Z,,com.sec.android.app.shealth,2026-01-20 08:25:00.000,c866284a-6f5a-44df-8964-4f7d46d19fbe,,
,,31301,67,63070031,2026-01-20 08:51:00.000,,63070031,2026-01-20 09:31:31.113,2026-01-20 09:31:31.113,,22,65f94146-9d4d-456d-8559-0b321d387943.com.samsung.health.oxygen_saturation.binning.json,100.0,85.0,96.0,,UTC-0300,tWUO8ZL77Z,,com.sec.android.app.shealth,2026-01-20 09:31:00.000,65f94146-9d4d-456d-8559-0b321d387943,,
,,31301,89,63070031,2026-01-20 09:36:00.000,,63070031,2026-01-20 10:10:42.519,2026-01-20 10:10:42.519,,0,cebdfc1e-329b-4990-8594-8a880a06e11e.com.samsung.health.oxygen_saturation.binning.json,100.0,93.0,97.0,,UTC-0300,tWUO8ZL77Z,,com.sec.android.app.shealth,2026-01-20 09:48:00.000,cebdfc1e-329b-4990-8594-8a880a06e11e,,
,,31301,90,63070031,2026-01-21 05:53:00.000,,63070031,2026-01-21 10:07:36.140,2026-01-21 10:07:36.140,,0,c1deb1bc-f558-482b-aac4-57315adb8a02.com.samsung.health.oxygen_saturation.binning.json,100.0,91.0,99.0,,UTC-0300,tWUO8ZL77Z,,com.sec.android.app.shealth,2026-01-21 10:02:00.000,c1deb1bc-f558-482b-aac4-57315adb8a02,,
,,31301,93,63070031,2026-01-22 06:33:00.000,,63070031,2026-01-22 08:17:20.394,2026-01-22 08:17:20.394,,1,9fbe08e5-bbf0-41a9-b6b5-9d728a6ee249.com.samsung.health.oxygen_saturation.binning.json,100.0,89.0,97.0,,UTC-0300,tWUO8ZL77Z,,com.sec.android.app.shealth,2026-01-22 07:53:00.000,9fbe08e5-bbf0-41a9-b6b5-9d728a6ee249,,
,,31301,90,63070031,2026-01-22 08:17:00.000,,63070031,2026-01-22 11:58:20.703,2026-01-22 11:58:20.703,,136,0f41f194-ccf7-4422-b3cd-8eb1190cd1b5.com.samsung.health.oxygen_saturation.binning.json,100.0,81.0,99.0,,UTC-0300,tWUO8ZL77Z,,com.sec.android.app.shealth,2026-01-22 11:42:00.000,0f41f194-ccf7-4422-b3cd-8eb1190cd1b5,,
,,,,63070030,2025-11-10 02:12:00.000,,63070030,2026-01-22 12:20:40.078,2026-01-22 12:20:40.078,,,,,,98.0,,UTC-0300,R5wtjjS0Fd,,com.withings.wiscale2,2025-11-10 02:12:00.001,d4e04459-644f-4286-bfc4-db9aecb9d121,,
,,,,63070030,2025-11-12 03:04:00.000,,63070030,2026-01-22 12:20:40.098,2026-01-22 12:20:40.098,,,,,,97.0,,UTC-0300,R5wtjjS0Fd,,com.withings.wiscale2,2025-11-12 03:04:00.001,cca23e1f-207c-4321-8067-4a3fe922891f,,
,,,,63070030,2025-11-12 07:05:00.000,,63070030,2026-01-22 12:20:40.115,2026-01-22 12:20:40.115,,,,,,96.0,,UTC-0300,R5wtjjS0Fd,,com.withings.wiscale2,2025-11-12 07:05:00.001,b0539ce9-8335-4212-9550-759ca9148f40,,
,,,,63070030,2025-11-13 04:21:00.000,,63070030,2026-01-22 12:20:40.137,2026-01-22 12:20:40.137,,,,,,98.0,,UTC-0300,R5wtjjS0Fd,,com.withings.wiscale2,2025-11-13 04:21:00.001,81dc9940-c7a6-4f50-9570-e36f1b28379c,,
,,,,63070030,2025-11-14 02:08:00.000,,63070030,2026-01-22 12:20:40.152,2026-01-22 12:20:40.152,,,,,,96.0,,UTC-0300,R5wtjjS0Fd,,com.withings.wiscale2,2025-11-14 02:08:00.001,858a922c-b93a-4987-83b9-dd18aaa91446,,
,,,,63070030,2025-11-14 03:54:00.000,,63070030,2026-01-22 12:20:40.171,2026-01-22 12:20:40.171,,,,,,96.0,,UTC-0300,R5wtjjS0Fd,,com.withings.wiscale2,2025-11-14 03:54:00.001,8d283ad2-d13a-4e2b-b81a-9c4cc9b4ca6c,,
,,,,63070030,2025-11-15 04:45:00.000,,63070030,2026-01-22 12:20:40.192,2026-01-22 12:20:40.192,,,,,,97.0,,UTC-0300,R5wtjjS0Fd,,com.withings.wiscale2,2025-11-15 04:45:00.001,3202a7ef-31e3-41ff-b263-28f0b8b9c398,,
,,,,63070030,2025-11-15 07:43:00.000,,63070030,2026-01-22 12:20:40.213,2026-01-22 12:20:40.213,,,,,,96.0,,UTC-0300,R5wtjjS0Fd,,com.withings.wiscale2,2025-11-15 07:43:00.001,071c9e86-fc7b-4a9a-a623-c25e9745f9fb,,
,,,,63070030,2025-11-16 03:45:00.000,,63070030,2026-01-22 12:20:40.240,2026-01-22 12:20:40.240,,,,,,96.0,,UTC-0300,R5wtjjS0Fd,,com.withings.wiscale2,2025-11-16 03:45:00.001,53384f43-1a46-4722-98eb-8dc1b0268989,,
,,,,63070030,2025-11-16 06:40:00.000,,63070030,2026-01-22 12:20:40.284,2026-01-22 12:20:40.284,,,,,,94.0,,UTC-0300,R5wtjjS0Fd,,com.withings.wiscale2,2025-11-16 06:40:00.001,43e6817a-00aa-402c-abd2-842bb68d780f,,
,,,,63070030,2025-11-17 04:02:00.000,,63070030,2026-01-22 12:20:40.310,2026-01-22 12:20:40.310,,,,,,96.0,,UTC-0300,R5wtjjS0Fd,,com.withings.wiscale2,2025-11-17 04:02:00.001,20580d19-fa2a-490a-9051-9c39c8c1f7ca,,
,,,,63070030,2025-11-17 06:17:00.000,,63070030,2026-01-22 12:20:40.331,2026-01-22 12:20:40.331,,,,,,97.0,,UTC-0300,R5wtjjS0Fd,,com.withings.wiscale2,2025-11-17 06:17:00.001,5cc14b98-431e-4aa4-b45c-8372eb9b42fd,,
,,,,63070030,2025-11-18 01:52:00.000,,63070030,2026-01-22 12:20:40.362,2026-01-22 12:20:40.362,,,,,,97.0,,UTC-0300,R5wtjjS0Fd,,com.withings.wiscale2,2025-11-18 01:52:00.001,36fc9977-7087-4e05-8f0f-93bb076d6990,,
,,,,63070030,2025-11-19 04:54:00.000,,63070030,2026-01-22 12:20:40.388,2026-01-22 12:20:40.388,,,,,,97.0,,UTC-0300,R5wtjjS0Fd,,com.withings.wiscale2,2025-11-19 04:54:00.001,ef4c37fa-eafd-4ba2-9d04-d4555e29a4c0,,
,,,,63070030,2025-11-20 01:41:00.000,,63070030,2026-01-22 12:20:40.409,2026-01-22 12:20:40.409,,,,,,96.0,,UTC-0300,R5wtjjS0Fd,,com.withings.wiscale2,2025-11-20 01:41:00.001,1c158226-5323-419b-bafc-9cccc9cb2611,,
,,,,63070030,2025-11-21 03:24:00.000,,63070030,2026-01-22 12:20:40.449,2026-01-22 12:20:40.449,,,,,,97.0,,UTC-0300,R5wtjjS0Fd,,com.withings.wiscale2,2025-11-21 03:24:00.001,d4ae70f8-cb50-4772-98f4-b4767b64d7c3,,
,,,,63070030,2025-11-21 06:13:00.000,,63070030,2026-01-22 12:20:40.466,2026-01-22 12:20:40.466,,,,,,97.0,,UTC-0300,R5wtjjS0Fd,,com.withings.wiscale2,2025-11-21 06:13:00.001,cb816c0c-7fc9-49d3-8c49-c5d84e28cfac,,
,,,,63070030,2025-11-22 02:38:00.000,,63070030,2026-01-22 12:20:40.481,2026-01-22 12:20:40.481,,,,,,96.0,,UTC-0300,R5wtjjS0Fd,,com.withings.wiscale2,2025-11-22 02:38:00.001,561142c9-d98e-4c17-973f-c49a16725b90,,
,,,,63070030,2025-11-22 02:38:00.000,,63070030,2026-01-22 12:20:40.497,2026-01-22 12:20:40.497,,,,,,90.0,,UTC-0300,R5wtjjS0Fd,,com.withings.wiscale2,2025-11-22 02:38:00.001,d3f20e68-78f5-4956-8acc-8dfe46ce303c,,
,,,,63070030,2025-11-22 09:05:00.000,,63070030,2026-01-22 12:20:40.510,2026-01-22 12:20:40.510,,,,,,96.0,,UTC-0300,R5wtjjS0Fd,,com.withings.wiscale2,2025-11-22 09:05:00.001,c1fd32f5-064c-4aea-a244-c046d95e620f,,
,,,,63070030,2025-11-23 04:54:00.000,,63070030,2026-01-22 12:20:40.527,2026-01-22 12:20:40.527,,,,,,95.0,,UTC-0300,R5wtjjS0Fd,,com.withings.wiscale2,2025-11-23 04:54:00.001,187146ec-f787-4284-b0d2-af4972b94c74,,
,,,,63070030,2025-11-24 01:37:00.000,,63070030,2026-01-22 12:20:40.540,2026-01-22 12:20:40.540,,,,,,97.0,,UTC-0300,R5wtjjS0Fd,,com.withings.wiscale2,2025-11-24 01:37:00.001,97f489b2-43ed-4d7c-bdde-9e067b6175e8,,
,,,,63070030,2025-11-24 07:43:00.000,,63070030,2026-01-22 12:20:40.566,2026-01-22 12:20:40.566,,,,,,96.0,,UTC-0300,R5wtjjS0Fd,,com.withings.wiscale2,2025-11-24 07:43:00.001,626e38d3-3344-44b0-b654-e1ed6ce1ffbf,,
,,,,63070030,2025-11-25 04:00:00.000,,63070030,2026-01-22 12:20:40.592,2026-01-22 12:20:40.592,,,,,,95.0,,UTC-0300,R5wtjjS0Fd,,com.withings.wiscale2,2025-11-25 04:00:00.001,d043ceae-25da-4853-94b0-332c79ed5a51,,
,,,,63070030,2025-11-26 01:53:00.000,,63070030,2026-01-22 12:20:40.606,2026-01-22 12:20:40.606,,,,,,97.0,,UTC-0300,R5wtjjS0Fd,,com.withings.wiscale2,2025-11-26 01:53:00.001,c0a6b0bf-017a-472f-b45c-0d1910470336,,
,,,,63070030,2025-11-27 05:36:00.000,,63070030,2026-01-22 12:20:40.622,2026-01-22 12:20:40.622,,,,,,97.0,,UTC-0300,R5wtjjS0Fd,,com.withings.wiscale2,2025-11-27 05:36:00.001,1986e9dd-0519-474e-b8a8-1a2b517f1541,,
,,,,63070030,2025-11-27 09:04:00.000,,63070030,2026-01-22 12:20:40.647,2026-01-22 12:20:40.647,,,,,,97.0,,UTC-0300,R5wtjjS0Fd,,com.withings.wiscale2,2025-11-27 09:04:00.001,ea1f4ba6-7d2d-4edc-9096-d4a245edfa1b,,
,,,,63070030,2025-11-29 04:03:00.000,,63070030,2026-01-22 12:20:40.666,2026-01-22 12:20:40.666,,,,,,98.0,,UTC-0300,R5wtjjS0Fd,,com.withings.wiscale2,2025-11-29 04:03:00.001,4a45b1c8-f10a-4936-aa4a-3c8c0105228a,,
,,,,63070030,2025-11-28 03:56:00.000,,63070030,2026-01-22 12:20:40.681,2026-01-22 12:20:40.681,,,,,,97.0,,UTC-0300,R5wtjjS0Fd,,com.withings.wiscale2,2025-11-28 03:56:00.001,83a0ae96-0d62-4674-9f77-fe4fc3a852a8,,
,,,,63070030,2025-12-01 02:45:00.000,,63070030,2026-01-22 12:20:40.714,2026-01-22 12:20:40.714,,,,,,96.0,,UTC-0300,R5wtjjS0Fd,,com.withings.wiscale2,2025-12-01 02:45:00.001,ef18db20-a576-4599-a306-a9c3a993cda4,,
,,,,63070030,2025-12-02 08:09:00.000,,63070030,2026-01-22 12:20:40.735,2026-01-22 12:20:40.735,,,,,,95.0,,UTC-0300,R5wtjjS0Fd,,com.withings.wiscale2,2025-12-02 08:09:00.001,d8317775-5cfb-49ec-b9fc-d90293eeda5f,,
,,,,63070030,2025-12-02 04:14:00.000,,63070030,2026-01-22 12:20:40.750,2026-01-22 12:20:40.750,,,,,,96.0,,UTC-0300,R5wtjjS0Fd,,com.withings.wiscale2,2025-12-02 04:14:00.001,8a5a315e-b6e0-480f-9c7b-48daeaef08e4,,
,,,,63070030,2025-12-04 03:07:00.000,,63070030,2026-01-22 12:20:40.766,2026-01-22 12:20:40.766,,,,,,96.0,,UTC-0300,R5wtjjS0Fd,,com.withings.wiscale2,2025-12-04 03:07:00.001,faaa8eeb-43d6-4f96-9b92-613c05c82f24,,
,,,,63070030,2025-12-03 02:25:00.000,,63070030,2026-01-22 12:20:40.783,2026-01-22 12:20:40.783,,,,,,97.0,,UTC-0300,R5wtjjS0Fd,,com.withings.wiscale2,2025-12-03 02:25:00.001,631354b6-b38f-4077-ac50-248927c9454f,,
,,,,63070030,2025-12-04 09:58:00.000,,63070030,2026-01-22 12:20:40.797,2026-01-22 12:20:40.797,,,,,,99.0,,UTC-0300,R5wtjjS0Fd,,com.withings.wiscale2,2025-12-04 09:58:00.001,ed57d335-1efd-474e-8669-537271ed66e8,,
,,,,63070030,2025-12-06 04:24:00.000,,63070030,2026-01-22 12:20:40.810,2026-01-22 12:20:40.810,,,,,,96.0,,UTC-0300,R5wtjjS0Fd,,com.withings.wiscale2,2025-12-06 04:24:00.001,c6c14bcb-ded0-422f-a03d-5f382b2a01f7,,
,,,,63070030,2025-12-06 06:12:00.000,,63070030,2026-01-22 12:20:40.830,2026-01-22 12:20:40.830,,,,,,96.0,,UTC-0300,R5wtjjS0Fd,,com.withings.wiscale2,2025-12-06 06:12:00.001,191747fe-5bf0-435f-bb83-8c9f251b5d9e,,
,,,,63070030,2025-12-07 06:20:00.000,,63070030,2026-01-22 12:20:40.849,2026-01-22 12:20:40.849,,,,,,96.0,,UTC-0300,R5wtjjS0Fd,,com.withings.wiscale2,2025-12-07 06:20:00.001,44b32448-3039-4ba5-accd-c57c8e208ead,,
,,,,63070030,2025-12-08 04:45:00.000,,63070030,2026-01-22 12:20:40.865,2026-01-22 12:20:40.865,,,,,,96.0,,UTC-0300,R5wtjjS0Fd,,com.withings.wiscale2,2025-12-08 04:45:00.001,b61ccedf-d2d3-4039-b131-5fb7f0a7fb16,,
,,,,63070030,2025-12-09 05:35:00.000,,63070030,2026-01-22 12:20:40.877,2026-01-22 12:20:40.877,,,,,,94.0,,UTC-0300,R5wtjjS0Fd,,com.withings.wiscale2,2025-12-09 05:35:00.001,fa65fb14-1136-43b9-8aa4-be06c40e0a4e,,
,,,,63070030,2025-12-09 09:18:00.000,,63070030,2026-01-22 12:20:40.895,2026-01-22 12:20:40.895,,,,,,95.0,,UTC-0300,R5wtjjS0Fd,,com.withings.wiscale2,2025-12-09 09:18:00.001,22b3597c-603e-4fe4-a7b5-29d845c3de5f,,
,,,,63070030,2025-12-10 02:39:00.000,,63070030,2026-01-22 12:20:40.907,2026-01-22 12:20:40.907,,,,,,94.0,,UTC-0300,R5wtjjS0Fd,,com.withings.wiscale2,2025-12-10 02:39:00.001,9d772698-2c66-40b6-9121-7e300d3114da,,
,,,,63070030,2025-12-10 04:10:00.000,,63070030,2026-01-22 12:20:40.919,2026-01-22 12:20:40.919,,,,,,96.0,,UTC-0300,R5wtjjS0Fd,,com.withings.wiscale2,2025-12-10 04:10:00.001,12e8a665-99f0-447e-9f60-61a239747b20,,
,,,,63070030,2025-12-11 03:28:00.000,,63070030,2026-01-22 12:20:40.933,2026-01-22 12:20:40.933,,,,,,96.0,,UTC-0300,R5wtjjS0Fd,,com.withings.wiscale2,2025-12-11 03:28:00.001,5180f82d-4663-4969-b649-a11df4b665dc,,
,,,,63070030,2025-12-12 04:17:00.000,,63070030,2026-01-22 12:20:40.945,2026-01-22 12:20:40.945,,,,,,96.0,,UTC-0300,R5wtjjS0Fd,,com.withings.wiscale2,2025-12-12 04:17:00.001,4a1e666d-a9e6-4de6-af81-39a716ec57d7,,
,,,,63070030,2025-12-13 06:45:00.000,,63070030,2026-01-22 12:20:40.966,2026-01-22 12:20:40.966,,,,,,97.0,,UTC-0300,R5wtjjS0Fd,,com.withings.wiscale2,2025-12-13 06:45:00.001,f2e8083f-ccb5-4506-9f0d-055d2d28206c,,
,,,,63070030,2025-12-13 04:05:00.000,,63070030,2026-01-22 12:20:40.981,2026-01-22 12:20:40.981,,,,,,97.0,,UTC-0300,R5wtjjS0Fd,,com.withings.wiscale2,2025-12-13 04:05:00.001,3bfeb236-8419-4ee9-86dc-6bce461ce5b5,,
,,,,63070030,2025-12-14 02:42:00.000,,63070030,2026-01-22 12:20:40.997,2026-01-22 12:20:40.997,,,,,,99.0,,UTC-0300,R5wtjjS0Fd,,com.withings.wiscale2,2025-12-14 02:42:00.001,3be3b142-526b-4719-a25e-438c519558cb,,
,,,,63070030,2025-12-14 06:36:00.000,,63070030,2026-01-22 12:20:41.011,2026-01-22 12:20:41.011,,,,,,98.0,,UTC-0300,R5wtjjS0Fd,,com.withings.wiscale2,2025-12-14 06:36:00.001,28e31280-2bf4-44bf-b30b-bf0aef6da2f6,,
,,,,63070030,2025-12-14 23:52:00.000,,63070030,2026-01-22 12:20:41.025,2026-01-22 12:20:41.025,,,,,,99.0,,UTC-0300,R5wtjjS0Fd,,com.withings.wiscale2,2025-12-14 23:52:00.001,67f3bd4b-e8c9-4daa-937f-4d96cf4cda87,,
,,,,63070030,2025-12-15 03:14:00.000,,63070030,2026-01-22 12:20:41.034,2026-01-22 12:20:41.034,,,,,,97.0,,UTC-0300,R5wtjjS0Fd,,com.withings.wiscale2,2025-12-15 03:14:00.001,0a3b2357-4b63-4f9a-a9e0-400b2eeedc2d,,
,,,,63070030,2025-12-16 03:04:00.000,,63070030,2026-01-22 12:20:41.049,2026-01-22 12:20:41.049,,,,,,95.0,,UTC-0300,R5wtjjS0Fd,,com.withings.wiscale2,2025-12-16 03:04:00.001,59fe0480-d81e-42e6-924a-83263b302562,,
,,,,63070030,2025-12-17 03:25:00.000,,63070030,2026-01-22 12:20:41.067,2026-01-22 12:20:41.067,,,,,,96.0,,UTC-0300,R5wtjjS0Fd,,com.withings.wiscale2,2025-12-17 03:25:00.001,963a7169-02af-43f8-b1bb-d99fa5760eb5,,
,,,,63070030,2025-12-18 01:25:00.000,,63070030,2026-01-22 12:20:41.087,2026-01-22 12:20:41.087,,,,,,97.0,,UTC-0300,R5wtjjS0Fd,,com.withings.wiscale2,2025-12-18 01:25:00.001,e3177ebd-c9bc-4015-bca6-dbee70ea9027,,
,,,,63070030,2025-12-19 03:07:00.000,,63070030,2026-01-22 12:20:41.098,2026-01-22 12:20:41.098,,,,,,97.0,,UTC-0300,R5wtjjS0Fd,,com.withings.wiscale2,2025-12-19 03:07:00.001,6f74b196-c46b-4327-b60e-ba37aab2cd1b,,
,,,,63070030,2025-12-18 06:55:00.000,,63070030,2026-01-22 12:20:41.109,2026-01-22 12:20:41.109,,,,,,98.0,,UTC-0300,R5wtjjS0Fd,,com.withings.wiscale2,2025-12-18 06:55:00.001,36fae1b0-f16a-4046-8da1-ef5f148dbfb5,,
,,,,63070030,2025-12-20 02:58:00.000,,63070030,2026-01-22 12:20:41.120,2026-01-22 12:20:41.120,,,,,,95.0,,UTC-0300,R5wtjjS0Fd,,com.withings.wiscale2,2025-12-20 02:58:00.001,2d9bbda8-ffd8-4e7a-88c9-b6856f423261,,
,,,,63070030,2025-12-20 09:31:00.000,,63070030,2026-01-22 12:20:41.130,2026-01-22 12:20:41.130,,,,,,97.0,,UTC-0300,R5wtjjS0Fd,,com.withings.wiscale2,2025-12-20 09:31:00.001,de6246e3-b6c7-4d90-af7d-189f09346699,,
,,,,63070030,2025-12-21 05:37:00.000,,63070030,2026-01-22 12:20:41.146,2026-01-22 12:20:41.146,,,,,,96.0,,UTC-0300,R5wtjjS0Fd,,com.withings.wiscale2,2025-12-21 05:37:00.001,7d8119fe-5284-4a30-8053-598f7636a478,,
,,,,63070030,2025-12-21 09:58:00.000,,63070030,2026-01-22 12:20:41.161,2026-01-22 12:20:41.161,,,,,,97.0,,UTC-0300,R5wtjjS0Fd,,com.withings.wiscale2,2025-12-21 09:58:00.001,ecc92f4e-4833-405a-b999-3360e69226a5,,
,,,,63070030,2025-12-22 09:24:00.000,,63070030,2026-01-22 12:20:41.180,2026-01-22 12:20:41.180,,,,,,96.0,,UTC-0300,R5wtjjS0Fd,,com.withings.wiscale2,2025-12-22 09:24:00.001,89ec2e4f-49b9-42c3-85c9-d24e3c119edc,,
,,,,63070030,2025-12-22 06:02:00.000,,63070030,2026-01-22 12:20:41.206,2026-01-22 12:20:41.206,,,,,,98.0,,UTC-0300,R5wtjjS0Fd,,com.withings.wiscale2,2025-12-22 06:02:00.001,450205de-d594-4fa1-9986-c336ed4dd7b4,,
,,,,63070030,2025-12-23 08:04:00.000,,63070030,2026-01-22 12:20:41.218,2026-01-22 12:20:41.218,,,,,,96.0,,UTC-0300,R5wtjjS0Fd,,com.withings.wiscale2,2025-12-23 08:04:00.001,9b1454a1-d868-4e92-b196-3816941d7a22,,
,,,,63070030,2025-12-24 04:14:00.000,,63070030,2026-01-22 12:20:41.246,2026-01-22 12:20:41.246,,,,,,95.0,,UTC-0300,R5wtjjS0Fd,,com.withings.wiscale2,2025-12-24 04:14:00.001,f4a21f68-b7cf-4d71-b52a-9fa2140ccd1a,,
,,,,63070030,2025-12-24 05:46:00.000,,63070030,2026-01-22 12:20:41.271,2026-01-22 12:20:41.271,,,,,,98.0,,UTC-0300,R5wtjjS0Fd,,com.withings.wiscale2,2025-12-24 05:46:00.001,832de2f0-018e-4dcf-9514-fef33dfbad08,,
,,,,63070030,2025-12-24 08:01:00.000,,63070030,2026-01-22 12:20:41.286,2026-01-22 12:20:41.286,,,,,,97.0,,UTC-0300,R5wtjjS0Fd,,com.withings.wiscale2,2025-12-24 08:01:00.001,6a3c4a0b-b634-4f64-9e66-a01fe28cfd85,,
,,,,63070030,2025-12-25 04:28:00.000,,63070030,2026-01-22 12:20:41.305,2026-01-22 12:20:41.305,,,,,,96.0,,UTC-0300,R5wtjjS0Fd,,com.withings.wiscale2,2025-12-25 04:28:00.001,bcb71d14-bb06-425b-889d-fbb0e7173437,,
,,,,63070030,2025-12-26 06:45:00.000,,63070030,2026-01-22 12:20:41.320,2026-01-22 12:20:41.320,,,,,,95.0,,UTC-0300,R5wtjjS0Fd,,com.withings.wiscale2,2025-12-26 06:45:00.001,2c983ef5-ff8b-4e36-8142-7e647355f2fd,,
,,,,63070030,2025-12-27 04:08:00.000,,63070030,2026-01-22 12:20:41.331,2026-01-22 12:20:41.331,,,,,,96.0,,UTC-0300,R5wtjjS0Fd,,com.withings.wiscale2,2025-12-27 04:08:00.001,e422c432-18f0-4aa7-a1e6-aacb512b33f2,,
,,,,63070030,2025-12-28 06:11:00.000,,63070030,2026-01-22 12:20:41.348,2026-01-22 12:20:41.348,,,,,,96.0,,UTC-0300,R5wtjjS0Fd,,com.withings.wiscale2,2025-12-28 06:11:00.001,95c4ee81-97a3-415b-b414-87902a018da0,,
,,,,63070030,2025-12-28 09:08:00.000,,63070030,2026-01-22 12:20:41.363,2026-01-22 12:20:41.363,,,,,,95.0,,UTC-0300,R5wtjjS0Fd,,com.withings.wiscale2,2025-12-28 09:08:00.001,fd5da8fd-fb4c-4228-b790-02ec703ca0d7,,
,,,,63070030,2025-12-29 02:51:00.000,,63070030,2026-01-22 12:20:41.384,2026-01-22 12:20:41.384,,,,,,98.0,,UTC-0300,R5wtjjS0Fd,,com.withings.wiscale2,2025-12-29 02:51:00.001,803ee1e1-7c82-4ee9-869b-e0ad65e4f037,,
,,,,63070030,2025-12-30 05:09:00.000,,63070030,2026-01-22 12:20:41.394,2026-01-22 12:20:41.394,,,,,,97.0,,UTC-0300,R5wtjjS0Fd,,com.withings.wiscale2,2025-12-30 05:09:00.001,1141131b-e502-4b91-bed5-a7a1569b0ce6,,
,,,,63070030,2025-12-31 02:31:00.000,,63070030,2026-01-22 12:20:41.408,2026-01-22 12:20:41.408,,,,,,98.0,,UTC-0300,R5wtjjS0Fd,,com.withings.wiscale2,2025-12-31 02:31:00.001,1808b712-c98e-4a76-85ee-f4307cadfa15,,
,,,,63070030,2025-12-31 09:00:00.000,,63070030,2026-01-22 12:20:41.415,2026-01-22 12:20:41.415,,,,,,96.0,,UTC-0300,R5wtjjS0Fd,,com.withings.wiscale2,2025-12-31 09:00:00.001,8931ce63-0736-4df0-9fe9-ecee53b7329e,,
,,,,63070030,2026-01-01 04:24:00.000,,63070030,2026-01-22 12:20:41.427,2026-01-22 12:20:41.427,,,,,,94.0,,UTC-0300,R5wtjjS0Fd,,com.withings.wiscale2,2026-01-01 04:24:00.001,cfc2618b-1512-411f-bef5-f52a48ad85df,,
,,,,63070030,2026-01-02 01:57:00.000,,63070030,2026-01-22 12:20:41.436,2026-01-22 12:20:41.436,,,,,,95.0,,UTC-0300,R5wtjjS0Fd,,com.withings.wiscale2,2026-01-02 01:57:00.001,a797cdb6-05c7-4e5a-9d3a-25c88ccd9736,,
,,,,63070030,2026-01-02 07:49:00.000,,63070030,2026-01-22 12:20:41.455,2026-01-22 12:20:41.455,,,,,,99.0,,UTC-0300,R5wtjjS0Fd,,com.withings.wiscale2,2026-01-02 07:49:00.001,9b09b74e-1dcb-43cb-b2f5-c7a946f72ba6,,
,,,,63070030,2026-01-04 05:21:00.000,,63070030,2026-01-22 12:20:41.466,2026-01-22 12:20:41.466,,,,,,96.0,,UTC-0300,R5wtjjS0Fd,,com.withings.wiscale2,2026-01-04 05:21:00.001,4ebd1bbc-05eb-4b26-8fcc-c693441af9af,,
,,,,63070030,2026-01-05 03:14:00.000,,63070030,2026-01-22 12:20:41.477,2026-01-22 12:20:41.477,,,,,,98.0,,UTC-0300,R5wtjjS0Fd,,com.withings.wiscale2,2026-01-05 03:14:00.001,3694d17c-30ec-4897-9f72-0e678032c8d2,,
,,,,63070030,2026-01-06 05:01:00.000,,63070030,2026-01-22 12:20:41.484,2026-01-22 12:20:41.484,,,,,,99.0,,UTC-0300,R5wtjjS0Fd,,com.withings.wiscale2,2026-01-06 05:01:00.001,894411a0-a01f-40ec-871b-8a764e667691,,
,,,,63070030,2026-01-07 04:55:00.000,,63070030,2026-01-22 12:20:41.498,2026-01-22 12:20:41.498,,,,,,96.0,,UTC-0300,R5wtjjS0Fd,,com.withings.wiscale2,2026-01-07 04:55:00.001,d97cbfe5-58fc-49d5-bc4c-77b5070b3d70,,
,,,,63070030,2026-01-09 02:38:00.000,,63070030,2026-01-22 12:20:41.504,2026-01-22 12:20:41.504,,,,,,98.0,,UTC-0300,R5wtjjS0Fd,,com.withings.wiscale2,2026-01-09 02:38:00.001,59ab80e4-3090-4d8c-bb0b-c71906daf5bd,,
,,,,63070030,2026-01-08 04:13:00.000,,63070030,2026-01-22 12:20:41.513,2026-01-22 12:20:41.513,,,,,,97.0,,UTC-0300,R5wtjjS0Fd,,com.withings.wiscale2,2026-01-08 04:13:00.001,ed3b2ea7-6ceb-4dcd-8055-e98e97b38175,,
,,,,63070030,2026-01-09 08:02:00.000,,63070030,2026-01-22 12:20:41.523,2026-01-22 12:20:41.523,,,,,,98.0,,UTC-0300,R5wtjjS0Fd,,com.withings.wiscale2,2026-01-09 08:02:00.001,ebcaf474-7faa-42f4-b859-6d7b6a9ca681,,
,,,,63070030,2026-01-10 02:35:00.000,,63070030,2026-01-22 12:20:41.534,2026-01-22 12:20:41.534,,,,,,97.0,,UTC-0300,R5wtjjS0Fd,,com.withings.wiscale2,2026-01-10 02:35:00.001,77b12144-160f-4704-a7e2-6380929fb613,,
,,,,63070030,2026-01-11 03:31:00.000,,63070030,2026-01-22 12:20:41.545,2026-01-22 12:20:41.545,,,,,,98.0,,UTC-0300,R5wtjjS0Fd,,com.withings.wiscale2,2026-01-11 03:31:00.001,537c5745-4d76-4293-9e1f-50f258dcb042,,
,,,,63070030,2026-01-13 01:55:00.000,,63070030,2026-01-22 12:20:41.552,2026-01-22 12:20:41.552,,,,,,97.0,,UTC-0300,R5wtjjS0Fd,,com.withings.wiscale2,2026-01-13 01:55:00.001,bec78f54-6bc7-4374-8f4a-b72639b54e98,,
,,,,63070030,2026-01-13 07:43:00.000,,63070030,2026-01-22 12:20:41.566,2026-01-22 12:20:41.566,,,,,,96.0,,UTC-0300,R5wtjjS0Fd,,com.withings.wiscale2,2026-01-13 07:43:00.001,bee124e5-6b5d-4165-a5f2-03a596df319c,,
,,,,63070030,2026-01-14 00:37:00.000,,63070030,2026-01-22 12:20:41.577,2026-01-22 12:20:41.577,,,,,,96.0,,UTC-0300,R5wtjjS0Fd,,com.withings.wiscale2,2026-01-14 00:37:00.001,5f783841-244a-47df-9587-523d0125a069,,
,,,,63070030,2026-01-14 05:40:00.000,,63070030,2026-01-22 12:20:41.591,2026-01-22 12:20:41.591,,,,,,97.0,,UTC-0300,R5wtjjS0Fd,,com.withings.wiscale2,2026-01-14 05:40:00.001,ece3b279-7ffc-4a04-827e-f79a1207cd64,,
,,,,63070030,2026-01-15 01:09:00.000,,63070030,2026-01-22 12:20:41.605,2026-01-22 12:20:41.605,,,,,,98.0,,UTC-0300,R5wtjjS0Fd,,com.withings.wiscale2,2026-01-15 01:09:00.001,8b5d1252-03f0-4a1d-ad14-6841e5b125ed,,
,,,,63070030,2026-01-16 02:52:00.000,,63070030,2026-01-22 12:20:41.629,2026-01-22 12:20:41.629,,,,,,98.0,,UTC-0300,R5wtjjS0Fd,,com.withings.wiscale2,2026-01-16 02:52:00.001,650b5361-8a78-46ee-bd26-15299fbf125c,,
,,,,63070030,2026-01-16 06:11:00.000,,63070030,2026-01-22 12:20:41.637,2026-01-22 12:20:41.637,,,,,,96.0,,UTC-0300,R5wtjjS0Fd,,com.withings.wiscale2,2026-01-16 06:11:00.001,3b492a43-d551-46a1-946d-f3dc28adae9d,,
,,,,63070030,2026-01-17 03:04:00.000,,63070030,2026-01-22 12:20:41.646,2026-01-22 12:20:41.646,,,,,,96.0,,UTC-0300,R5wtjjS0Fd,,com.withings.wiscale2,2026-01-17 03:04:00.001,ce549bcf-5edc-4984-8eb4-5bd88f8ea2c0,,
,,,,63070030,2026-01-17 07:20:00.000,,63070030,2026-01-22 12:20:41.656,2026-01-22 12:20:41.656,,,,,,98.0,,UTC-0300,R5wtjjS0Fd,,com.withings.wiscale2,2026-01-17 07:20:00.001,1388444d-07e1-4ed0-a10c-116677b15350,,
,,,,63070030,2026-01-17 08:59:00.000,,63070030,2026-01-22 12:20:41.664,2026-01-22 12:20:41.664,,,,,,98.0,,UTC-0300,R5wtjjS0Fd,,com.withings.wiscale2,2026-01-17 08:59:00.001,b5895ded-5a86-480d-837c-d36e7e604beb,,
,,,,63070030,2026-01-18 04:00:00.000,,63070030,2026-01-22 12:20:41.671,2026-01-22 12:20:41.671,,,,,,97.0,,UTC-0300,R5wtjjS0Fd,,com.withings.wiscale2,2026-01-18 04:00:00.001,8fad3f12-24df-4c97-ba94-c5f341dceb0d,,
,,,,63070030,2026-01-19 04:48:00.000,,63070030,2026-01-22 12:20:41.680,2026-01-22 12:20:41.680,,,,,,95.0,,UTC-0300,R5wtjjS0Fd,,com.withings.wiscale2,2026-01-19 04:48:00.001,caba7e8d-1ac1-43fe-936f-2d4f713ad353,,
,,,,63070030,2026-01-20 04:39:00.000,,63070030,2026-01-22 12:20:41.687,2026-01-22 12:20:41.687,,,,,,97.0,,UTC-0300,R5wtjjS0Fd,,com.withings.wiscale2,2026-01-20 04:39:00.001,16b0240a-5033-41f8-b245-52c607db7862,,
,,,,63070030,2026-01-20 09:36:00.000,,63070030,2026-01-22 12:20:41.696,2026-01-22 12:20:41.696,,,,,,97.0,,UTC-0300,R5wtjjS0Fd,,com.withings.wiscale2,2026-01-20 09:36:00.001,ae42045b-13e9-4c81-8d3c-247264575031,,
,,,,63070030,2026-01-20 08:51:00.000,,63070030,2026-01-22 12:20:41.710,2026-01-22 12:20:41.710,,,,,,96.0,,UTC-0300,R5wtjjS0Fd,,com.withings.wiscale2,2026-01-20 08:51:00.001,7a015da5-cf6d-447a-872e-92e61bdabe75,,
,,,,63070030,2026-01-21 05:53:00.000,,63070030,2026-02-05 00:16:08.961,2026-01-22 12:20:41.720,,,,,,99.0,,UTC-0300,R5wtjjS0Fd,,com.withings.wiscale2,2026-01-21 05:53:00.001,5831c4d2-9b6d-45f7-9cfe-9d509c394ac9,,
,,31301,96,63070031,2026-01-23 02:35:00.000,,63070031,2026-01-23 08:40:40.949,2026-01-23 08:40:40.949,,11,eec0ce79-949b-4c06-9f97-72b08113977f.com.samsung.health.oxygen_saturation.binning.json,100.0,85.0,97.0,,UTC-0300,tWUO8ZL77Z,,com.sec.android.app.shealth,2026-01-23 08:16:00.000,eec0ce79-949b-4c06-9f97-72b08113977f,,
,,31301,96,63070031,2026-01-23 08:36:00.000,,63070031,2026-01-23 09:57:51.327,2026-01-23 09:57:51.327,,16,96b80da0-4218-4b5b-a7f4-8ce1a9dd6247.com.samsung.health.oxygen_saturation.binning.json,100.0,87.0,96.0,,UTC-0300,tWUO8ZL77Z,,com.sec.android.app.shealth,2026-01-23 09:34:00.000,96b80da0-4218-4b5b-a7f4-8ce1a9dd6247,,
,,31301,94,63070031,2026-01-24 04:34:00.000,,63070031,2026-01-24 10:36:35.347,2026-01-24 10:36:35.347,,70,d0c9cef3-0249-493c-bcbc-d03507924d33.com.samsung.health.oxygen_saturation.binning.json,100.0,86.0,96.0,,UTC-0300,tWUO8ZL77Z,,com.sec.android.app.shealth,2026-01-24 10:12:00.000,d0c9cef3-0249-493c-bcbc-d03507924d33,,
,,31301,81,63070031,2026-01-24 18:58:00.000,,63070031,2026-01-24 20:25:26.349,2026-01-24 20:25:26.349,,0,be849662-8263-487e-8bc6-ca95e097cda7.com.samsung.health.oxygen_saturation.binning.json,100.0,92.0,98.0,,UTC-0300,tWUO8ZL77Z,,com.sec.android.app.shealth,2026-01-24 20:02:00.000,be849662-8263-487e-8bc6-ca95e097cda7,,
,,31301,93,63070031,2026-01-25 03:08:00.000,,63070031,2026-01-25 09:59:58.995,2026-01-25 09:59:58.995,,540,349d8bdd-e58a-4321-b09c-2ff542d95862.com.samsung.health.oxygen_saturation.binning.json,100.0,86.0,96.0,,UTC-0300,tWUO8ZL77Z,,com.sec.android.app.shealth,2026-01-25 09:34:00.000,349d8bdd-e58a-4321-b09c-2ff542d95862,,
,,31301,85,63070031,2026-01-26 03:23:00.000,,63070031,2026-01-26 07:58:01.543,2026-01-26 07:58:01.543,,24,b0e1e4da-a3e6-41c5-91d3-5d812b9f8956.com.samsung.health.oxygen_saturation.binning.json,100.0,89.0,96.0,,UTC-0300,tWUO8ZL77Z,,com.sec.android.app.shealth,2026-01-26 07:31:00.000,b0e1e4da-a3e6-41c5-91d3-5d812b9f8956,,
,,31301,92,63070031,2026-01-26 08:10:00.000,,63070031,2026-01-26 10:46:28.491,2026-01-26 10:46:28.491,,44,8acb2840-e37e-4a3a-bc6a-1932a5286acf.com.samsung.health.oxygen_saturation.binning.json,100.0,81.0,95.0,,UTC-0300,tWUO8ZL77Z,,com.sec.android.app.shealth,2026-01-26 10:38:00.000,8acb2840-e37e-4a3a-bc6a-1932a5286acf,,
,,31301,94,63070031,2026-01-27 04:39:00.000,,63070031,2026-01-27 11:09:50.261,2026-01-27 11:09:50.261,,9,bfdaa0ad-32d5-480f-9ec6-c386290c1ae2.com.samsung.health.oxygen_saturation.binning.json,100.0,88.0,96.0,,UTC-0300,tWUO8ZL77Z,,com.sec.android.app.shealth,2026-01-27 10:45:00.000,bfdaa0ad-32d5-480f-9ec6-c386290c1ae2,,
,,31301,85,63070031,2026-01-28 05:49:00.000,,63070031,2026-01-28 10:25:49.592,2026-01-28 10:25:49.592,,57,db03eeda-915b-4543-9689-1625d940e30c.com.samsung.health.oxygen_saturation.binning.json,100.0,85.0,95.0,,UTC-0300,tWUO8ZL77Z,,com.sec.android.app.shealth,2026-01-28 10:02:00.000,db03eeda-915b-4543-9689-1625d940e30c,,
,,31301,93,63070031,2026-01-29 04:33:00.000,,63070031,2026-01-29 11:44:57.850,2026-01-29 11:44:57.850,,135,1e4fc8d7-9199-49d1-b45a-966e56c146ae.com.samsung.health.oxygen_saturation.binning.json,100.0,73.0,97.0,,UTC-0300,tWUO8ZL77Z,,com.sec.android.app.shealth,2026-01-29 11:44:00.000,1e4fc8d7-9199-49d1-b45a-966e56c146ae,,
,,31301,91,63070031,2026-01-30 01:47:00.000,,63070031,2026-01-30 10:10:40.496,2026-01-30 10:10:40.496,,116,cbc85e1a-2e25-4008-b9fc-c6b8d68fe53d.com.samsung.health.oxygen_saturation.binning.json,100.0,70.0,97.0,,UTC-0300,tWUO8ZL77Z,,com.sec.android.app.shealth,2026-01-30 09:44:00.000,cbc85e1a-2e25-4008-b9fc-c6b8d68fe53d,,
,,31301,90,63070031,2026-01-31 05:54:00.000,,63070031,2026-01-31 07:20:36.967,2026-01-31 07:20:36.967,,0,3122ab96-9d8c-4441-9444-92c39b9a853d.com.samsung.health.oxygen_saturation.binning.json,99.0,91.0,95.0,,UTC-0300,tWUO8ZL77Z,,com.sec.android.app.shealth,2026-01-31 06:57:00.000,3122ab96-9d8c-4441-9444-92c39b9a853d,,
,,31301,96,63070031,2026-01-31 07:14:00.000,,63070031,2026-01-31 10:23:04.296,2026-01-31 10:23:04.296,,0,1990f167-ef3f-4161-b023-6252c5cfba11.com.samsung.health.oxygen_saturation.binning.json,100.0,91.0,97.0,,UTC-0300,tWUO8ZL77Z,,com.sec.android.app.shealth,2026-01-31 10:02:00.000,1990f167-ef3f-4161-b023-6252c5cfba11,,
,,31301,81,63070031,2026-02-01 03:59:00.000,,63070031,2026-02-01 05:45:29.926,2026-02-01 05:45:29.926,,16,ae70321a-53a1-461a-9295-76861862b58c.com.samsung.health.oxygen_saturation.binning.json,99.0,76.0,95.0,,UTC-0300,tWUO8ZL77Z,,com.sec.android.app.shealth,2026-02-01 05:15:00.000,ae70321a-53a1-461a-9295-76861862b58c,,
,,31301,90,63070031,2026-02-01 05:45:00.000,,63070031,2026-02-01 10:32:29.446,2026-02-01 10:32:29.446,,40,c70fc0ab-e673-4aba-9ed6-b629452af473.com.samsung.health.oxygen_saturation.binning.json,100.0,84.0,97.0,,UTC-0300,tWUO8ZL77Z,,com.sec.android.app.shealth,2026-02-01 10:10:00.000,c70fc0ab-e673-4aba-9ed6-b629452af473,,
,,31301,93,63070031,2026-02-02 02:56:00.000,,63070031,2026-02-02 11:12:07.053,2026-02-02 11:12:07.053,,1,bc70fb47-e1b6-4afe-941a-32309d0bb139.com.samsung.health.oxygen_saturation.binning.json,100.0,89.0,98.0,,UTC-0300,tWUO8ZL77Z,,com.sec.android.app.shealth,2026-02-02 11:12:00.000,bc70fb47-e1b6-4afe-941a-32309d0bb139,,
,,31301,76,63070031,2026-02-03 05:42:00.000,,63070031,2026-02-03 09:33:02.766,2026-02-03 09:33:02.766,,455,3ca47227-3a45-4dcc-b108-7dffe3ca6a99.com.samsung.health.oxygen_saturation.binning.json,100.0,79.0,93.0,,UTC-0300,tWUO8ZL77Z,,com.sec.android.app.shealth,2026-02-03 09:19:00.000,3ca47227-3a45-4dcc-b108-7dffe3ca6a99,,
,,31301,95,63070031,2026-02-04 01:30:00.000,,63070031,2026-02-04 08:19:28.334,2026-02-04 08:19:28.334,,110,83eee442-fe6b-4c04-ae6b-74f5ea8c4cb4.com.samsung.health.oxygen_saturation.binning.json,100.0,83.0,97.0,,UTC-0300,tWUO8ZL77Z,,com.sec.android.app.shealth,2026-02-04 07:54:00.000,83eee442-fe6b-4c04-ae6b-74f5ea8c4cb4,,
,,31301,89,63070031,2026-02-05 03:57:00.000,,63070031,2026-02-05 09:25:51.134,2026-02-05 09:25:51.134,,102,c76f56ce-316f-4c0d-ab50-483628fb5213.com.samsung.health.oxygen_saturation.binning.json,100.0,82.0,98.0,,UTC-0300,tWUO8ZL77Z,,com.sec.android.app.shealth,2026-02-05 08:58:00.000,c76f56ce-316f-4c0d-ab50-483628fb5213,,
,,31301,78,63070031,2026-02-06 01:33:00.000,,63070031,2026-02-06 05:11:27.264,2026-02-06 05:11:27.264,,326,453c3ffc-e727-4661-827d-05c1fc5b2950.com.samsung.health.oxygen_saturation.binning.json,100.0,88.0,97.0,,UTC-0300,tWUO8ZL77Z,,com.sec.android.app.shealth,2026-02-06 05:06:00.000,453c3ffc-e727-4661-827d-05c1fc5b2950,,
,,31301,91,63070031,2026-02-06 05:16:00.000,,63070031,2026-02-06 09:52:02.151,2026-02-06 09:52:02.151,,19,24e06101-6c84-4f9e-aaed-3db0e83143a8.com.samsung.health.oxygen_saturation.binning.json,100.0,79.0,97.0,,UTC-0300,tWUO8ZL77Z,,com.sec.android.app.shealth,2026-02-06 09:39:00.000,24e06101-6c84-4f9e-aaed-3db0e83143a8,,
