com.samsung.shealth.rewards,6307003,5
number_of_streak,start_time,exercise_type,device_type,exercise_session_id,update_time,create_time,source_pkg_name,program_id,title,time_offset,extra_data,deviceuuid,pkg_name,controller_id,end_time,datauuid,is_visible
,2022-10-04 03:00:00.000,,10009,,2022-10-10 03:00:04.537,2022-10-04 16:15:02.601,,,tracker_pedometer_reward_target_achieved,UTC-0300,"{""mTarget"":6000,""mValue"":7976}",R5wtjjS0Fd,com.sec.android.app.shealth,tracker.pedometer,2022-10-04 03:00:00.000,0cbb3c4e-a300-48bf-ac8c-152523282eec,1,
,2022-10-13 03:00:00.000,,10009,,2022-10-19 03:00:08.037,2022-10-13 20:35:02.392,,,tracker_pedometer_reward_target_achieved,UTC-0300,"{""mTarget"":6000,""mValue"":7266}",R5wtjjS0Fd,com.sec.android.app.shealth,tracker.pedometer,2022-10-13 03:00:00.000,e0258096-0e8f-4c6c-ab23-bdb36a700d44,1,
,2022-10-14 03:00:00.000,,10009,,2022-10-20 05:27:59.169,2022-10-14 19:35:00.702,,,tracker_pedometer_reward_target_achieved,UTC-0300,"{""mTarget"":6000,""mValue"":6408}",R5wtjjS0Fd,com.sec.android.app.shealth,tracker.pedometer,2022-10-14 03:00:00.000,5c0632fd-f8f3-4dd9-b0a1-700b649fcf08,1,
,2022-10-22 03:00:00.000,,10009,,2022-10-28 04:05:37.967,2022-10-22 10:55:01.655,,,tracker_pedometer_reward_target_achieved,UTC-0300,"{""mTarget"":6000,""mValue"":8278}",R5wtjjS0Fd,com.sec.android.app.shealth,tracker.pedometer,2022-10-22 03:00:00.000,fcb014ba-1208-4f6d-82ca-4642e7181d6f,1,
,2022-10-25 03:00:00.000,,10009,,2022-10-31 03:00:27.892,2022-10-25 13:14:36.170,,,tracker_pedometer_reward_target_achieved,UTC-0300,"{""mTarget"":6000,""mValue"":7374}",R5wtjjS0Fd,com.sec.android.app.shealth,tracker.pedometer,2022-10-25 03:00:00.000,e09bf41a-11a6-4b8c-9415-944eec627bb8,1,
,2022-10-26 03:00:00.000,,10009,,2022-11-01 03:00:06.062,2022-10-26 14:35:02.106,,,tracker_pedometer_reward_target_achieved,UTC-0300,"{""mTarget"":6000,""mValue"":13511}",R5wtjjS0Fd,com.sec.android.app.shealth,tracker.pedometer,2022-10-26 03:00:00.000,1b3d9623-4cb7-434b-b194-f590798f96e5,1,
,2022-10-26 03:00:00.000,,10009,,2022-10-27 03:14:31.134,2022-10-26 17:15:00.971,,,tracker_pedometer_reward_most_walking_day,UTC-0300,"{""mTarget"":-1,""mValue"":13511}",R5wtjjS0Fd,com.sec.android.app.shealth,tracker.pedometer,2022-10-26 03:00:00.000,623e7b8e-545d-4452-b2a4-fc947568ed59,1,
,2022-11-01 03:00:00.000,,10009,,2022-11-07 03:09:28.177,2022-11-01 20:35:01.603,,,tracker_pedometer_reward_target_achieved,UTC-0300,"{""mTarget"":6000,""mValue"":7461}",R5wtjjS0Fd,com.sec.android.app.shealth,tracker.pedometer,2022-11-01 03:00:00.000,a7e150d8-4f51-4855-997f-d921fb3e8835,1,
,2022-11-05 03:00:00.000,,10009,,2022-11-11 03:23:48.024,2022-11-05 14:35:02.761,,,tracker_pedometer_reward_target_achieved,UTC-0300,"{""mTarget"":6000,""mValue"":6625}",R5wtjjS0Fd,com.sec.android.app.shealth,tracker.pedometer,2022-11-05 03:00:00.000,73902193-980a-4591-ae69-1430c594c1cb,1,
,2022-11-08 03:00:00.000,,10009,,2022-11-14 03:31:52.077,2022-11-08 16:35:03.637,,,tracker_pedometer_reward_target_achieved,UTC-0300,"{""mTarget"":6000,""mValue"":8894}",R5wtjjS0Fd,com.sec.android.app.shealth,tracker.pedometer,2022-11-08 03:00:00.000,a3d96c5d-cfec-4833-ad88-09daba181d58,1,
,2022-11-12 03:00:00.000,,10009,,2022-11-18 03:00:04.995,2022-11-12 12:55:02.082,,,tracker_pedometer_reward_target_achieved,UTC-0300,"{""mTarget"":6000,""mValue"":7379}",R5wtjjS0Fd,com.sec.android.app.shealth,tracker.pedometer,2022-11-12 03:00:00.000,7a5eccea-b4e5-4ace-ba52-3bfa2ee473f9,1,
,2022-11-14 03:00:00.000,,10009,,2022-11-20 03:00:14.479,2022-11-14 18:55:02.303,,,tracker_pedometer_reward_target_achieved,UTC-0300,"{""mTarget"":6000,""mValue"":7614}",R5wtjjS0Fd,com.sec.android.app.shealth,tracker.pedometer,2022-11-14 03:00:00.000,a173bce4-4495-466f-aa3e-9b0c0db92729,1,
,2022-11-23 03:00:00.000,,10009,,2022-11-29 03:00:08.204,2022-11-23 21:15:02.585,,,tracker_pedometer_reward_target_achieved,UTC-0300,"{""mTarget"":6000,""mValue"":6317}",R5wtjjS0Fd,com.sec.android.app.shealth,tracker.pedometer,2022-11-23 03:00:00.000,6c37eed0-8232-495a-a16e-31e180ec271b,1,
,2022-11-27 03:00:00.000,,10009,,2022-12-03 03:00:03.498,2022-11-27 15:55:03.194,,,tracker_pedometer_reward_target_achieved,UTC-0300,"{""mTarget"":6000,""mValue"":9278}",R5wtjjS0Fd,com.sec.android.app.shealth,tracker.pedometer,2022-11-27 03:00:00.000,174a7d03-6df3-40f7-8f68-47ae407f808a,1,
,2022-12-05 03:00:00.000,,10009,,2022-12-11 04:00:03.174,2022-12-05 15:05:28.992,,,tracker_pedometer_reward_target_achieved,UTC-0300,"{""mTarget"":6000,""mValue"":8013}",R5wtjjS0Fd,com.sec.android.app.shealth,tracker.pedometer,2022-12-05 03:00:00.000,1b327395-57da-45e5-8d08-760a77c00398,1,
,2022-12-08 03:00:00.000,,10009,,2022-12-14 03:00:03.442,2022-12-08 14:35:01.631,,,tracker_pedometer_reward_target_achieved,UTC-0300,"{""mTarget"":6000,""mValue"":6772}",R5wtjjS0Fd,com.sec.android.app.shealth,tracker.pedometer,2022-12-08 03:00:00.000,09a4eca8-5d25-4d40-a1e6-1c35c5bc2bb1,1,
,2022-12-17 03:00:00.000,,10009,,2022-12-23 04:52:01.368,2022-12-17 12:29:01.796,,,tracker_pedometer_reward_target_achieved,UTC-0300,"{""mTarget"":6000,""mValue"":7048}",R5wtjjS0Fd,com.sec.android.app.shealth,tracker.pedometer,2022-12-17 03:00:00.000,1d5311dc-b283-4bb9-be41-7eecd13a0cb1,1,
,2022-12-23 03:00:00.000,,10009,,2022-12-29 03:00:14.797,2022-12-23 17:54:58.599,,,tracker_pedometer_reward_target_achieved,UTC-0300,"{""mTarget"":6000,""mValue"":9437}",R5wtjjS0Fd,com.sec.android.app.shealth,tracker.pedometer,2022-12-23 03:00:00.000,4f8380ee-084e-4657-a738-491d8888283a,1,
,2023-01-06 03:00:00.000,,10009,,2023-01-12 04:48:43.838,2023-01-06 18:15:03.679,,,tracker_pedometer_reward_target_achieved,UTC-0300,"{""mTarget"":6000,""mValue"":7744}",R5wtjjS0Fd,com.sec.android.app.shealth,tracker.pedometer,2023-01-06 03:00:00.000,8965ccfb-7523-49be-a2c1-2c37799aa9a2,1,
,2023-01-09 03:00:00.000,,10009,,2023-01-15 03:00:10.222,2023-01-09 15:15:02.484,,,tracker_pedometer_reward_target_achieved,UTC-0300,"{""mTarget"":6000,""mValue"":7990}",R5wtjjS0Fd,com.sec.android.app.shealth,tracker.pedometer,2023-01-09 03:00:00.000,09cd7f6a-4293-4f1c-856b-4119caf5221b,1,
,2023-01-10 03:00:00.000,,10009,,2023-01-16 03:06:51.024,2023-01-10 14:55:01.695,,,tracker_pedometer_reward_target_achieved,UTC-0300,"{""mTarget"":6000,""mValue"":7566}",R5wtjjS0Fd,com.sec.android.app.shealth,tracker.pedometer,2023-01-10 03:00:00.000,ef698b38-40e5-4751-9b80-69c1e217082c,1,
,2023-01-15 03:00:00.000,,10009,,2023-01-21 03:03:47.930,2023-01-15 15:15:03.143,,,tracker_pedometer_reward_target_achieved,UTC-0300,"{""mTarget"":6000,""mValue"":6212}",R5wtjjS0Fd,com.sec.android.app.shealth,tracker.pedometer,2023-01-15 03:00:00.000,d9bfd49d-5d1d-468b-b08b-3bd533d99958,1,
,2023-01-21 03:00:00.000,,10009,,2023-01-27 03:00:05.409,2023-01-21 13:33:43.056,,,tracker_pedometer_reward_target_achieved,UTC-0300,"{""mTarget"":6000,""mValue"":8186}",R5wtjjS0Fd,com.sec.android.app.shealth,tracker.pedometer,2023-01-21 03:00:00.000,07cd6e6f-0582-4aef-8690-b2f2026c0aa4,1,
,2023-01-23 03:00:00.000,,10009,,2023-01-29 03:00:09.847,2023-01-23 20:35:02.723,,,tracker_pedometer_reward_target_achieved,UTC-0300,"{""mTarget"":6000,""mValue"":6659}",R5wtjjS0Fd,com.sec.android.app.shealth,tracker.pedometer,2023-01-23 03:00:00.000,44bd9684-56df-4026-88ea-ecebd2122632,1,
,2023-01-24 03:00:00.000,,10009,,2023-01-30 03:59:20.033,2023-01-24 19:55:01.637,,,tracker_pedometer_reward_target_achieved,UTC-0300,"{""mTarget"":6000,""mValue"":7136}",R5wtjjS0Fd,com.sec.android.app.shealth,tracker.pedometer,2023-01-24 03:00:00.000,32d15154-2655-4c82-951f-9b8819d2fa1b,1,
,2023-01-31 03:00:00.000,,10009,,2023-02-06 03:00:04.097,2023-01-31 19:15:03.411,,,tracker_pedometer_reward_target_achieved,UTC-0300,"{""mTarget"":6000,""mValue"":6539}",R5wtjjS0Fd,com.sec.android.app.shealth,tracker.pedometer,2023-01-31 03:00:00.000,18087955-c199-42f7-a00d-0658b92772a8,1,
,2023-02-11 03:00:00.000,,10009,,2023-02-17 03:00:34.706,2023-02-11 15:15:02.688,,,tracker_pedometer_reward_target_achieved,UTC-0300,"{""mTarget"":6000,""mValue"":7120}",R5wtjjS0Fd,com.sec.android.app.shealth,tracker.pedometer,2023-02-11 03:00:00.000,abb2cce0-cb2a-4b61-9bb0-7e7a9d43eb7f,1,
,2023-02-22 03:00:00.000,,10009,,2023-02-28 04:56:07.943,2023-02-22 15:35:01.623,,,tracker_pedometer_reward_target_achieved,UTC-0300,"{""mTarget"":6000,""mValue"":6306}",R5wtjjS0Fd,com.sec.android.app.shealth,tracker.pedometer,2023-02-22 03:00:00.000,6392e102-7d57-4494-b646-c964d5a31da0,1,
,2023-02-26 03:00:00.000,,10009,,2023-03-04 03:37:18.935,2023-02-26 13:51:29.334,,,tracker_pedometer_reward_target_achieved,UTC-0300,"{""mTarget"":6000,""mValue"":7075}",R5wtjjS0Fd,com.sec.android.app.shealth,tracker.pedometer,2023-02-26 03:00:00.000,e830b386-0db1-4822-80f2-c314ea0ef7b0,1,
,2023-02-27 03:00:00.000,,10009,,2023-03-05 03:06:37.488,2023-02-27 15:35:01.991,,,tracker_pedometer_reward_target_achieved,UTC-0300,"{""mTarget"":6000,""mValue"":9565}",R5wtjjS0Fd,com.sec.android.app.shealth,tracker.pedometer,2023-02-27 03:00:00.000,a4cc0eb4-7432-4670-8097-3c8e60888e6f,1,
,2023-03-01 03:00:00.000,,10009,,2023-03-07 03:00:05.262,2023-03-01 19:15:01.981,,,tracker_pedometer_reward_target_achieved,UTC-0300,"{""mTarget"":6000,""mValue"":6800}",R5wtjjS0Fd,com.sec.android.app.shealth,tracker.pedometer,2023-03-01 03:00:00.000,b6d373a3-7845-4d80-89e2-e8d2206cb769,1,
,2023-03-11 03:00:00.000,,10009,,2023-03-17 03:54:41.287,2023-03-11 14:55:01.082,,,tracker_pedometer_reward_target_achieved,UTC-0300,"{""mTarget"":6000,""mValue"":8862}",R5wtjjS0Fd,com.sec.android.app.shealth,tracker.pedometer,2023-03-11 03:00:00.000,2831a66b-e132-4253-ab86-707382a7a564,1,
,2023-03-18 03:00:00.000,,10009,,2023-03-24 03:01:58.933,2023-03-18 13:15:02.726,,,tracker_pedometer_reward_target_achieved,UTC-0300,"{""mTarget"":6000,""mValue"":10032}",R5wtjjS0Fd,com.sec.android.app.shealth,tracker.pedometer,2023-03-18 03:00:00.000,427536c1-f490-44a3-9304-5ecc6cef378c,1,
,2023-03-21 03:00:00.000,,10009,,2023-03-27 03:40:51.681,2023-03-21 18:19:31.178,,,tracker_pedometer_reward_target_achieved,UTC-0300,"{""mTarget"":6000,""mValue"":6486}",R5wtjjS0Fd,com.sec.android.app.shealth,tracker.pedometer,2023-03-21 03:00:00.000,ce55e1c2-516e-44ba-8e7e-edf46556d290,1,
,2023-03-23 03:00:00.000,,10009,,2023-03-29 03:08:47.703,2023-03-23 15:18:39.890,,,tracker_pedometer_reward_target_achieved,UTC-0300,"{""mTarget"":6000,""mValue"":7551}",R5wtjjS0Fd,com.sec.android.app.shealth,tracker.pedometer,2023-03-23 03:00:00.000,fc46d347-c8b9-4c88-8424-1d0089be24b5,1,
,2023-03-31 03:00:00.000,,10009,,2023-04-06 04:18:50.852,2023-03-31 15:15:01.044,,,tracker_pedometer_reward_target_achieved,UTC-0300,"{""mTarget"":6000,""mValue"":8368}",R5wtjjS0Fd,com.sec.android.app.shealth,tracker.pedometer,2023-03-31 03:00:00.000,f930d347-ea21-4af2-a2b2-63b5e583b35c,1,
,2023-04-01 03:00:00.000,,10009,,2023-04-07 03:18:37.812,2023-04-01 13:14:34.038,,,tracker_pedometer_reward_target_achieved,UTC-0300,"{""mTarget"":6000,""mValue"":6894}",R5wtjjS0Fd,com.sec.android.app.shealth,tracker.pedometer,2023-04-01 03:00:00.000,ed35a95f-0093-43ac-a3de-23b4b35288c6,1,
,2023-04-02 03:00:00.000,,10009,,2023-04-08 04:14:47.408,2023-04-02 12:35:00.791,,,tracker_pedometer_reward_target_achieved,UTC-0300,"{""mTarget"":6000,""mValue"":7312}",R5wtjjS0Fd,com.sec.android.app.shealth,tracker.pedometer,2023-04-02 03:00:00.000,73662be1-76bc-4647-8123-84d6daab83f0,1,
,2023-04-13 03:00:00.000,,10009,,2023-04-19 03:00:04.836,2023-04-13 14:55:01.675,,,tracker_pedometer_reward_target_achieved,UTC-0300,"{""mTarget"":6000,""mValue"":8923}",R5wtjjS0Fd,com.sec.android.app.shealth,tracker.pedometer,2023-04-13 03:00:00.000,5a6f0ee9-2dcc-4019-8422-23ef310111cf,1,
,2023-04-19 03:00:00.000,,10009,,2023-04-25 03:30:47.582,2023-04-19 18:26:17.966,,,tracker_pedometer_reward_target_achieved,UTC-0300,"{""mTarget"":6000,""mValue"":8990}",R5wtjjS0Fd,com.sec.android.app.shealth,tracker.pedometer,2023-04-19 03:00:00.000,7926955b-a77d-466d-bae4-b72b7deb82e1,1,
,2023-04-26 03:00:00.000,,10009,,2023-05-02 04:20:06.593,2023-04-26 18:15:01.456,,,tracker_pedometer_reward_target_achieved,UTC-0300,"{""mTarget"":6000,""mValue"":6561}",R5wtjjS0Fd,com.sec.android.app.shealth,tracker.pedometer,2023-04-26 03:00:00.000,5140a359-df89-4cd9-a12d-57fdd3d54c5d,1,
,2023-05-11 03:00:00.000,,10009,,2023-05-17 04:56:04.559,2023-05-11 17:55:00.998,,,tracker_pedometer_reward_target_achieved,UTC-0300,"{""mTarget"":6000,""mValue"":7558}",R5wtjjS0Fd,com.sec.android.app.shealth,tracker.pedometer,2023-05-11 03:00:00.000,84106a46-fc37-4119-b059-0ce485283d6c,1,
,2023-05-15 03:00:00.000,,10009,,2023-05-21 03:48:10.586,2023-05-15 16:58:49.228,,,tracker_pedometer_reward_target_achieved,UTC-0300,"{""mTarget"":6000,""mValue"":6574}",R5wtjjS0Fd,com.sec.android.app.shealth,tracker.pedometer,2023-05-15 03:00:00.000,fd9b24ac-e84c-4f8b-a8c7-2a3535d94914,1,
,2023-05-19 03:00:00.000,,10009,,2023-05-25 04:46:21.004,2023-05-19 18:35:02.609,,,tracker_pedometer_reward_target_achieved,UTC-0300,"{""mTarget"":6000,""mValue"":6352}",R5wtjjS0Fd,com.sec.android.app.shealth,tracker.pedometer,2023-05-19 03:00:00.000,5a307a25-d263-4904-b218-c6d81b45692c,1,
,2023-05-26 03:00:00.000,,10009,,2023-06-01 04:55:57.054,2023-05-26 15:26:22.619,,,tracker_pedometer_reward_target_achieved,UTC-0300,"{""mTarget"":6000,""mValue"":8704}",R5wtjjS0Fd,com.sec.android.app.shealth,tracker.pedometer,2023-05-26 03:00:00.000,ed3a17c9-a809-410f-94be-bd592f5dac79,1,
,2023-05-27 03:00:00.000,,10009,,2023-06-02 03:09:31.706,2023-05-27 13:44:06.041,,,tracker_pedometer_reward_target_achieved,UTC-0300,"{""mTarget"":6000,""mValue"":8567}",R5wtjjS0Fd,com.sec.android.app.shealth,tracker.pedometer,2023-05-27 03:00:00.000,2e627930-a95b-4b8f-a76d-26e7acc645be,1,
,2023-05-30 03:00:00.000,,10009,,2023-06-05 03:49:21.046,2023-05-30 18:55:01.540,,,tracker_pedometer_reward_target_achieved,UTC-0300,"{""mTarget"":6000,""mValue"":6740}",R5wtjjS0Fd,com.sec.android.app.shealth,tracker.pedometer,2023-05-30 03:00:00.000,85a2b008-2255-4799-908e-181a164d4647,1,
,2023-06-16 03:00:00.000,,10009,,2023-06-22 03:00:04.132,2023-06-16 19:15:01.894,,,tracker_pedometer_reward_target_achieved,UTC-0300,"{""mTarget"":6000,""mValue"":7616}",R5wtjjS0Fd,com.sec.android.app.shealth,tracker.pedometer,2023-06-16 03:00:00.000,7462dec5-fc0b-4c11-a8da-df2674343807,1,
,2023-06-17 03:00:00.000,,10009,,2023-06-23 03:00:06.792,2023-06-17 15:15:02.947,,,tracker_pedometer_reward_target_achieved,UTC-0300,"{""mTarget"":6000,""mValue"":10421}",R5wtjjS0Fd,com.sec.android.app.shealth,tracker.pedometer,2023-06-17 03:00:00.000,04df96f5-1c5c-4300-b528-7f84f9174fc2,1,
,2023-06-20 03:00:00.000,,10009,,2023-06-26 03:00:04.061,2023-06-20 18:15:03.114,,,tracker_pedometer_reward_target_achieved,UTC-0300,"{""mTarget"":6000,""mValue"":7466}",R5wtjjS0Fd,com.sec.android.app.shealth,tracker.pedometer,2023-06-20 03:00:00.000,2f49927e-7f01-49da-8c18-3bfa12364c21,1,
,2023-07-14 03:00:00.000,,10009,,2023-07-20 03:00:03.813,2023-07-14 19:52:08.555,,,tracker_pedometer_reward_target_achieved,UTC-0300,"{""mTarget"":6000,""mValue"":7716}",R5wtjjS0Fd,com.sec.android.app.shealth,tracker.pedometer,2023-07-14 03:00:00.000,d4146d65-5047-422c-ab00-994451803a5a,1,
,2023-08-10 03:00:00.000,,10009,,2023-08-16 04:29:27.596,2023-08-10 17:12:56.940,,,tracker_pedometer_reward_target_achieved,UTC-0300,"{""mTarget"":6000,""mValue"":8991}",R5wtjjS0Fd,com.sec.android.app.shealth,tracker.pedometer,2023-08-10 03:00:00.000,f17d0a33-281d-4029-b2f2-60c3f75c6fea,1,
,2023-08-15 03:00:00.000,,10009,,2023-08-17 03:00:09.373,2023-08-15 15:29:49.572,,,tracker_pedometer_reward_target_achieved,UTC-0300,"{""mTarget"":6000,""mValue"":6760}",R5wtjjS0Fd,com.sec.android.app.shealth,tracker.pedometer,2023-08-15 03:00:00.000,2aec9756-02e5-4d4e-a502-cb52f393d3a0,1,
,2022-10-04 03:00:00.000,,100003,,2024-01-09 15:12:30.774,2024-01-09 15:12:30.774,,,tracker_pedometer_reward_target_achieved,UTC-0300,"{""mTarget"":6000,""mValue"":7976}",R5wtjjS0Fd,com.sec.android.app.shealth,tracker.pedometer,2022-10-04 03:00:00.000,81cad161-6314-467d-bab4-e311e495dd2c,1,
,2022-10-13 03:00:00.000,,100003,,2024-01-09 15:12:30.774,2024-01-09 15:12:30.774,,,tracker_pedometer_reward_target_achieved,UTC-0300,"{""mTarget"":6000,""mValue"":7266}",R5wtjjS0Fd,com.sec.android.app.shealth,tracker.pedometer,2022-10-13 03:00:00.000,0a59603c-8502-47f1-9926-f119dcbca278,1,
,2022-10-14 03:00:00.000,,100003,,2024-01-09 15:12:30.774,2024-01-09 15:12:30.774,,,tracker_pedometer_reward_target_achieved,UTC-0300,"{""mTarget"":6000,""mValue"":6408}",R5wtjjS0Fd,com.sec.android.app.shealth,tracker.pedometer,2022-10-14 03:00:00.000,b586c107-fce3-4151-8913-9eaca293e1f1,1,
,2022-10-22 03:00:00.000,,100003,,2024-01-09 15:12:30.775,2024-01-09 15:12:30.775,,,tracker_pedometer_reward_target_achieved,UTC-0300,"{""mTarget"":6000,""mValue"":8278}",R5wtjjS0Fd,com.sec.android.app.shealth,tracker.pedometer,2022-10-22 03:00:00.000,95bb7917-8d7c-464a-8c45-2165d7f8c407,1,
,2022-10-25 03:00:00.000,,100003,,2024-01-09 15:12:30.775,2024-01-09 15:12:30.775,,,tracker_pedometer_reward_target_achieved,UTC-0300,"{""mTarget"":6000,""mValue"":7374}",R5wtjjS0Fd,com.sec.android.app.shealth,tracker.pedometer,2022-10-25 03:00:00.000,37ac11ee-fd95-490a-9787-ec30c4fc3ffe,1,
,2022-10-26 03:00:00.000,,100003,,2024-01-09 15:12:30.775,2024-01-09 15:12:30.775,,,tracker_pedometer_reward_most_walking_day,UTC-0300,"{""mTarget"":-1,""mValue"":13511}",R5wtjjS0Fd,com.sec.android.app.shealth,tracker.pedometer,2022-10-26 03:00:00.000,30da9453-291b-4aec-b886-33527d91d99c,1,
,2022-10-26 03:00:00.000,,100003,,2024-01-09 15:12:30.775,2024-01-09 15:12:30.775,,,tracker_pedometer_reward_target_achieved,UTC-0300,"{""mTarget"":6000,""mValue"":13511}",R5wtjjS0Fd,com.sec.android.app.shealth,tracker.pedometer,2022-10-26 03:00:00.000,b4283392-f606-4e6b-b988-31bbd27256a6,1,
,2022-11-01 03:00:00.000,,100003,,2024-01-09 15:12:30.775,2024-01-09 15:12:30.775,,,tracker_pedometer_reward_target_achieved,UTC-0300,"{""mTarget"":6000,""mValue"":7461}",R5wtjjS0Fd,com.sec.android.app.shealth,tracker.pedometer,2022-11-01 03:00:00.000,34ac4966-b1a4-4542-8bf3-3c698d9d2d0e,1,
,2022-11-05 03:00:00.000,,100003,,2024-01-09 15:12:30.776,2024-01-09 15:12:30.776,,,tracker_pedometer_reward_target_achieved,UTC-0300,"{""mTarget"":6000,""mValue"":6625}",R5wtjjS0Fd,com.sec.android.app.shealth,tracker.pedometer,2022-11-05 03:00:00.000,ccde88ac-8503-4f53-be9a-fea82641eb6d,1,
,2022-11-08 03:00:00.000,,100003,,2024-01-09 15:12:30.776,2024-01-09 15:12:30.776,,,tracker_pedometer_reward_target_achieved,UTC-0300,"{""mTarget"":6000,""mValue"":8894}",R5wtjjS0Fd,com.sec.android.app.shealth,tracker.pedometer,2022-11-08 03:00:00.000,ec0b3187-f1d9-48e9-921b-7cac9e65e4d3,1,
,2022-11-12 03:00:00.000,,100003,,2024-01-09 15:12:30.776,2024-01-09 15:12:30.776,,,tracker_pedometer_reward_target_achieved,UTC-0300,"{""mTarget"":6000,""mValue"":7379}",R5wtjjS0Fd,com.sec.android.app.shealth,tracker.pedometer,2022-11-12 03:00:00.000,0c4f3efe-e78b-4e86-8961-a8549117dda4,1,
,2022-11-14 03:00:00.000,,100003,,2024-01-09 15:12:30.776,2024-01-09 15:12:30.776,,,tracker_pedometer_reward_target_achieved,UTC-0300,"{""mTarget"":6000,""mValue"":7614}",R5wtjjS0Fd,com.sec.android.app.shealth,tracker.pedometer,2022-11-14 03:00:00.000,cbce889f-6cae-400f-b64a-a502f2ab06e5,1,
,2022-11-23 03:00:00.000,,100003,,2024-01-09 15:12:30.776,2024-01-09 15:12:30.776,,,tracker_pedometer_reward_target_achieved,UTC-0300,"{""mTarget"":6000,""mValue"":6317}",R5wtjjS0Fd,com.sec.android.app.shealth,tracker.pedometer,2022-11-23 03:00:00.000,2c8ca6c7-ff5b-4b95-a732-136b9d2df1da,1,
,2022-11-27 03:00:00.000,,100003,,2024-01-09 15:12:30.776,2024-01-09 15:12:30.776,,,tracker_pedometer_reward_target_achieved,UTC-0300,"{""mTarget"":6000,""mValue"":9278}",R5wtjjS0Fd,com.sec.android.app.shealth,tracker.pedometer,2022-11-27 03:00:00.000,34786433-27af-4dc6-8732-20ecbdc5ebf8,1,
,2022-12-05 03:00:00.000,,100003,,2024-01-09 15:12:30.776,2024-01-09 15:12:30.776,,,tracker_pedometer_reward_target_achieved,UTC-0300,"{""mTarget"":6000,""mValue"":8013}",R5wtjjS0Fd,com.sec.android.app.shealth,tracker.pedometer,2022-12-05 03:00:00.000,dac411cf-6949-4d9a-af81-ae242b3490c9,1,
,2022-12-08 03:00:00.000,,100003,,2024-01-09 15:12:30.777,2024-01-09 15:12:30.777,,,tracker_pedometer_reward_target_achieved,UTC-0300,"{""mTarget"":6000,""mValue"":6772}",R5wtjjS0Fd,com.sec.android.app.shealth,tracker.pedometer,2022-12-08 03:00:00.000,bb3a4e3a-e57f-4248-91f7-54569fdd14c9,1,
,2022-12-17 03:00:00.000,,100003,,2024-01-09 15:12:30.777,2024-01-09 15:12:30.777,,,tracker_pedometer_reward_target_achieved,UTC-0300,"{""mTarget"":6000,""mValue"":7048}",R5wtjjS0Fd,com.sec.android.app.shealth,tracker.pedometer,2022-12-17 03:00:00.000,c3561137-dc91-45d1-9dbc-c4cd64fbe93b,1,
,2022-12-23 03:00:00.000,,100003,,2024-01-09 15:12:30.777,2024-01-09 15:12:30.777,,,tracker_pedometer_reward_target_achieved,UTC-0300,"{""mTarget"":6000,""mValue"":9437}",R5wtjjS0Fd,com.sec.android.app.shealth,tracker.pedometer,2022-12-23 03:00:00.000,845624ed-d12b-412c-808a-25f177e0e4ff,1,
,2023-01-06 03:00:00.000,,100003,,2024-01-09 15:12:30.777,2024-01-09 15:12:30.777,,,tracker_pedometer_reward_target_achieved,UTC-0300,"{""mTarget"":6000,""mValue"":7744}",R5wtjjS0Fd,com.sec.android.app.shealth,tracker.pedometer,2023-01-06 03:00:00.000,ccee0147-b7b6-4963-abf6-09d678f35934,1,
,2023-01-09 03:00:00.000,,100003,,2024-01-09 15:12:30.777,2024-01-09 15:12:30.777,,,tracker_pedometer_reward_target_achieved,UTC-0300,"{""mTarget"":6000,""mValue"":7990}",R5wtjjS0Fd,com.sec.android.app.shealth,tracker.pedometer,2023-01-09 03:00:00.000,06120a76-d6a1-4899-a3c3-fea387068b92,1,
,2023-01-10 03:00:00.000,,100003,,2024-01-09 15:12:30.777,2024-01-09 15:12:30.777,,,tracker_pedometer_reward_target_achieved,UTC-0300,"{""mTarget"":6000,""mValue"":7566}",R5wtjjS0Fd,com.sec.android.app.shealth,tracker.pedometer,2023-01-10 03:00:00.000,5099d4b2-3a0c-45f9-b249-d6788235b6bb,1,
,2023-01-15 03:00:00.000,,100003,,2024-01-09 15:12:30.778,2024-01-09 15:12:30.778,,,tracker_pedometer_reward_target_achieved,UTC-0300,"{""mTarget"":6000,""mValue"":6212}",R5wtjjS0Fd,com.sec.android.app.shealth,tracker.pedometer,2023-01-15 03:00:00.000,e53a92d6-3147-4b5c-8540-82ae6db20705,1,
,2023-01-21 03:00:00.000,,100003,,2024-01-09 15:12:30.778,2024-01-09 15:12:30.778,,,tracker_pedometer_reward_target_achieved,UTC-0300,"{""mTarget"":6000,""mValue"":8186}",R5wtjjS0Fd,com.sec.android.app.shealth,tracker.pedometer,2023-01-21 03:00:00.000,005dcb7e-090d-4de9-89ca-1535bda11e36,1,
,2023-01-23 03:00:00.000,,100003,,2024-01-09 15:12:30.778,2024-01-09 15:12:30.778,,,tracker_pedometer_reward_target_achieved,UTC-0300,"{""mTarget"":6000,""mValue"":6659}",R5wtjjS0Fd,com.sec.android.app.shealth,tracker.pedometer,2023-01-23 03:00:00.000,96a0e113-943d-4522-aa43-6159ce61addd,1,
,2023-01-24 03:00:00.000,,100003,,2024-01-09 15:12:30.778,2024-01-09 15:12:30.778,,,tracker_pedometer_reward_target_achieved,UTC-0300,"{""mTarget"":6000,""mValue"":7136}",R5wtjjS0Fd,com.sec.android.app.shealth,tracker.pedometer,2023-01-24 03:00:00.000,388ab157-255d-41e4-aac6-9a49be0c7c67,1,
,2023-01-31 03:00:00.000,,100003,,2024-01-09 15:12:30.778,2024-01-09 15:12:30.778,,,tracker_pedometer_reward_target_achieved,UTC-0300,"{""mTarget"":6000,""mValue"":6539}",R5wtjjS0Fd,com.sec.android.app.shealth,tracker.pedometer,2023-01-31 03:00:00.000,762818a5-9516-4f31-999b-e9420eeaf722,1,
,2023-02-11 03:00:00.000,,100003,,2024-01-09 15:12:30.778,2024-01-09 15:12:30.778,,,tracker_pedometer_reward_target_achieved,UTC-0300,"{""mTarget"":6000,""mValue"":7120}",R5wtjjS0Fd,com.sec.android.app.shealth,tracker.pedometer,2023-02-11 03:00:00.000,59aaee0f-bd7d-4830-bfad-dd13ef10ea1e,1,
,2023-02-22 03:00:00.000,,100003,,2024-01-09 15:12:30.779,2024-01-09 15:12:30.779,,,tracker_pedometer_reward_target_achieved,UTC-0300,"{""mTarget"":6000,""mValue"":6306}",R5wtjjS0Fd,com.sec.android.app.shealth,tracker.pedometer,2023-02-22 03:00:00.000,8548839d-324c-49a6-bfd6-0858f34c59b8,1,
,2023-02-26 03:00:00.000,,100003,,2024-01-09 15:12:30.779,2024-01-09 15:12:30.779,,,tracker_pedometer_reward_target_achieved,UTC-0300,"{""mTarget"":6000,""mValue"":7075}",R5wtjjS0Fd,com.sec.android.app.shealth,tracker.pedometer,2023-02-26 03:00:00.000,db3b62d9-9158-4556-812f-0105bcbe3273,1,
,2023-02-27 03:00:00.000,,100003,,2024-01-09 15:12:30.779,2024-01-09 15:12:30.779,,,tracker_pedometer_reward_target_achieved,UTC-0300,"{""mTarget"":6000,""mValue"":9565}",R5wtjjS0Fd,com.sec.android.app.shealth,tracker.pedometer,2023-02-27 03:00:00.000,208fefb4-7386-4778-945b-cb615c4e940f,1,
,2023-03-01 03:00:00.000,,100003,,2024-01-09 15:12:30.779,2024-01-09 15:12:30.779,,,tracker_pedometer_reward_target_achieved,UTC-0300,"{""mTarget"":6000,""mValue"":6800}",R5wtjjS0Fd,com.sec.android.app.shealth,tracker.pedometer,2023-03-01 03:00:00.000,15be7e11-df06-4cb1-afe5-1475b29684cb,1,
,2023-03-11 03:00:00.000,,100003,,2024-01-09 15:12:30.779,2024-01-09 15:12:30.779,,,tracker_pedometer_reward_target_achieved,UTC-0300,"{""mTarget"":6000,""mValue"":8862}",R5wtjjS0Fd,com.sec.android.app.shealth,tracker.pedometer,2023-03-11 03:00:00.000,6263f0fa-1fab-4542-9608-e4ba1d60bbbb,1,
,2023-03-18 03:00:00.000,,100003,,2024-01-09 15:12:30.779,2024-01-09 15:12:30.779,,,tracker_pedometer_reward_target_achieved,UTC-0300,"{""mTarget"":6000,""mValue"":10032}",R5wtjjS0Fd,com.sec.android.app.shealth,tracker.pedometer,2023-03-18 03:00:00.000,a12ec654-decd-4c33-8896-0adaa04b5131,1,
,2023-03-21 03:00:00.000,,100003,,2024-01-09 15:12:30.780,2024-01-09 15:12:30.780,,,tracker_pedometer_reward_target_achieved,UTC-0300,"{""mTarget"":6000,""mValue"":6486}",R5wtjjS0Fd,com.sec.android.app.shealth,tracker.pedometer,2023-03-21 03:00:00.000,0e396352-46da-4181-969f-41ea1a64db14,1,
,2023-03-23 03:00:00.000,,100003,,2024-01-09 15:12:30.780,2024-01-09 15:12:30.780,,,tracker_pedometer_reward_target_achieved,UTC-0300,"{""mTarget"":6000,""mValue"":7551}",R5wtjjS0Fd,com.sec.android.app.shealth,tracker.pedometer,2023-03-23 03:00:00.000,bdaf9156-ff5d-4ccd-bf79-9d260073a2a2,1,
,2023-03-31 03:00:00.000,,100003,,2024-01-09 15:12:30.780,2024-01-09 15:12:30.780,,,tracker_pedometer_reward_target_achieved,UTC-0300,"{""mTarget"":6000,""mValue"":8368}",R5wtjjS0Fd,com.sec.android.app.shealth,tracker.pedometer,2023-03-31 03:00:00.000,50c80af8-5f2b-479f-97f5-9baeb71045f2,1,
,2023-04-01 03:00:00.000,,100003,,2024-01-09 15:12:30.780,2024-01-09 15:12:30.780,,,tracker_pedometer_reward_target_achieved,UTC-0300,"{""mTarget"":6000,""mValue"":6894}",R5wtjjS0Fd,com.sec.android.app.shealth,tracker.pedometer,2023-04-01 03:00:00.000,ed883aaa-82ae-451a-b97b-f8e74cd7d621,1,
,2023-04-02 03:00:00.000,,100003,,2024-01-09 15:12:30.780,2024-01-09 15:12:30.780,,,tracker_pedometer_reward_target_achieved,UTC-0300,"{""mTarget"":6000,""mValue"":7312}",R5wtjjS0Fd,com.sec.android.app.shealth,tracker.pedometer,2023-04-02 03:00:00.000,7333f144-9642-4588-9956-b8b520bc718c,1,
,2023-04-13 03:00:00.000,,100003,,2024-01-09 15:12:30.780,2024-01-09 15:12:30.780,,,tracker_pedometer_reward_target_achieved,UTC-0300,"{""mTarget"":6000,""mValue"":8923}",R5wtjjS0Fd,com.sec.android.app.shealth,tracker.pedometer,2023-04-13 03:00:00.000,bb6a8382-351c-4892-9a01-2a93ef9cfcbd,1,
,2023-04-19 03:00:00.000,,100003,,2024-01-09 15:12:30.781,2024-01-09 15:12:30.781,,,tracker_pedometer_reward_target_achieved,UTC-0300,"{""mTarget"":6000,""mValue"":8990}",R5wtjjS0Fd,com.sec.android.app.shealth,tracker.pedometer,2023-04-19 03:00:00.000,c2a58b12-9f9b-4ffa-8e05-af52986cd5d6,1,
,2023-04-26 03:00:00.000,,100003,,2024-01-09 15:12:30.781,2024-01-09 15:12:30.781,,,tracker_pedometer_reward_target_achieved,UTC-0300,"{""mTarget"":6000,""mValue"":6561}",R5wtjjS0Fd,com.sec.android.app.shealth,tracker.pedometer,2023-04-26 03:00:00.000,2a912903-944b-44b9-82e7-0eca83b7d41d,1,
,2023-05-11 03:00:00.000,,100003,,2024-01-09 15:12:30.781,2024-01-09 15:12:30.781,,,tracker_pedometer_reward_target_achieved,UTC-0300,"{""mTarget"":6000,""mValue"":7558}",R5wtjjS0Fd,com.sec.android.app.shealth,tracker.pedometer,2023-05-11 03:00:00.000,70b954b0-760d-434a-a1c1-294542679fd4,1,
,2023-05-15 03:00:00.000,,100003,,2024-01-09 15:12:30.781,2024-01-09 15:12:30.781,,,tracker_pedometer_reward_target_achieved,UTC-0300,"{""mTarget"":6000,""mValue"":6574}",R5wtjjS0Fd,com.sec.android.app.shealth,tracker.pedometer,2023-05-15 03:00:00.000,166d04de-2f84-4dad-b171-476a9aa0f0f6,1,
,2023-05-19 03:00:00.000,,100003,,2024-01-09 15:12:30.781,2024-01-09 15:12:30.781,,,tracker_pedometer_reward_target_achieved,UTC-0300,"{""mTarget"":6000,""mValue"":6352}",R5wtjjS0Fd,com.sec.android.app.shealth,tracker.pedometer,2023-05-19 03:00:00.000,3519386d-c46f-4bcd-bcf4-44154d585da4,1,
,2023-05-26 03:00:00.000,,100003,,2024-01-09 15:12:30.781,2024-01-09 15:12:30.781,,,tracker_pedometer_reward_target_achieved,UTC-0300,"{""mTarget"":6000,""mValue"":8704}",R5wtjjS0Fd,com.sec.android.app.shealth,tracker.pedometer,2023-05-26 03:00:00.000,24798631-59ac-4dde-b179-b06d1bf74e1c,1,
,2023-05-27 03:00:00.000,,100003,,2024-01-09 15:12:30.782,2024-01-09 15:12:30.782,,,tracker_pedometer_reward_target_achieved,UTC-0300,"{""mTarget"":6000,""mValue"":8567}",R5wtjjS0Fd,com.sec.android.app.shealth,tracker.pedometer,2023-05-27 03:00:00.000,2e9e6e53-1a76-4e98-be24-49e0efefdb5a,1,
,2023-05-30 03:00:00.000,,100003,,2024-01-09 15:12:30.782,2024-01-09 15:12:30.782,,,tracker_pedometer_reward_target_achieved,UTC-0300,"{""mTarget"":6000,""mValue"":6740}",R5wtjjS0Fd,com.sec.android.app.shealth,tracker.pedometer,2023-05-30 03:00:00.000,5c054310-72cf-4efe-9c05-23f1a4f8799d,1,
,2023-06-16 03:00:00.000,,100003,,2024-01-09 15:12:30.782,2024-01-09 15:12:30.782,,,tracker_pedometer_reward_target_achieved,UTC-0300,"{""mTarget"":6000,""mValue"":7616}",R5wtjjS0Fd,com.sec.android.app.shealth,tracker.pedometer,2023-06-16 03:00:00.000,68515808-99ed-493f-9fc8-b8b4055be43f,1,
,2023-06-17 03:00:00.000,,100003,,2024-01-09 15:12:30.782,2024-01-09 15:12:30.782,,,tracker_pedometer_reward_target_achieved,UTC-0300,"{""mTarget"":6000,""mValue"":10421}",R5wtjjS0Fd,com.sec.android.app.shealth,tracker.pedometer,2023-06-17 03:00:00.000,b31b69d9-91bd-4160-8490-7cf60de290d1,1,
,2023-06-20 03:00:00.000,,100003,,2024-01-09 15:12:30.782,2024-01-09 15:12:30.782,,,tracker_pedometer_reward_target_achieved,UTC-0300,"{""mTarget"":6000,""mValue"":7466}",R5wtjjS0Fd,com.sec.android.app.shealth,tracker.pedometer,2023-06-20 03:00:00.000,70660885-5447-45c2-b476-d5625f0c2929,1,
,2023-07-14 03:00:00.000,,100003,,2024-01-09 15:12:30.782,2024-01-09 15:12:30.782,,,tracker_pedometer_reward_target_achieved,UTC-0300,"{""mTarget"":6000,""mValue"":7716}",R5wtjjS0Fd,com.sec.android.app.shealth,tracker.pedometer,2023-07-14 03:00:00.000,a8da8af8-ba8f-4601-abcb-4a9d50e8bfbb,1,
,2023-08-10 03:00:00.000,,100003,,2024-01-09 15:12:30.783,2024-01-09 15:12:30.783,,,tracker_pedometer_reward_target_achieved,UTC-0300,"{""mTarget"":6000,""mValue"":8991}",R5wtjjS0Fd,com.sec.android.app.shealth,tracker.pedometer,2023-08-10 03:00:00.000,7522d435-1e35-48d4-8397-3cf223aa429b,1,
,2023-08-15 03:00:00.000,,100003,,2024-01-09 15:12:30.783,2024-01-09 15:12:30.783,,,tracker_pedometer_reward_target_achieved,UTC-0300,"{""mTarget"":6000,""mValue"":6760}",R5wtjjS0Fd,com.sec.android.app.shealth,tracker.pedometer,2023-08-15 03:00:00.000,8fda52ba-c36f-4c3f-b1a3-3e0034a0f603,1,
,2023-08-28 03:00:00.000,,100003,,2024-01-09 15:12:30.783,2024-01-09 15:12:30.783,,,tracker_pedometer_reward_target_achieved,UTC-0300,"{""mTarget"":6000,""mValue"":8410}",R5wtjjS0Fd,com.sec.android.app.shealth,tracker.pedometer,2023-08-28 03:00:00.000,905aadf1-b1cd-4300-8f51-5cee4d03ba45,1,
,2023-08-30 03:00:00.000,,100003,,2024-01-09 15:12:30.783,2024-01-09 15:12:30.783,,,tracker_pedometer_reward_target_achieved,UTC-0300,"{""mTarget"":6000,""mValue"":6977}",R5wtjjS0Fd,com.sec.android.app.shealth,tracker.pedometer,2023-08-30 03:00:00.000,ef3255e5-e47e-4e54-b6e5-cb9373be5d1a,1,
,2023-09-18 03:00:00.000,,100003,,2024-01-09 15:12:30.783,2024-01-09 15:12:30.783,,,tracker_pedometer_reward_target_achieved,UTC-0300,"{""mTarget"":6000,""mValue"":12707}",R5wtjjS0Fd,com.sec.android.app.shealth,tracker.pedometer,2023-09-18 03:00:00.000,1027b839-57fc-4fc6-a0cf-bf24e3228c95,1,
,2023-09-19 03:00:00.000,,100003,,2024-01-09 15:12:30.783,2024-01-09 15:12:30.783,,,tracker_pedometer_reward_target_achieved,UTC-0300,"{""mTarget"":6000,""mValue"":9155}",R5wtjjS0Fd,com.sec.android.app.shealth,tracker.pedometer,2023-09-19 03:00:00.000,71ca2d34-0d67-46db-8852-c886ceb70567,1,
,2023-09-23 03:00:00.000,,100003,,2024-01-09 15:12:30.783,2024-01-09 15:12:30.783,,,tracker_pedometer_reward_target_achieved,UTC-0300,"{""mTarget"":6000,""mValue"":6487}",R5wtjjS0Fd,com.sec.android.app.shealth,tracker.pedometer,2023-09-23 03:00:00.000,665b9d1a-1368-4788-9251-58f8c65bbbc8,1,
,2023-10-16 03:00:00.000,,100003,,2024-01-09 15:12:30.784,2024-01-09 15:12:30.784,,,tracker_pedometer_reward_target_achieved,UTC-0300,"{""mTarget"":6000,""mValue"":6902}",R5wtjjS0Fd,com.sec.android.app.shealth,tracker.pedometer,2023-10-16 03:00:00.000,3daa0e5f-9f99-4bd9-923d-12fa3364ca14,1,
,2023-10-22 03:00:00.000,,100003,,2024-01-09 15:12:30.784,2024-01-09 15:12:30.784,,,tracker_pedometer_reward_target_achieved,UTC-0300,"{""mTarget"":6000,""mValue"":9825}",R5wtjjS0Fd,com.sec.android.app.shealth,tracker.pedometer,2023-10-22 03:00:00.000,4d346d8b-bd49-4b3f-9835-091739a4f0ed,1,
,2023-11-06 03:00:00.000,,100003,,2024-01-09 15:12:30.784,2024-01-09 15:12:30.784,,,tracker_pedometer_reward_target_achieved,UTC-0300,"{""mTarget"":6000,""mValue"":10299}",R5wtjjS0Fd,com.sec.android.app.shealth,tracker.pedometer,2023-11-06 03:00:00.000,ba79e89b-df04-4e9e-9a39-908038f15cd9,1,
,2023-11-16 03:00:00.000,,100003,,2024-01-09 15:12:30.784,2024-01-09 15:12:30.784,,,tracker_pedometer_reward_target_achieved,UTC-0300,"{""mTarget"":6000,""mValue"":10867}",R5wtjjS0Fd,com.sec.android.app.shealth,tracker.pedometer,2023-11-16 03:00:00.000,6f76cf84-6a3b-43c5-8b0d-cff685f8f11f,1,
,2023-11-20 03:00:00.000,,100003,,2024-01-09 15:12:30.784,2024-01-09 15:12:30.784,,,tracker_pedometer_reward_target_achieved,UTC-0300,"{""mTarget"":6000,""mValue"":8261}",R5wtjjS0Fd,com.sec.android.app.shealth,tracker.pedometer,2023-11-20 03:00:00.000,3ef37b8c-7351-4f22-bbb7-0582141c1539,1,
,2023-11-27 03:00:00.000,,100003,,2024-01-09 15:12:30.784,2024-01-09 15:12:30.784,,,tracker_pedometer_reward_target_achieved,UTC-0300,"{""mTarget"":6000,""mValue"":9317}",R5wtjjS0Fd,com.sec.android.app.shealth,tracker.pedometer,2023-11-27 03:00:00.000,14beb76a-7a19-4ccd-849f-34c7ef92faf8,1,
,2023-11-29 03:00:00.000,,100003,,2024-01-09 15:12:30.785,2024-01-09 15:12:30.785,,,tracker_pedometer_reward_target_achieved,UTC-0300,"{""mTarget"":6000,""mValue"":7916}",R5wtjjS0Fd,com.sec.android.app.shealth,tracker.pedometer,2023-11-29 03:00:00.000,7314bbfe-4aba-42c4-a96b-ba8fe2963d68,1,
,2023-12-17 03:00:00.000,,100003,,2024-01-09 15:12:30.785,2024-01-09 15:12:30.785,,,tracker_pedometer_reward_target_achieved,UTC-0300,"{""mTarget"":6000,""mValue"":9179}",R5wtjjS0Fd,com.sec.android.app.shealth,tracker.pedometer,2023-12-17 03:00:00.000,068eced9-bcf6-42f6-a861-b129e208cf8d,1,
,2023-12-18 03:00:00.000,,100003,,2024-01-09 15:12:30.785,2024-01-09 15:12:30.785,,,tracker_pedometer_reward_target_achieved,UTC-0300,"{""mTarget"":6000,""mValue"":11672}",R5wtjjS0Fd,com.sec.android.app.shealth,tracker.pedometer,2023-12-18 03:00:00.000,0da3ede7-4e91-4c22-b07c-a1aefdda84c7,1,
,2023-12-20 03:00:00.000,,100003,,2024-01-09 15:12:30.785,2024-01-09 15:12:30.785,,,tracker_pedometer_reward_target_achieved,UTC-0300,"{""mTarget"":6000,""mValue"":6866}",R5wtjjS0Fd,com.sec.android.app.shealth,tracker.pedometer,2023-12-20 03:00:00.000,4a2d48ce-ddd3-456e-8771-3c12789b9b42,1,
,2024-01-05 03:00:00.000,,100003,,2024-01-09 15:12:30.785,2024-01-09 15:12:30.785,,,tracker_pedometer_reward_target_achieved,UTC-0300,"{""mTarget"":6000,""mValue"":6930}",R5wtjjS0Fd,com.sec.android.app.shealth,tracker.pedometer,2024-01-05 03:00:00.000,c7fb3f32-8af5-4bca-bf69-3e744ada7245,1,
,2022-10-26 03:00:00.000,,100003,,2024-01-09 15:12:30.785,2024-01-09 15:12:30.785,,,tracker_pedometer_reward_most_walking_day,UTC-0300,"{""mTarget"":-1,""mValue"":13511}",R5wtjjS0Fd,com.sec.android.app.shealth,tracker.pedometer,2022-10-26 03:00:00.000,7fd64fb4-e12a-442b-a95e-daba76919c39,1,
