com.samsung.health.respiratory_rate,6307003,2
create_sh_ver,start_time,custom,binning_data,modify_sh_ver,average,lower_limit,update_time,create_time,client_data_id,upper_limit,client_data_ver,is_outlier,pplib_version,time_offset,deviceuuid,comment,pkg_name,end_time,datauuid
63050351,2025-10-28 04:08:00.000,,8c22f354-5a89-4ea0-b32e-0d8688a7095b.binning_data.json,63050351,11.419391,0.0,2025-10-28 10:14:13.551,2025-10-28 10:14:13.551,,0.0,,0,1.01.04,UTC-0300,tWUO8ZL77Z,,com.sec.android.app.shealth,2025-10-28 09:51:00.000,8c22f354-5a89-4ea0-b32e-0d8688a7095b,
63050351,2025-10-29 00:31:00.000,,f90a6bfd-2959-4f6e-acea-01a9a7626935.binning_data.json,63050351,11.417277,0.0,2025-10-29 04:49:10.838,2025-10-29 04:49:10.838,,0.0,,0,1.01.04,UTC-0300,tWUO8ZL77Z,,com.sec.android.app.shealth,2025-10-29 04:49:00.000,f90a6bfd-2959-4f6e-acea-01a9a7626935,
63050351,2025-10-29 04:53:00.000,,cbc8b156-5366-45cc-a46f-90a607c8c4b3.binning_data.json,63050351,11.119629,0.0,2025-10-29 09:57:38.027,2025-10-29 09:57:38.027,,0.0,,0,1.01.04,UTC-0300,tWUO8ZL77Z,,com.sec.android.app.shealth,2025-10-29 09:57:00.000,cbc8b156-5366-45cc-a46f-90a607c8c4b3,
63060051,2025-10-30 03:49:00.000,,38827724-7617-4c2e-8409-04994e615bcb.binning_data.json,63060051,11.728378,11.1591425,2025-10-30 09:30:06.021,2025-10-30 09:30:06.021,,11.697555,,1,1.01.04,UTC-0300,tWUO8ZL77Z,,com.sec.android.app.shealth,2025-10-30 09:30:00.000,38827724-7617-4c2e-8409-04994e615bcb,
63060051,2025-10-31 03:13:00.000,,260695fd-b5f1-4442-926d-eccd5f582f59.binning_data.json,63060051,10.9438715,10.968244,2025-10-31 08:42:39.139,2025-10-31 08:42:39.139,,11.475888,,1,1.01.04,UTC-0300,tWUO8ZL77Z,,com.sec.android.app.shealth,2025-10-31 08:12:00.000,260695fd-b5f1-4442-926d-eccd5f582f59,
63060051,2025-11-01 03:32:00.000,,0d1e253c-7f27-4381-95af-23579c702806.binning_data.json,63060051,10.969747,10.992864,2025-11-01 08:27:17.407,2025-11-01 08:27:17.407,,11.478461,,1,1.01.04,UTC-0300,tWUO8ZL77Z,,com.sec.android.app.shealth,2025-11-01 08:04:00.000,0d1e253c-7f27-4381-95af-23579c702806,
63060051,2025-11-01 08:28:00.000,,d3875143-96be-48ab-9733-0e5222cf2873.binning_data.json,63060051,11.665971,11.129027,2025-11-01 11:28:00.394,2025-11-01 11:28:00.394,,11.619311,,1,1.01.04,UTC-0300,tWUO8ZL77Z,,com.sec.android.app.shealth,2025-11-01 11:04:00.000,d3875143-96be-48ab-9733-0e5222cf2873,
63060051,2025-11-02 03:24:00.000,,632d7193-6e51-48a6-bbad-72ea57bdbc4c.binning_data.json,63060051,11.709853,11.131546,2025-11-02 07:05:19.877,2025-11-02 07:05:19.877,,11.656311,,1,1.01.04,UTC-0300,tWUO8ZL77Z,,com.sec.android.app.shealth,2025-11-02 06:40:00.000,632d7193-6e51-48a6-bbad-72ea57bdbc4c,
63060051,2025-11-02 07:58:00.000,,63fa4227-fc9d-4e98-95cf-96bcee369b63.binning_data.json,63060051,10.928345,10.994678,2025-11-02 10:54:07.139,2025-11-02 10:54:07.139,,11.524611,,1,1.01.04,UTC-0300,tWUO8ZL77Z,,com.sec.android.app.shealth,2025-11-02 10:31:00.000,63fa4227-fc9d-4e98-95cf-96bcee369b63,
63060051,2025-11-03 01:39:00.000,,d1311ad1-cce6-414d-a855-cff14d208384.binning_data.json,63060051,10.809785,10.818513,2025-11-03 09:58:17.907,2025-11-03 09:58:17.907,,11.461305,,1,1.01.04,UTC-0300,tWUO8ZL77Z,,com.sec.android.app.shealth,2025-11-03 09:36:00.000,d1311ad1-cce6-414d-a855-cff14d208384,
63060051,2025-11-04 04:44:00.000,,8383e232-3c8c-4663-9396-a4a09925ed5f.binning_data.json,63060051,12.7428,10.618565,2025-11-04 06:29:41.060,2025-11-04 06:29:41.060,,12.285664,,1,1.01.04,UTC-0300,tWUO8ZL77Z,,com.sec.android.app.shealth,2025-11-04 05:59:00.000,8383e232-3c8c-4663-9396-a4a09925ed5f,
63060051,2025-11-04 06:29:00.000,,78db0e05-3556-4cb1-addd-69d9f38cd585.binning_data.json,63060051,11.650065,11.154881,2025-11-04 10:46:40.125,2025-11-04 10:46:40.125,,11.626389,,1,1.01.04,UTC-0300,tWUO8ZL77Z,,com.sec.android.app.shealth,2025-11-04 10:24:00.000,78db0e05-3556-4cb1-addd-69d9f38cd585,
63060051,2025-11-05 02:38:00.000,,fe5f2abf-2810-4128-9a5b-c185f342fdb1.binning_data.json,63060051,11.430436,11.186193,2025-11-05 08:27:23.371,2025-11-05 08:27:23.371,,11.5142765,,0,1.01.04,UTC-0300,tWUO8ZL77Z,,com.sec.android.app.shealth,2025-11-05 07:58:00.000,fe5f2abf-2810-4128-9a5b-c185f342fdb1,
63060051,2025-11-06 04:43:00.000,,19325c27-c43d-453d-8ca6-6363e3d5fdeb.binning_data.json,63060051,11.6111765,11.196444,2025-11-06 09:13:18.682,2025-11-06 09:13:18.682,,11.59166,,1,1.01.04,UTC-0300,tWUO8ZL77Z,,com.sec.android.app.shealth,2025-11-06 09:13:00.000,19325c27-c43d-453d-8ca6-6363e3d5fdeb,
63060051,2025-11-07 03:46:00.000,,28fb940a-e1f4-4bf5-92fa-346137f80eff.binning_data.json,63060051,11.707169,11.11838,2025-11-07 04:57:33.451,2025-11-07 04:57:33.451,,11.604675,,1,1.01.04,UTC-0300,tWUO8ZL77Z,,com.sec.android.app.shealth,2025-11-07 04:57:00.000,28fb940a-e1f4-4bf5-92fa-346137f80eff,
63060051,2025-11-08 02:13:00.000,,f1dcda04-1823-4b5b-a76e-a85c771795ce.binning_data.json,63060051,11.555306,11.222014,2025-11-08 09:33:55.649,2025-11-08 09:33:55.649,,11.583795,,0,1.01.04,UTC-0300,tWUO8ZL77Z,,com.sec.android.app.shealth,2025-11-08 09:06:00.000,f1dcda04-1823-4b5b-a76e-a85c771795ce,
63060051,2025-11-09 04:03:00.000,,1d2929d9-a02f-4c00-842e-b11fc528172a.binning_data.json,63060051,11.115951,11.155646,2025-11-09 08:33:15.959,2025-11-09 08:33:15.959,,11.574531,,1,1.01.04,UTC-0300,tWUO8ZL77Z,,com.sec.android.app.shealth,2025-11-09 08:08:00.000,1d2929d9-a02f-4c00-842e-b11fc528172a,
63060051,2025-11-10 02:12:00.000,,cc3b096e-c096-465e-b987-483a4902b2fd.binning_data.json,63060051,11.094526,11.122133,2025-11-10 10:08:31.575,2025-11-10 10:08:31.575,,11.54994,,1,1.01.04,UTC-0300,tWUO8ZL77Z,,com.sec.android.app.shealth,2025-11-10 09:41:00.000,cc3b096e-c096-465e-b987-483a4902b2fd,
63060051,2025-11-12 03:04:00.000,,2d71b9e7-09dd-4cbf-961d-a5be85ecd115.binning_data.json,63060051,11.627171,11.231023,2025-11-12 07:02:22.491,2025-11-12 07:02:22.491,,11.627849,,0,1.01.04,UTC-0300,tWUO8ZL77Z,,com.sec.android.app.shealth,2025-11-12 07:02:00.000,2d71b9e7-09dd-4cbf-961d-a5be85ecd115,
63060051,2025-11-12 07:05:00.000,,35e0d29a-a166-4403-9d72-3d176bb93de1.binning_data.json,63060051,11.1178875,11.1703615,2025-11-12 09:29:29.782,2025-11-12 09:29:29.782,,11.596438,,1,1.01.04,UTC-0300,tWUO8ZL77Z,,com.sec.android.app.shealth,2025-11-12 09:29:00.000,35e0d29a-a166-4403-9d72-3d176bb93de1,
63060051,2025-11-13 04:21:00.000,,b44b2593-acc0-47dd-9be3-63a8c12a77b7.binning_data.json,63060051,11.86562,11.21268,2025-11-13 08:34:31.734,2025-11-13 08:34:31.734,,11.744042,,1,1.01.04,UTC-0300,tWUO8ZL77Z,,com.sec.android.app.shealth,2025-11-13 08:21:00.000,b44b2593-acc0-47dd-9be3-63a8c12a77b7,
63060051,2025-11-14 02:08:00.000,,43009aa5-000e-43b8-bb30-0006d8963f91.binning_data.json,63060051,12.850383,11.1439905,2025-11-14 03:51:40.981,2025-11-14 03:51:40.981,,11.4960375,,1,1.01.04,UTC-0300,tWUO8ZL77Z,,com.sec.android.app.shealth,2025-11-14 03:51:00.000,43009aa5-000e-43b8-bb30-0006d8963f91,
63060051,2025-11-14 03:54:00.000,,7c8075aa-ed82-49ae-a401-c5a6b4f8fb04.binning_data.json,63060051,11.2725,11.1439905,2025-11-14 10:10:28.927,2025-11-14 10:10:28.927,,11.4960375,,0,1.01.04,UTC-0300,tWUO8ZL77Z,,com.sec.android.app.shealth,2025-11-14 09:47:00.000,7c8075aa-ed82-49ae-a401-c5a6b4f8fb04,
63060051,2025-11-15 04:45:00.000,,f9538393-751c-4d2b-9c4c-f44a262685b6.binning_data.json,63060051,11.151871,11.1439905,2025-11-15 07:41:08.104,2025-11-15 07:41:08.104,,11.4960375,,0,1.01.04,UTC-0300,tWUO8ZL77Z,,com.sec.android.app.shealth,2025-11-15 07:41:00.000,f9538393-751c-4d2b-9c4c-f44a262685b6,
63060051,2025-11-15 07:43:00.000,,54d1c615-4a33-4188-9118-e6bbf1499e40.binning_data.json,63060051,10.934841,11.1439905,2025-11-15 09:09:11.962,2025-11-15 09:09:11.962,,11.4960375,,1,1.01.04,UTC-0300,tWUO8ZL77Z,,com.sec.android.app.shealth,2025-11-15 08:43:00.000,54d1c615-4a33-4188-9118-e6bbf1499e40,
63060051,2025-11-16 03:45:00.000,,b369eee0-bf56-407d-ac13-9d823067bb1b.binning_data.json,63060051,12.385902,11.1439905,2025-11-16 06:31:25.225,2025-11-16 06:31:25.225,,11.4960375,,1,1.01.04,UTC-0300,tWUO8ZL77Z,,com.sec.android.app.shealth,2025-11-16 06:05:00.000,b369eee0-bf56-407d-ac13-9d823067bb1b,
63060051,2025-11-16 06:40:00.000,,44c2cf3e-c54a-4cab-a9f2-b2aab07386cc.binning_data.json,63060051,11.385095,11.1439905,2025-11-16 09:09:51.570,2025-11-16 09:09:51.570,,11.4960375,,0,1.01.04,UTC-0300,tWUO8ZL77Z,,com.sec.android.app.shealth,2025-11-16 08:46:00.000,44c2cf3e-c54a-4cab-a9f2-b2aab07386cc,
63060051,2025-11-15 07:43:00.000,,a7ee7ecf-2b53-4278-adcd-ba43e4842020.binning_data.json,63060051,11.832519,11.1439905,2025-11-17 03:32:33.817,2025-11-17 03:32:33.817,,11.4960375,,1,1.01.04,UTC-0300,tWUO8ZL77Z,,com.sec.android.app.shealth,2025-11-15 08:43:00.000,a7ee7ecf-2b53-4278-adcd-ba43e4842020,
63060051,2025-11-17 04:02:00.000,,31c77cb2-7318-4786-acbd-5687c27211a7.binning_data.json,63060051,12.249579,11.1439905,2025-11-17 06:10:12.392,2025-11-17 06:10:12.392,,11.4960375,,1,1.01.04,UTC-0300,tWUO8ZL77Z,,com.sec.android.app.shealth,2025-11-17 05:43:00.000,31c77cb2-7318-4786-acbd-5687c27211a7,
63060051,2025-11-17 06:17:00.000,,64a8238a-f069-4019-b92c-854fd9c779c5.binning_data.json,63060051,11.395216,11.1439905,2025-11-17 09:46:00.597,2025-11-17 09:46:00.597,,11.4960375,,0,1.01.04,UTC-0300,tWUO8ZL77Z,,com.sec.android.app.shealth,2025-11-17 09:17:00.000,64a8238a-f069-4019-b92c-854fd9c779c5,
63060051,2025-11-18 01:52:00.000,,4cb95795-225a-476a-a4b9-e40d47a01324.binning_data.json,63060051,10.944532,11.1439905,2025-11-18 10:48:54.330,2025-11-18 10:48:54.330,,11.4960375,,1,1.01.04,UTC-0300,tWUO8ZL77Z,,com.sec.android.app.shealth,2025-11-18 10:27:00.000,4cb95795-225a-476a-a4b9-e40d47a01324,
63060051,2025-11-19 04:54:00.000,,6392201b-994e-4200-b59e-ef4893669f1a.binning_data.json,63060051,10.706705,11.1439905,2025-11-19 09:46:17.289,2025-11-19 09:46:17.289,,11.4960375,,1,1.01.04,UTC-0300,tWUO8ZL77Z,,com.sec.android.app.shealth,2025-11-19 09:22:00.000,6392201b-994e-4200-b59e-ef4893669f1a,
63060051,2025-11-20 01:41:00.000,,12c2bebd-e716-4f1c-b33f-8c945d4cc91c.binning_data.json,63060051,11.024998,11.186194,2025-11-20 09:20:01.484,2025-11-20 09:20:01.484,,11.514277,,1,1.01.04,UTC-0300,tWUO8ZL77Z,,com.sec.android.app.shealth,2025-11-20 09:19:00.000,12c2bebd-e716-4f1c-b33f-8c945d4cc91c,
63060051,2025-11-17 06:17:00.000,,f99fc250-e82d-4914-8750-e7a18cf7d511.binning_data.json,63060051,12.457214,11.186194,2025-11-21 03:01:23.483,2025-11-21 03:01:23.483,,11.514277,,1,1.01.04,UTC-0300,tWUO8ZL77Z,,com.sec.android.app.shealth,2025-11-17 09:17:00.000,f99fc250-e82d-4914-8750-e7a18cf7d511,
63060051,2025-11-21 03:24:00.000,,6c957c67-e434-494b-8d87-ca7b7a6e7d83.binning_data.json,63060051,10.767468,11.186194,2025-11-21 06:13:10.652,2025-11-21 06:13:10.652,,11.514277,,1,1.01.04,UTC-0300,tWUO8ZL77Z,,com.sec.android.app.shealth,2025-11-21 05:47:00.000,6c957c67-e434-494b-8d87-ca7b7a6e7d83,
63060051,2025-11-21 06:13:00.000,,96d5e7bc-585f-4422-b48d-81d144d13860.binning_data.json,63060051,10.30568,11.186194,2025-11-21 10:53:27.022,2025-11-21 10:53:27.022,,11.514277,,1,1.01.04,UTC-0300,tWUO8ZL77Z,,com.sec.android.app.shealth,2025-11-21 10:30:00.000,96d5e7bc-585f-4422-b48d-81d144d13860,
63060051,2025-11-17 06:17:00.000,,6750c4bc-0579-4b9d-9713-5e40ef7bd188.binning_data.json,63060051,13.779199,11.186194,2025-11-21 13:24:39.797,2025-11-21 13:24:39.797,,11.514277,,1,1.01.04,UTC-0300,tWUO8ZL77Z,,com.sec.android.app.shealth,2025-11-17 09:17:00.000,6750c4bc-0579-4b9d-9713-5e40ef7bd188,
63060051,2025-11-22 02:38:00.000,,716b36a5-ec33-44bd-93da-30ceddd3ed2a.binning_data.json,63060051,11.259043,11.186194,2025-11-22 09:06:20.503,2025-11-22 09:06:20.503,,11.514277,,0,1.01.04,UTC-0300,tWUO8ZL77Z,,com.sec.android.app.shealth,2025-11-22 09:06:00.000,716b36a5-ec33-44bd-93da-30ceddd3ed2a,
63060051,2025-11-22 09:05:00.000,,e14907ab-bfbe-4ab1-b01b-00a76c8a2e93.binning_data.json,63060051,13.392969,11.186194,2025-11-22 09:48:58.599,2025-11-22 09:48:58.599,,11.514277,,1,1.01.04,UTC-0300,tWUO8ZL77Z,,com.sec.android.app.shealth,2025-11-22 09:30:00.000,e14907ab-bfbe-4ab1-b01b-00a76c8a2e93,
63060051,2025-11-23 04:54:00.000,,10e3d9e5-ee12-4b48-8015-abe3085cbb97.binning_data.json,63060051,11.636768,11.222014,2025-11-23 10:06:11.872,2025-11-23 10:06:11.872,,11.583795,,1,1.01.04,UTC-0300,tWUO8ZL77Z,,com.sec.android.app.shealth,2025-11-23 09:42:00.000,10e3d9e5-ee12-4b48-8015-abe3085cbb97,
63060051,2025-11-24 01:37:00.000,,f2146691-0f54-4f56-839b-92a6135a3fd5.binning_data.json,63060051,11.28535,11.222014,2025-11-24 07:34:32.156,2025-11-24 07:34:32.156,,11.583795,,0,1.01.04,UTC-0300,tWUO8ZL77Z,,com.sec.android.app.shealth,2025-11-24 07:11:00.000,f2146691-0f54-4f56-839b-92a6135a3fd5,
63060051,2025-11-24 07:43:00.000,,74783a16-7301-45df-9d9c-40c902e9af47.binning_data.json,63060051,11.671105,11.19714,2025-11-24 10:17:08.565,2025-11-24 10:17:08.565,,11.599707,,1,1.01.04,UTC-0300,tWUO8ZL77Z,,com.sec.android.app.shealth,2025-11-24 09:55:00.000,74783a16-7301-45df-9d9c-40c902e9af47,
63060051,2025-11-25 04:00:00.000,,acba8c87-c26b-4773-a4bf-c69ece580f46.binning_data.json,63060051,11.347011,11.206172,2025-11-25 10:26:16.128,2025-11-25 10:26:16.128,,11.54366,,0,1.01.04,UTC-0300,tWUO8ZL77Z,,com.sec.android.app.shealth,2025-11-25 09:58:00.000,acba8c87-c26b-4773-a4bf-c69ece580f46,
63060051,2025-11-26 01:53:00.000,,1450d117-803b-432d-b84f-b15193a65bde.binning_data.json,63060051,11.166651,11.173206,2025-11-26 08:42:27.583,2025-11-26 08:42:27.583,,11.526808,,1,1.01.04,UTC-0300,tWUO8ZL77Z,,com.sec.android.app.shealth,2025-11-26 08:16:00.000,1450d117-803b-432d-b84f-b15193a65bde,
63060051,2025-11-24 07:43:00.000,,0f7c45ea-f7aa-4b81-9754-103f343153bc.binning_data.json,63060051,13.616075,10.567305,2025-11-27 01:23:26.722,2025-11-27 01:23:26.722,,12.261065,,1,1.01.04,UTC-0300,tWUO8ZL77Z,,com.sec.android.app.shealth,2025-11-24 09:55:00.000,0f7c45ea-f7aa-4b81-9754-103f343153bc,
63060051,2025-11-27 05:36:00.000,,3ec52db8-e3bd-4a53-b3af-1409f1d10a7f.binning_data.json,63060051,10.989697,11.426599,2025-11-27 08:58:00.768,2025-11-27 08:58:00.768,,11.631001,,1,1.01.04,UTC-0300,tWUO8ZL77Z,,com.sec.android.app.shealth,2025-11-27 08:35:00.000,3ec52db8-e3bd-4a53-b3af-1409f1d10a7f,
63060051,2025-11-27 09:04:00.000,,b6e2de83-415e-4d96-b015-3e98c5baf0f5.binning_data.json,63060051,10.907749,11.426599,2025-11-27 11:06:33.290,2025-11-27 11:06:33.290,,11.631001,,1,1.01.04,UTC-0300,tWUO8ZL77Z,,com.sec.android.app.shealth,2025-11-27 10:40:00.000,b6e2de83-415e-4d96-b015-3e98c5baf0f5,
63060051,2025-11-28 03:56:00.000,,8995f929-81aa-4e11-b5fa-4c1c23333493.binning_data.json,63060051,10.74728,11.426599,2025-11-28 10:28:39.586,2025-11-28 10:28:39.586,,11.631001,,1,1.01.04,UTC-0300,tWUO8ZL77Z,,com.sec.android.app.shealth,2025-11-28 10:07:00.000,8995f929-81aa-4e11-b5fa-4c1c23333493,
63060051,2025-11-29 04:03:00.000,,19dcb4bc-912f-416d-9a90-a29de86fecc1.binning_data.json,63060051,11.587192,11.426599,2025-11-29 09:34:18.633,2025-11-29 09:34:18.633,,11.631001,,0,1.01.04,UTC-0300,tWUO8ZL77Z,,com.sec.android.app.shealth,2025-11-29 09:12:00.000,19dcb4bc-912f-416d-9a90-a29de86fecc1,
63060051,2025-12-01 02:45:00.000,,8cbc5960-d65f-46b5-bf00-920f85e90ccc.binning_data.json,63060051,11.431478,11.221598,2025-12-01 10:10:25.572,2025-12-01 10:10:25.572,,11.626051,,0,1.01.04,UTC-0300,tWUO8ZL77Z,,com.sec.android.app.shealth,2025-12-01 09:49:00.000,8cbc5960-d65f-46b5-bf00-920f85e90ccc,
63060051,2025-12-02 04:14:00.000,,592d3a76-0c11-4ccb-881e-ed3cef0fe97b.binning_data.json,63060051,11.4536295,11.200919,2025-12-02 08:06:54.666,2025-12-02 08:06:54.666,,11.643321,,0,1.01.04,UTC-0300,tWUO8ZL77Z,,com.sec.android.app.shealth,2025-12-02 07:44:00.000,592d3a76-0c11-4ccb-881e-ed3cef0fe97b,
63060051,2025-12-02 08:09:00.000,,7ac54a75-609f-46b9-be24-c7e21e8fd44e.binning_data.json,63060051,11.474855,11.216801,2025-12-02 09:48:25.873,2025-12-02 09:48:25.873,,11.6203575,,0,1.01.04,UTC-0300,tWUO8ZL77Z,,com.sec.android.app.shealth,2025-12-02 09:48:00.000,7ac54a75-609f-46b9-be24-c7e21e8fd44e,
63060051,2025-12-03 02:25:00.000,,c2ba4e48-b9db-409c-8e2a-00f1058808ba.binning_data.json,63060051,11.394457,11.216801,2025-12-03 10:07:27.133,2025-12-03 10:07:27.133,,11.6203575,,0,1.01.04,UTC-0300,tWUO8ZL77Z,,com.sec.android.app.shealth,2025-12-03 09:45:00.000,c2ba4e48-b9db-409c-8e2a-00f1058808ba,
63060051,2025-12-02 08:09:00.000,,72a04d62-63f7-489d-bfaf-5016d9f125f2.binning_data.json,63060051,14.734459,11.216801,2025-12-03 10:51:32.838,2025-12-03 10:51:32.838,,11.6203575,,1,1.01.04,UTC-0300,tWUO8ZL77Z,,com.sec.android.app.shealth,2025-12-02 09:48:00.000,72a04d62-63f7-489d-bfaf-5016d9f125f2,
63060051,2025-12-04 03:07:00.000,,df3fb74b-6ff7-46d6-8198-84862fce0a73.binning_data.json,63060051,11.419636,11.216801,2025-12-04 09:49:35.976,2025-12-04 09:49:35.976,,11.6203575,,0,1.01.04,UTC-0300,tWUO8ZL77Z,,com.sec.android.app.shealth,2025-12-04 09:34:00.000,df3fb74b-6ff7-46d6-8198-84862fce0a73,
63060051,2025-12-04 09:58:00.000,,512f1283-9742-4aa8-8435-f4dc4178b17a.binning_data.json,63060051,13.478533,11.216801,2025-12-04 11:05:18.981,2025-12-04 11:05:18.981,,11.6203575,,1,1.01.04,UTC-0300,tWUO8ZL77Z,,com.sec.android.app.shealth,2025-12-04 10:42:00.000,512f1283-9742-4aa8-8435-f4dc4178b17a,
63060051,2025-12-06 04:24:00.000,,276a5767-8cfa-4d71-a0e5-51d41c2196ac.binning_data.json,63060051,11.729706,11.167849,2025-12-06 06:15:41.977,2025-12-06 06:15:41.977,,11.561604,,1,1.01.04,UTC-0300,tWUO8ZL77Z,,com.sec.android.app.shealth,2025-12-06 05:48:00.000,276a5767-8cfa-4d71-a0e5-51d41c2196ac,
63060051,2025-12-06 06:12:00.000,,4aed4aa7-d1eb-4ed9-b464-43f8ce72f944.binning_data.json,63060051,11.588048,11.167849,2025-12-06 11:46:47.191,2025-12-06 11:46:47.191,,11.561604,,1,1.01.04,UTC-0300,tWUO8ZL77Z,,com.sec.android.app.shealth,2025-12-06 11:23:00.000,4aed4aa7-d1eb-4ed9-b464-43f8ce72f944,
63060051,2025-12-02 08:09:00.000,,54832aa0-431a-409e-aad1-58384a8f4233.binning_data.json,63060051,13.704273,11.167849,2025-12-06 16:53:34.316,2025-12-06 16:53:34.316,,11.561604,,1,1.01.04,UTC-0300,tWUO8ZL77Z,,com.sec.android.app.shealth,2025-12-02 09:48:00.000,54832aa0-431a-409e-aad1-58384a8f4233,
63060051,2025-12-07 06:20:00.000,,9046f407-6041-478a-a842-21f9566ba35c.binning_data.json,63060051,11.380757,11.150379,2025-12-07 10:40:17.697,2025-12-07 10:40:17.697,,11.524481,,0,1.01.04,UTC-0300,tWUO8ZL77Z,,com.sec.android.app.shealth,2025-12-07 10:15:00.000,9046f407-6041-478a-a842-21f9566ba35c,
63060051,2025-12-08 04:45:00.000,,2dafa13c-51fd-407b-a2f8-9b8b7565332a.binning_data.json,63060051,11.461852,11.150379,2025-12-08 11:08:38.879,2025-12-08 11:08:38.879,,11.524481,,0,1.01.04,UTC-0300,tWUO8ZL77Z,,com.sec.android.app.shealth,2025-12-08 10:46:00.000,2dafa13c-51fd-407b-a2f8-9b8b7565332a,
63060051,2025-12-02 08:09:00.000,,134d019a-74e5-4355-826c-2404e8e5f005.binning_data.json,63060051,12.315172,11.150379,2025-12-08 16:35:20.947,2025-12-08 16:35:20.947,,11.524481,,1,1.01.04,UTC-0300,tWUO8ZL77Z,,com.sec.android.app.shealth,2025-12-02 09:48:00.000,134d019a-74e5-4355-826c-2404e8e5f005,
63060051,2025-12-09 05:35:00.000,,12d2632b-649f-478a-8cd3-b67ad1d5f9d0.binning_data.json,63060051,11.897241,11.182315,2025-12-09 09:08:23.320,2025-12-09 09:08:23.320,,11.388217,,1,1.01.04,UTC-0300,tWUO8ZL77Z,,com.sec.android.app.shealth,2025-12-09 09:08:00.000,12d2632b-649f-478a-8cd3-b67ad1d5f9d0,
63060051,2025-12-09 09:18:00.000,,a2303d5d-4bd0-4cea-9a51-4a13fd68fe9c.binning_data.json,63060051,12.005212,11.182315,2025-12-09 10:28:34.312,2025-12-09 10:28:34.312,,11.388217,,1,1.01.04,UTC-0300,tWUO8ZL77Z,,com.sec.android.app.shealth,2025-12-09 10:07:00.000,a2303d5d-4bd0-4cea-9a51-4a13fd68fe9c,
63060051,2025-12-10 02:39:00.000,,93b86c33-e4c5-4ebb-ab87-01a9ff24291d.binning_data.json,63060051,12.711924,11.182315,2025-12-10 04:07:37.732,2025-12-10 04:07:37.732,,11.388217,,1,1.01.04,UTC-0300,tWUO8ZL77Z,,com.sec.android.app.shealth,2025-12-10 03:40:00.000,93b86c33-e4c5-4ebb-ab87-01a9ff24291d,
63060051,2025-12-10 04:10:00.000,,7f269e2d-0b6d-4ac4-b4d6-7ce516655443.binning_data.json,63060051,11.188954,11.182315,2025-12-10 09:04:10.039,2025-12-10 09:04:10.039,,11.388217,,0,1.01.04,UTC-0300,tWUO8ZL77Z,,com.sec.android.app.shealth,2025-12-10 08:41:00.000,7f269e2d-0b6d-4ac4-b4d6-7ce516655443,
63060051,2025-12-11 03:28:00.000,,f413396e-b114-47ca-9112-deb30ed93a68.binning_data.json,63060051,11.069454,11.197881,2025-12-11 10:42:30.328,2025-12-11 10:42:30.328,,11.407708,,1,1.01.04,UTC-0300,tWUO8ZL77Z,,com.sec.android.app.shealth,2025-12-11 10:18:00.000,f413396e-b114-47ca-9112-deb30ed93a68,
63060051,2025-12-12 04:17:00.000,,aad95941-1a3c-4643-bc53-3b4600b17167.binning_data.json,63060051,11.278154,11.249544,2025-12-12 10:31:54.343,2025-12-12 10:31:54.343,,11.389299,,0,1.01.04,UTC-0300,tWUO8ZL77Z,,com.sec.android.app.shealth,2025-12-12 10:06:00.000,aad95941-1a3c-4643-bc53-3b4600b17167,
63060051,2025-12-13 04:05:00.000,,ad04d9be-4d03-49d9-9e8c-79cf2514a441.binning_data.json,63060051,11.72295,11.249544,2025-12-13 06:38:12.099,2025-12-13 06:38:12.099,,11.389299,,1,1.01.04,UTC-0300,tWUO8ZL77Z,,com.sec.android.app.shealth,2025-12-13 06:08:00.000,ad04d9be-4d03-49d9-9e8c-79cf2514a441,
63060051,2025-12-13 06:45:00.000,,3eb58064-1f6b-4979-92e6-af80fbf775a7.binning_data.json,63060051,11.266632,11.245037,2025-12-13 10:21:49.991,2025-12-13 10:21:49.991,,11.37985,,0,1.01.04,UTC-0300,tWUO8ZL77Z,,com.sec.android.app.shealth,2025-12-13 09:58:00.000,3eb58064-1f6b-4979-92e6-af80fbf775a7,
63060051,2025-12-14 02:42:00.000,,d3c1623a-081b-419b-b7c4-fa931c96eef2.binning_data.json,63060051,11.990075,11.245037,2025-12-14 05:00:32.470,2025-12-14 05:00:32.470,,11.37985,,1,1.01.04,UTC-0300,tWUO8ZL77Z,,com.sec.android.app.shealth,2025-12-14 04:34:00.000,d3c1623a-081b-419b-b7c4-fa931c96eef2,
63060051,2025-12-14 06:36:00.000,,aaaa5624-b779-4684-b694-c6e44db8dda0.binning_data.json,63060051,11.360519,11.2009735,2025-12-14 10:06:06.708,2025-12-14 10:06:06.708,,11.52536,,0,1.01.04,UTC-0300,tWUO8ZL77Z,,com.sec.android.app.shealth,2025-12-14 09:43:00.000,aaaa5624-b779-4684-b694-c6e44db8dda0,
63060051,2025-12-14 23:52:00.000,,f36b39e0-2a18-4630-a402-7e60b33cba4e.binning_data.json,63060051,12.17369,11.2009735,2025-12-15 02:34:11.462,2025-12-15 02:34:11.462,,11.52536,,1,1.01.04,UTC-0300,tWUO8ZL77Z,,com.sec.android.app.shealth,2025-12-15 02:34:00.000,f36b39e0-2a18-4630-a402-7e60b33cba4e,
63060051,2025-12-15 03:14:00.000,,8b6282f5-4b95-49b9-95b2-59ee3beb28b8.binning_data.json,63060051,11.249648,11.2009735,2025-12-15 10:20:56.375,2025-12-15 10:20:56.375,,11.52536,,0,1.01.04,UTC-0300,tWUO8ZL77Z,,com.sec.android.app.shealth,2025-12-15 09:57:00.000,8b6282f5-4b95-49b9-95b2-59ee3beb28b8,
63060051,2025-12-16 03:04:00.000,,9ea65ee7-4744-4abc-bf2d-d31f23cdbef9.binning_data.json,63060051,12.029347,11.2009735,2025-12-16 09:40:55.275,2025-12-16 09:40:55.275,,11.52536,,1,1.01.04,UTC-0300,tWUO8ZL77Z,,com.sec.android.app.shealth,2025-12-16 09:17:00.000,9ea65ee7-4744-4abc-bf2d-d31f23cdbef9,
63060051,2025-12-17 03:25:00.000,,8acc4947-18db-48d5-84b6-2cdd4d97ccd5.binning_data.json,63060051,11.529814,11.247512,2025-12-17 09:32:41.819,2025-12-17 09:32:41.819,,11.526635,,1,1.01.04,UTC-0300,tWUO8ZL77Z,,com.sec.android.app.shealth,2025-12-17 09:09:00.000,8acc4947-18db-48d5-84b6-2cdd4d97ccd5,
63060051,2025-12-18 01:25:00.000,,be969897-cb75-4d8e-a032-e8ce21d4b450.binning_data.json,63060051,11.478762,11.255545,2025-12-18 06:07:30.138,2025-12-18 06:07:30.138,,11.5256,,0,1.01.04,UTC-0300,tWUO8ZL77Z,,com.sec.android.app.shealth,2025-12-18 05:44:00.000,be969897-cb75-4d8e-a032-e8ce21d4b450,
63060051,2025-12-18 06:55:00.000,,00f66edf-d2f1-4e70-bd7c-f0d4b9fc7916.binning_data.json,63060051,12.101136,11.265038,2025-12-18 10:49:14.566,2025-12-18 10:49:14.566,,11.517454,,1,1.01.04,UTC-0300,tWUO8ZL77Z,,com.sec.android.app.shealth,2025-12-18 10:24:00.000,00f66edf-d2f1-4e70-bd7c-f0d4b9fc7916,
63060051,2025-12-19 03:07:00.000,,fc4c1220-d406-44b0-b83a-ef57247f8c75.binning_data.json,63060051,11.389428,11.309092,2025-12-19 10:16:19.935,2025-12-19 10:16:19.935,,11.520004,,0,1.01.04,UTC-0300,tWUO8ZL77Z,,com.sec.android.app.shealth,2025-12-19 09:54:00.000,fc4c1220-d406-44b0-b83a-ef57247f8c75,
63060051,2025-12-20 02:58:00.000,,cbe19a88-1c8a-414d-b76f-e45c8e534d14.binning_data.json,63060051,11.056842,11.309092,2025-12-20 09:07:56.202,2025-12-20 09:07:56.202,,11.520004,,1,1.01.04,UTC-0300,tWUO8ZL77Z,,com.sec.android.app.shealth,2025-12-20 08:43:00.000,cbe19a88-1c8a-414d-b76f-e45c8e534d14,
63060051,2025-12-20 09:31:00.000,,2a5c6126-4e34-4944-8676-4a372b9fc5d9.binning_data.json,63060051,12.365264,11.309092,2025-12-20 10:45:27.704,2025-12-20 10:45:27.704,,11.520004,,1,1.01.04,UTC-0300,tWUO8ZL77Z,,com.sec.android.app.shealth,2025-12-20 10:24:00.000,2a5c6126-4e34-4944-8676-4a372b9fc5d9,
63060051,2025-12-21 05:37:00.000,,a3a7637d-9336-4d82-b4c5-03dea09aecb2.binning_data.json,63060051,11.332943,11.34576,2025-12-21 09:51:18.455,2025-12-21 09:51:18.455,,11.522203,,1,1.01.04,UTC-0300,tWUO8ZL77Z,,com.sec.android.app.shealth,2025-12-21 09:26:00.000,a3a7637d-9336-4d82-b4c5-03dea09aecb2,
63060051,2025-12-21 09:58:00.000,,446771c8-a947-42b4-8044-8f9056313715.binning_data.json,63060051,11.071003,11.34576,2025-12-21 12:30:53.324,2025-12-21 12:30:53.324,,11.522203,,1,1.01.04,UTC-0300,tWUO8ZL77Z,,com.sec.android.app.shealth,2025-12-21 12:05:00.000,446771c8-a947-42b4-8044-8f9056313715,
63060051,2025-12-22 06:02:00.000,,f2e11094-789b-433e-9231-4e4466f0abd4.binning_data.json,63060051,11.435696,11.34576,2025-12-22 09:17:42.592,2025-12-22 09:17:42.592,,11.522203,,0,1.01.04,UTC-0300,tWUO8ZL77Z,,com.sec.android.app.shealth,2025-12-22 08:52:00.000,f2e11094-789b-433e-9231-4e4466f0abd4,
63060051,2025-12-22 09:24:00.000,,3da06ae2-9cf4-4ea3-960f-46228419b553.binning_data.json,63060051,11.715469,11.362865,2025-12-22 12:02:52.767,2025-12-22 12:02:52.767,,11.523283,,1,1.01.04,UTC-0300,tWUO8ZL77Z,,com.sec.android.app.shealth,2025-12-22 11:40:00.000,3da06ae2-9cf4-4ea3-960f-46228419b553,
63070031,2025-12-23 08:04:00.000,,84a9b7d0-d9bc-4949-a270-9c796294e4bb.binning_data.json,63070031,11.2519455,11.362865,2025-12-23 10:42:40.499,2025-12-23 10:42:40.499,,11.523283,,1,1.01.04,UTC-0300,tWUO8ZL77Z,,com.sec.android.app.shealth,2025-12-23 10:19:00.000,84a9b7d0-d9bc-4949-a270-9c796294e4bb,
63070031,2025-12-24 04:14:00.000,,5ff14e40-836e-495b-b577-b9dc0309c14d.binning_data.json,63070031,13.249162,11.370706,2025-12-24 05:37:18.725,2025-12-24 05:37:18.725,,11.520986,,1,1.01.04,UTC-0300,tWUO8ZL77Z,,com.sec.android.app.shealth,2025-12-24 05:14:00.000,5ff14e40-836e-495b-b577-b9dc0309c14d,
63070031,2025-12-24 05:46:00.000,,1d12a5da-299a-40de-8830-89ecd7df99a3.binning_data.json,63070031,11.8267145,11.370706,2025-12-24 07:54:45.080,2025-12-24 07:54:45.080,,11.520986,,1,1.01.04,UTC-0300,tWUO8ZL77Z,,com.sec.android.app.shealth,2025-12-24 07:28:00.000,1d12a5da-299a-40de-8830-89ecd7df99a3,
63070031,2025-12-24 08:01:00.000,,4c8e7c71-ad0d-4890-beae-98151a4a015c.binning_data.json,63070031,11.925279,11.370706,2025-12-24 10:37:09.101,2025-12-24 10:37:09.101,,11.520986,,1,1.01.04,UTC-0300,tWUO8ZL77Z,,com.sec.android.app.shealth,2025-12-24 10:17:00.000,4c8e7c71-ad0d-4890-beae-98151a4a015c,
63070031,2025-12-25 04:28:00.000,,0fcf6326-e5bf-4f59-9a34-b23cffe3ac14.binning_data.json,63070031,11.919744,11.295585,2025-12-25 11:19:59.681,2025-12-25 11:19:59.681,,11.544951,,1,1.01.04,UTC-0300,tWUO8ZL77Z,,com.sec.android.app.shealth,2025-12-25 11:00:00.000,0fcf6326-e5bf-4f59-9a34-b23cffe3ac14,
63070031,2025-12-26 06:45:00.000,,86a69e90-1fbe-47bb-9b85-9aee9c981c85.binning_data.json,63070031,12.268731,11.295585,2025-12-26 09:16:09.297,2025-12-26 09:16:09.297,,11.544951,,1,1.01.04,UTC-0300,tWUO8ZL77Z,,com.sec.android.app.shealth,2025-12-26 08:48:00.000,86a69e90-1fbe-47bb-9b85-9aee9c981c85,
63070031,2025-12-27 04:08:00.000,,d7891628-5416-426c-b254-1e3dfc82aa07.binning_data.json,63070031,11.129569,11.291515,2025-12-27 09:57:14.189,2025-12-27 09:57:14.189,,11.505583,,1,1.01.04,UTC-0300,tWUO8ZL77Z,,com.sec.android.app.shealth,2025-12-27 09:53:00.000,d7891628-5416-426c-b254-1e3dfc82aa07,
63070031,2025-12-28 06:11:00.000,,01316717-b917-4514-a536-695350c90faf.binning_data.json,63070031,11.393522,11.25733,2025-12-28 08:46:09.127,2025-12-28 08:46:09.127,,11.491451,,0,1.01.04,UTC-0300,tWUO8ZL77Z,,com.sec.android.app.shealth,2025-12-28 08:21:00.000,01316717-b917-4514-a536-695350c90faf,
63070031,2025-12-28 09:08:00.000,,c68e26b1-1ccb-4192-ae7f-085bc5234093.binning_data.json,63070031,11.766351,11.2471075,2025-12-28 10:57:28.089,2025-12-28 10:57:28.089,,11.4850855,,1,1.01.04,UTC-0300,tWUO8ZL77Z,,com.sec.android.app.shealth,2025-12-28 10:33:00.000,c68e26b1-1ccb-4192-ae7f-085bc5234093,
63070031,2025-12-29 02:51:00.000,,03bd0d05-188d-4ae8-8ec0-64b405ec41b2.binning_data.json,63070031,11.619563,11.2468605,2025-12-29 10:56:17.887,2025-12-29 10:56:17.887,,11.461544,,1,1.01.04,UTC-0300,tWUO8ZL77Z,,com.sec.android.app.shealth,2025-12-29 10:48:00.000,03bd0d05-188d-4ae8-8ec0-64b405ec41b2,
63070031,2025-12-30 05:09:00.000,,fb3aa731-2d61-416a-9aa6-372051e2a3ff.binning_data.json,63070031,11.702577,11.233748,2025-12-30 08:41:10.545,2025-12-30 08:41:10.545,,11.456834,,1,1.01.04,UTC-0300,tWUO8ZL77Z,,com.sec.android.app.shealth,2025-12-30 08:19:00.000,fb3aa731-2d61-416a-9aa6-372051e2a3ff,
63070031,2025-12-31 02:31:00.000,,91e0c360-c1ac-40a6-bb33-c28dd57ee173.binning_data.json,63070031,11.348388,11.219104,2025-12-31 07:01:57.147,2025-12-31 07:01:57.147,,11.439057,,0,1.01.04,UTC-0300,tWUO8ZL77Z,,com.sec.android.app.shealth,2025-12-31 06:38:00.000,91e0c360-c1ac-40a6-bb33-c28dd57ee173,
63070031,2025-12-31 09:00:00.000,,1a19f595-d6cd-47be-aeef-a3e2528d0318.binning_data.json,63070031,14.429881,11.204807,2025-12-31 10:23:43.778,2025-12-31 10:23:43.778,,11.4198,,1,1.01.04,UTC-0300,tWUO8ZL77Z,,com.sec.android.app.shealth,2025-12-31 10:23:00.000,1a19f595-d6cd-47be-aeef-a3e2528d0318,
63070031,2026-01-01 04:24:00.000,,bad8aac8-492f-4658-b06a-80e2e3877e4b.binning_data.json,63070031,11.524603,11.204807,2026-01-01 10:13:59.524,2026-01-01 10:13:59.524,,11.4198,,1,1.01.04,UTC-0300,tWUO8ZL77Z,,com.sec.android.app.shealth,2026-01-01 09:50:00.000,bad8aac8-492f-4658-b06a-80e2e3877e4b,
63070031,2026-01-02 01:57:00.000,,2f6f4a1a-2420-4a21-ae00-9f4ea9311312.binning_data.json,63070031,10.991708,11.209561,2026-01-02 07:36:54.795,2026-01-02 07:36:54.795,,11.453265,,1,1.01.04,UTC-0300,tWUO8ZL77Z,,com.sec.android.app.shealth,2026-01-02 07:14:00.000,2f6f4a1a-2420-4a21-ae00-9f4ea9311312,
63070031,2026-01-02 07:49:00.000,,f1a92a72-c5d2-4222-98d5-a941e35a769e.binning_data.json,63070031,12.435834,11.209561,2026-01-02 09:28:09.793,2026-01-02 09:28:09.793,,11.453265,,1,1.01.04,UTC-0300,tWUO8ZL77Z,,com.sec.android.app.shealth,2026-01-02 09:28:00.000,f1a92a72-c5d2-4222-98d5-a941e35a769e,
63070031,2026-01-04 05:21:00.000,,b0d8b17b-d2d6-4ab6-9c29-3b51ffa2fc44.binning_data.json,63070031,11.507487,11.213598,2026-01-04 07:42:47.747,2026-01-04 07:42:47.747,,11.4587345,,1,1.01.04,UTC-0300,tWUO8ZL77Z,,com.sec.android.app.shealth,2026-01-04 07:30:00.000,b0d8b17b-d2d6-4ab6-9c29-3b51ffa2fc44,
63070031,2026-01-05 03:14:00.000,,37ab0075-7185-412f-b8d7-9c3df470b829.binning_data.json,63070031,11.28983,11.200304,2026-01-05 09:35:38.800,2026-01-05 09:35:38.800,,11.42845,,0,1.01.04,UTC-0300,tWUO8ZL77Z,,com.sec.android.app.shealth,2026-01-05 09:25:00.000,37ab0075-7185-412f-b8d7-9c3df470b829,
63070031,2026-01-06 05:01:00.000,,0894301c-ab4d-45a6-b060-89eac9717113.binning_data.json,63070031,11.387587,11.231624,2026-01-06 09:09:59.780,2026-01-06 09:09:59.780,,11.434579,,0,1.01.04,UTC-0300,tWUO8ZL77Z,,com.sec.android.app.shealth,2026-01-06 09:07:00.000,0894301c-ab4d-45a6-b060-89eac9717113,
63070031,2026-01-07 04:55:00.000,,5ff4e02c-dae9-4748-9c71-bf023bfe83e4.binning_data.json,63070031,11.570944,11.237892,2026-01-07 09:29:31.151,2026-01-07 09:29:31.151,,11.44574,,1,1.01.04,UTC-0300,tWUO8ZL77Z,,com.sec.android.app.shealth,2026-01-07 09:07:00.000,5ff4e02c-dae9-4748-9c71-bf023bfe83e4,
63070031,2026-01-08 04:13:00.000,,80f8fd51-13e9-4460-a786-b6566922ebe1.binning_data.json,63070031,11.784691,11.237892,2026-01-08 09:35:53.279,2026-01-08 09:35:53.279,,11.44574,,1,1.01.04,UTC-0300,tWUO8ZL77Z,,com.sec.android.app.shealth,2026-01-08 09:13:00.000,80f8fd51-13e9-4460-a786-b6566922ebe1,
63070031,2026-01-09 02:38:00.000,,c9aa60fc-ee73-43eb-8ea3-12ebdbbb783c.binning_data.json,63070031,11.940953,11.251187,2026-01-09 07:59:04.065,2026-01-09 07:59:04.065,,11.46008,,1,1.01.04,UTC-0300,tWUO8ZL77Z,,com.sec.android.app.shealth,2026-01-09 07:58:00.000,c9aa60fc-ee73-43eb-8ea3-12ebdbbb783c,
63070031,2026-01-09 08:02:00.000,,dca17b7b-2062-4db8-8b41-e410ca348ee7.binning_data.json,63070031,13.419856,11.251187,2026-01-09 09:21:32.863,2026-01-09 09:21:32.863,,11.46008,,1,1.01.04,UTC-0300,tWUO8ZL77Z,,com.sec.android.app.shealth,2026-01-09 08:56:00.000,dca17b7b-2062-4db8-8b41-e410ca348ee7,
63070031,2026-01-10 02:35:00.000,,c1dd8f7f-8a98-4e7b-9ae5-7c28f440cace.binning_data.json,63070031,11.997351,11.268659,2026-01-10 06:42:30.225,2026-01-10 06:42:30.225,,11.466815,,1,1.01.04,UTC-0300,tWUO8ZL77Z,,com.sec.android.app.shealth,2026-01-10 06:36:00.000,c1dd8f7f-8a98-4e7b-9ae5-7c28f440cace,
63070031,2026-01-11 03:31:00.000,,0670788f-4d5e-4135-b791-4e1f181d83c7.binning_data.json,63070031,11.819925,11.258497,2026-01-11 09:45:19.761,2026-01-11 09:45:19.761,,11.479221,,1,1.01.04,UTC-0300,tWUO8ZL77Z,,com.sec.android.app.shealth,2026-01-11 09:38:00.000,0670788f-4d5e-4135-b791-4e1f181d83c7,
63070031,2026-01-13 01:55:00.000,,e6c8808a-bd17-410c-bb55-e677e2fb5b9a.binning_data.json,63070031,11.408365,11.37662,2026-01-13 07:45:54.281,2026-01-13 07:45:54.281,,11.467456,,0,1.01.04,UTC-0300,tWUO8ZL77Z,,com.sec.android.app.shealth,2026-01-13 07:23:00.000,e6c8808a-bd17-410c-bb55-e677e2fb5b9a,
63070031,2026-01-13 07:43:00.000,,fb1ab97d-455f-4956-9c0e-d0094f8daee6.binning_data.json,63070031,11.545848,11.37662,2026-01-13 10:17:45.566,2026-01-13 10:17:45.566,,11.467456,,1,1.01.04,UTC-0300,tWUO8ZL77Z,,com.sec.android.app.shealth,2026-01-13 10:16:00.000,fb1ab97d-455f-4956-9c0e-d0094f8daee6,
63070031,2026-01-14 00:37:00.000,,dbaf093f-6458-4a92-acd5-6e0dccbe668d.binning_data.json,63070031,11.818368,11.374278,2026-01-14 04:21:34.503,2026-01-14 04:21:34.503,,11.42806,,1,1.01.04,UTC-0300,tWUO8ZL77Z,,com.sec.android.app.shealth,2026-01-14 03:56:00.000,dbaf093f-6458-4a92-acd5-6e0dccbe668d,
63070031,2026-01-14 05:40:00.000,,87c2c9de-c501-40ca-86d4-5911c8baccea.binning_data.json,63070031,11.238243,11.374278,2026-01-14 09:02:08.994,2026-01-14 09:02:08.994,,11.42806,,1,1.01.04,UTC-0300,tWUO8ZL77Z,,com.sec.android.app.shealth,2026-01-14 09:02:00.000,87c2c9de-c501-40ca-86d4-5911c8baccea,
63070031,2026-01-15 01:09:00.000,,17821645-1b8e-4f68-bea5-13ebdffed2bb.binning_data.json,63070031,11.229827,11.348491,2026-01-15 09:40:08.261,2026-01-15 09:40:08.261,,11.426484,,1,1.01.04,UTC-0300,tWUO8ZL77Z,,com.sec.android.app.shealth,2026-01-15 09:40:00.000,17821645-1b8e-4f68-bea5-13ebdffed2bb,
63070031,2026-01-16 02:52:00.000,,d55e9026-6b88-4f80-9bca-cf72bf82406f.binning_data.json,63070031,12.13702,11.340787,2026-01-16 04:56:18.307,2026-01-16 04:56:18.307,,11.431363,,1,1.01.04,UTC-0300,tWUO8ZL77Z,,com.sec.android.app.shealth,2026-01-16 04:26:00.000,d55e9026-6b88-4f80-9bca-cf72bf82406f,
63070031,2026-01-16 06:11:00.000,,289c3ed8-b9f2-4ca2-80a0-1777aaaef49b.binning_data.json,63070031,11.562866,11.340787,2026-01-16 09:13:04.463,2026-01-16 09:13:04.463,,11.431363,,1,1.01.04,UTC-0300,tWUO8ZL77Z,,com.sec.android.app.shealth,2026-01-16 09:06:00.000,289c3ed8-b9f2-4ca2-80a0-1777aaaef49b,
63070031,2026-01-17 03:04:00.000,,4b1c7491-4255-4c1f-b81f-22ba2b2a051c.binning_data.json,63070031,11.877329,11.340787,2026-01-17 07:14:36.292,2026-01-17 07:14:36.292,,11.431363,,1,1.01.04,UTC-0300,tWUO8ZL77Z,,com.sec.android.app.shealth,2026-01-17 07:09:00.000,4b1c7491-4255-4c1f-b81f-22ba2b2a051c,
63070031,2026-01-17 07:20:00.000,,0a91f898-98dc-4edf-ba03-7979639c6872.binning_data.json,63070031,11.19615,11.340787,2026-01-17 08:58:53.884,2026-01-17 08:58:53.884,,11.431363,,1,1.01.04,UTC-0300,tWUO8ZL77Z,,com.sec.android.app.shealth,2026-01-17 08:36:00.000,0a91f898-98dc-4edf-ba03-7979639c6872,
63070031,2026-01-17 08:59:00.000,,97d87bd5-62b6-45eb-9bd6-fd16c844e9d6.binning_data.json,63070031,11.756478,11.340787,2026-01-17 09:59:08.971,2026-01-17 09:59:08.971,,11.431363,,1,1.01.04,UTC-0300,tWUO8ZL77Z,,com.sec.android.app.shealth,2026-01-17 09:59:00.000,97d87bd5-62b6-45eb-9bd6-fd16c844e9d6,
63070031,2026-01-18 04:00:00.000,,0f59d449-631a-49b6-8d05-f1eae8f88d30.binning_data.json,63070031,11.288865,11.282675,2026-01-18 10:17:45.011,2026-01-18 10:17:45.011,,11.405489,,0,1.01.04,UTC-0300,tWUO8ZL77Z,,com.sec.android.app.shealth,2026-01-18 10:07:00.000,0f59d449-631a-49b6-8d05-f1eae8f88d30,
63070031,2026-01-19 04:48:00.000,,073043b8-a94b-4250-9b13-5f09d1090435.binning_data.json,63070031,11.166788,11.212977,2026-01-19 11:01:16.492,2026-01-19 11:01:16.492,,11.413154,,1,1.01.04,UTC-0300,tWUO8ZL77Z,,com.sec.android.app.shealth,2026-01-19 10:49:00.000,073043b8-a94b-4250-9b13-5f09d1090435,
63070031,2026-01-20 04:39:00.000,,4a71dca3-fabc-4d53-b758-f5ea4ee96111.binning_data.json,63070031,11.26344,11.265758,2026-01-20 08:49:30.019,2026-01-20 08:49:30.019,,11.402976,,1,1.01.04,UTC-0300,tWUO8ZL77Z,,com.sec.android.app.shealth,2026-01-20 08:25:00.000,4a71dca3-fabc-4d53-b758-f5ea4ee96111,
63070031,2026-01-20 08:51:00.000,,69eb02de-57b7-4e34-bef3-eda93d00985e.binning_data.json,63070031,13.178205,10.507351,2026-01-20 09:31:31.335,2026-01-20 09:31:31.335,,12.223961,,1,1.01.04,UTC-0300,tWUO8ZL77Z,,com.sec.android.app.shealth,2026-01-20 09:31:00.000,69eb02de-57b7-4e34-bef3-eda93d00985e,
63070031,2026-01-20 09:36:00.000,,4c488587-15cc-44e1-bdc8-d3f849f432d0.binning_data.json,63070031,13.072606,11.272206,2026-01-20 10:10:42.666,2026-01-20 10:10:42.666,,11.385016,,1,1.01.04,UTC-0300,tWUO8ZL77Z,,com.sec.android.app.shealth,2026-01-20 09:48:00.000,4c488587-15cc-44e1-bdc8-d3f849f432d0,
63070031,2026-01-21 05:53:00.000,,9a9a97fb-1b5a-4a19-bfcd-f945e2db5d05.binning_data.json,63070031,11.395207,11.288212,2026-01-21 10:07:35.762,2026-01-21 10:07:35.762,,11.396257,,0,1.01.04,UTC-0300,tWUO8ZL77Z,,com.sec.android.app.shealth,2026-01-21 10:02:00.000,9a9a97fb-1b5a-4a19-bfcd-f945e2db5d05,
63070031,2026-01-22 06:33:00.000,,d72dab93-7442-4b90-8272-4a7a3fb9483d.binning_data.json,63070031,11.374854,11.288212,2026-01-22 08:17:20.387,2026-01-22 08:17:20.387,,11.396257,,0,1.01.04,UTC-0300,tWUO8ZL77Z,,com.sec.android.app.shealth,2026-01-22 07:53:00.000,d72dab93-7442-4b90-8272-4a7a3fb9483d,
63070031,2026-01-22 08:17:00.000,,a4af2557-6b31-48a7-80da-d01debc9b3c3.binning_data.json,63070031,10.624586,11.288212,2026-01-22 11:58:20.697,2026-01-22 11:58:20.697,,11.396257,,1,1.01.04,UTC-0300,tWUO8ZL77Z,,com.sec.android.app.shealth,2026-01-22 11:42:00.000,a4af2557-6b31-48a7-80da-d01debc9b3c3,
63070031,2026-01-23 02:35:00.000,,30ec05d8-1a08-4112-b57c-256467a8bf76.binning_data.json,63070031,10.89745,11.288212,2026-01-23 08:40:39.435,2026-01-23 08:40:39.435,,11.396257,,1,1.01.04,UTC-0300,tWUO8ZL77Z,,com.sec.android.app.shealth,2026-01-23 08:16:00.000,30ec05d8-1a08-4112-b57c-256467a8bf76,
63070031,2026-01-23 08:36:00.000,,77c877da-6d27-4d3a-921d-bc2b24d5218c.binning_data.json,63070031,12.320326,11.288212,2026-01-23 09:57:51.486,2026-01-23 09:57:51.486,,11.396257,,1,1.01.04,UTC-0300,tWUO8ZL77Z,,com.sec.android.app.shealth,2026-01-23 09:34:00.000,77c877da-6d27-4d3a-921d-bc2b24d5218c,
63070031,2026-01-24 04:34:00.000,,b1512f8a-50e4-4b6c-a2fc-2547f6c7569e.binning_data.json,63070031,11.22757,11.282428,2026-01-24 10:36:34.176,2026-01-24 10:36:34.176,,11.384946,,1,1.01.04,UTC-0300,tWUO8ZL77Z,,com.sec.android.app.shealth,2026-01-24 10:12:00.000,b1512f8a-50e4-4b6c-a2fc-2547f6c7569e,
63070031,2026-01-24 18:58:00.000,,038f83eb-eb18-4339-8f60-c3632eaa22c4.binning_data.json,63070031,13.779979,11.282428,2026-01-24 20:25:26.487,2026-01-24 20:25:26.487,,11.384946,,1,1.01.04,UTC-0300,tWUO8ZL77Z,,com.sec.android.app.shealth,2026-01-24 20:02:00.000,038f83eb-eb18-4339-8f60-c3632eaa22c4,
63070031,2026-01-25 03:08:00.000,,21f1317d-50bf-4e28-a10d-3fd1eae15b92.binning_data.json,63070031,11.47578,11.282428,2026-01-25 09:59:45.368,2026-01-25 09:59:45.368,,11.384946,,1,1.01.04,UTC-0300,tWUO8ZL77Z,,com.sec.android.app.shealth,2026-01-25 09:34:00.000,21f1317d-50bf-4e28-a10d-3fd1eae15b92,
63070031,2026-01-26 03:23:00.000,,5a963a74-dbff-4358-9316-941cb6dbf734.binning_data.json,63070031,12.20668,11.282428,2026-01-26 07:58:01.124,2026-01-26 07:58:01.124,,11.384946,,1,1.01.04,UTC-0300,tWUO8ZL77Z,,com.sec.android.app.shealth,2026-01-26 07:31:00.000,5a963a74-dbff-4358-9316-941cb6dbf734,
63070031,2026-01-26 08:10:00.000,,00adb7a8-2dba-4ff9-95dd-e248d5573d5f.binning_data.json,63070031,12.545396,11.282428,2026-01-26 10:46:28.476,2026-01-26 10:46:28.476,,11.384946,,1,1.01.04,UTC-0300,tWUO8ZL77Z,,com.sec.android.app.shealth,2026-01-26 10:38:00.000,00adb7a8-2dba-4ff9-95dd-e248d5573d5f,
63070031,2026-01-27 04:39:00.000,,b9ef3f41-c234-45c9-9bb3-61c5952bb1ff.binning_data.json,63070031,12.430964,11.076096,2026-01-27 11:09:48.523,2026-01-27 11:09:48.523,,12.027647,,1,1.01.04,UTC-0300,tWUO8ZL77Z,,com.sec.android.app.shealth,2026-01-27 10:45:00.000,b9ef3f41-c234-45c9-9bb3-61c5952bb1ff,
63070031,2026-01-28 05:49:00.000,,f469b0d3-8721-46fd-ba27-c4090d4a7637.binning_data.json,63070031,11.784166,11.2916975,2026-01-28 10:25:49.152,2026-01-28 10:25:49.152,,11.4215765,,1,1.01.04,UTC-0300,tWUO8ZL77Z,,com.sec.android.app.shealth,2026-01-28 10:02:00.000,f469b0d3-8721-46fd-ba27-c4090d4a7637,
63070031,2026-01-29 04:33:00.000,,5a01b7bc-5d02-41fe-b55c-8eb0817b5a9c.binning_data.json,63070031,11.702976,11.2916975,2026-01-29 11:44:55.179,2026-01-29 11:44:55.179,,11.4215765,,1,1.01.04,UTC-0300,tWUO8ZL77Z,,com.sec.android.app.shealth,2026-01-29 11:44:00.000,5a01b7bc-5d02-41fe-b55c-8eb0817b5a9c,
63070031,2026-01-30 01:47:00.000,,5e327453-2050-4471-85c1-dcaa33fd85c8.binning_data.json,63070031,11.791086,11.2916975,2026-01-30 10:10:37.140,2026-01-30 10:10:37.140,,11.4215765,,1,1.01.04,UTC-0300,tWUO8ZL77Z,,com.sec.android.app.shealth,2026-01-30 09:44:00.000,5e327453-2050-4471-85c1-dcaa33fd85c8,
63070031,2026-01-31 05:54:00.000,,79d34ed8-8bba-49d1-9bf0-fc962d96a7dc.binning_data.json,63070031,12.042586,11.2916975,2026-01-31 07:20:37.112,2026-01-31 07:20:37.112,,11.4215765,,1,1.01.04,UTC-0300,tWUO8ZL77Z,,com.sec.android.app.shealth,2026-01-31 06:57:00.000,79d34ed8-8bba-49d1-9bf0-fc962d96a7dc,
63070031,2026-01-31 07:14:00.000,,2d2bb95b-04cb-4b24-8e3e-93fdf79a5444.binning_data.json,63070031,11.704562,11.2916975,2026-01-31 10:23:04.136,2026-01-31 10:23:04.136,,11.4215765,,1,1.01.04,UTC-0300,tWUO8ZL77Z,,com.sec.android.app.shealth,2026-01-31 10:02:00.000,2d2bb95b-04cb-4b24-8e3e-93fdf79a5444,
63070031,2026-02-01 03:59:00.000,,009850a8-3a10-47bb-ae9f-9e2f782c6ced.binning_data.json,63070031,12.033833,11.2916975,2026-02-01 05:45:30.056,2026-02-01 05:45:30.056,,11.4215765,,1,1.01.04,UTC-0300,tWUO8ZL77Z,,com.sec.android.app.shealth,2026-02-01 05:15:00.000,009850a8-3a10-47bb-ae9f-9e2f782c6ced,
63070031,2026-02-01 05:45:00.000,,2693dd5d-db71-4448-8fe7-e42211102535.binning_data.json,63070031,11.378431,11.318419,2026-02-01 10:32:28.457,2026-02-01 10:32:28.457,,11.416341,,0,1.01.04,UTC-0300,tWUO8ZL77Z,,com.sec.android.app.shealth,2026-02-01 10:10:00.000,2693dd5d-db71-4448-8fe7-e42211102535,
63070031,2026-02-02 02:56:00.000,,5a899f66-07c2-48ae-8a9b-f3569740e18a.binning_data.json,63070031,11.364704,11.315818,2026-02-02 11:12:06.109,2026-02-02 11:12:06.109,,11.412179,,0,1.01.04,UTC-0300,tWUO8ZL77Z,,com.sec.android.app.shealth,2026-02-02 11:12:00.000,5a899f66-07c2-48ae-8a9b-f3569740e18a,
63070031,2026-02-03 05:42:00.000,,ff3d839e-ce5a-49b1-8fd7-5a19f01d6643.binning_data.json,63070031,10.9879055,11.150446,2026-02-03 09:33:02.518,2026-02-03 09:33:02.518,,11.495644,,1,1.01.04,UTC-0300,tWUO8ZL77Z,,com.sec.android.app.shealth,2026-02-03 09:19:00.000,ff3d839e-ce5a-49b1-8fd7-5a19f01d6643,
63070031,2026-02-04 01:30:00.000,,31583e3c-303c-47bb-8554-f7327bd91472.binning_data.json,63070031,11.585938,11.299733,2026-02-04 08:19:26.135,2026-02-04 08:19:26.135,,11.510102,,1,1.01.04,UTC-0300,tWUO8ZL77Z,,com.sec.android.app.shealth,2026-02-04 07:54:00.000,31583e3c-303c-47bb-8554-f7327bd91472,
63070031,2026-02-05 03:57:00.000,,5439df53-0d9e-456f-9315-ad1b3992ba1b.binning_data.json,63070031,11.694254,11.265014,2026-02-05 09:25:49.890,2026-02-05 09:25:49.890,,11.563537,,1,1.01.04,UTC-0300,tWUO8ZL77Z,,com.sec.android.app.shealth,2026-02-05 08:58:00.000,5439df53-0d9e-456f-9315-ad1b3992ba1b,
63070031,2026-02-06 01:33:00.000,,272e1c45-cfbb-4e46-88bb-99083677e617.binning_data.json,63070031,12.238293,11.291199,2026-02-06 05:11:26.970,2026-02-06 05:11:26.970,,11.425709,,1,1.01.04,UTC-0300,tWUO8ZL77Z,,com.sec.android.app.shealth,2026-02-06 05:06:00.000,272e1c45-cfbb-4e46-88bb-99083677e617,
63070031,2026-02-06 05:16:00.000,,109e675c-5d02-44a7-b034-6fd76484ee1f.binning_data.json,63070031,11.424213,11.301048,2026-02-06 09:52:01.176,2026-02-06 09:52:01.176,,11.418743,,1,1.01.04,UTC-0300,tWUO8ZL77Z,,com.sec.android.app.shealth,2026-02-06 09:39:00.000,109e675c-5d02-44a7-b034-6fd76484ee1f,
