com.samsung.health.skin_temperature,6307003,4
create_sh_ver,stat_m1,stat_m2,baseline,start_time,binning_data,stat_n,tag_id,modify_sh_ver,lower_bound,update_time,create_time,client_data_id,upper_bound,max,min,client_data_ver,temperature,time_offset,deviceuuid,comment,pkg_name,end_time,datauuid
,34.247654,1173.484,,2025-10-28 04:08:00.000,ebe5eda2-ff36-4120-88d0-e04a833c5f18.binning_data.json,327,31301,,,2025-10-28 10:14:13.903,2025-10-28 10:14:13.903,,,36.330395,32.323677,,34.247654,UTC-0300,tWUO8ZL77Z,,com.sec.android.app.shealth,2025-10-28 09:51:00.000,ebe5eda2-ff36-4120-88d0-e04a833c5f18,
,34.757828,1208.4662,34.247654,2025-10-29 00:31:00.000,4d71ce41-d977-47f2-bb67-40a1619261dc.binning_data.json,243,31301,,,2025-10-29 04:49:10.887,2025-10-29 04:49:10.887,,,35.75455,33.436516,,34.757828,UTC-0300,tWUO8ZL77Z,,com.sec.android.app.shealth,2025-10-29 04:49:00.000,4d71ce41-d977-47f2-bb67-40a1619261dc,
,34.209957,1170.7229,34.46515,2025-10-29 04:53:00.000,777366e7-6e42-419f-a3e2-c7bb8790e70e.binning_data.json,292,31301,,,2025-10-29 09:57:37.986,2025-10-29 09:57:37.986,,,35.49557,33.024937,,34.209957,UTC-0300,tWUO8ZL77Z,,com.sec.android.app.shealth,2025-10-29 09:57:00.000,777366e7-6e42-419f-a3e2-c7bb8790e70e,
,34.459347,1187.7693,34.378704,2025-10-30 03:49:00.000,3d7e4057-e716-4f8b-b59c-2b2134fdd616.binning_data.json,319,31301,,33.024937,2025-10-30 09:30:06.154,2025-10-30 09:30:06.154,,35.75455,35.706104,32.66313,,34.459347,UTC-0300,tWUO8ZL77Z,,com.sec.android.app.shealth,2025-10-30 09:30:00.000,3d7e4057-e716-4f8b-b59c-2b2134fdd616,
,34.347977,1180.1063,34.400486,2025-10-31 03:13:00.000,675600bc-0f55-477a-bff0-9ed263ce8fd1.binning_data.json,282,31301,,32.844032,2025-10-31 08:42:39.117,2025-10-31 08:42:39.117,,35.730328,35.565895,33.473248,,34.347977,UTC-0300,tWUO8ZL77Z,,com.sec.android.app.shealth,2025-10-31 08:12:00.000,675600bc-0f55-477a-bff0-9ed263ce8fd1,
,34.361694,1181.2153,34.390366,2025-11-01 03:32:00.000,b444955b-0a81-4b2d-ace1-4dc2267401af.binning_data.json,258,31301,,33.041527,2025-11-01 08:27:16.287,2025-11-01 08:27:16.287,,35.675518,35.402065,32.10572,,34.361694,UTC-0300,tWUO8ZL77Z,,com.sec.android.app.shealth,2025-11-01 08:04:00.000,b444955b-0a81-4b2d-ace1-4dc2267401af,
,34.014347,1157.1356,34.386066,2025-11-01 08:28:00.000,04ee3160-f50b-46de-b109-ad14dcaded96.binning_data.json,142,31301,,32.86207,2025-11-01 11:28:00.421,2025-11-01 11:28:00.421,,35.630527,34.81328,33.153263,,34.014347,UTC-0300,tWUO8ZL77Z,,com.sec.android.app.shealth,2025-11-01 11:04:00.000,04ee3160-f50b-46de-b109-ad14dcaded96,
,33.65624,1132.9906,34.357735,2025-11-02 03:24:00.000,0b3c69fd-d111-44b6-b808-e5da21f2d85e.binning_data.json,182,31301,,32.920307,2025-11-02 07:05:19.897,2025-11-02 07:05:19.897,,35.584835,34.656017,32.723385,,33.65624,UTC-0300,tWUO8ZL77Z,,com.sec.android.app.shealth,2025-11-02 06:40:00.000,0b3c69fd-d111-44b6-b808-e5da21f2d85e,
,34.1652,1167.6154,34.295303,2025-11-02 07:58:00.000,489461b1-0b48-40d7-b826-e6cd8844a3bd.binning_data.json,139,31301,,32.88748,2025-11-02 10:53:14.937,2025-11-02 10:53:14.937,,35.456245,35.27815,32.89361,,34.1652,UTC-0300,tWUO8ZL77Z,,com.sec.android.app.shealth,2025-11-02 10:31:00.000,489461b1-0b48-40d7-b826-e6cd8844a3bd,
,34.518383,1192.0828,34.28702,2025-11-03 01:39:00.000,0bdd1ebb-d22e-468a-a30a-ee5d58e440a6.binning_data.json,461,31301,,32.88836,2025-11-03 09:58:17.941,2025-11-03 09:58:17.941,,35.4308,35.6156,32.72445,,34.518383,UTC-0300,tWUO8ZL77Z,,com.sec.android.app.shealth,2025-11-03 09:36:00.000,0bdd1ebb-d22e-468a-a30a-ee5d58e440a6,
,33.484795,1121.3085,34.327347,2025-11-04 04:44:00.000,4a190222-b91d-43d0-aeca-53013b3a5026.binning_data.json,61,31301,,32.86787,2025-11-04 06:29:41.133,2025-11-04 06:29:41.133,,35.453903,33.945408,32.98673,,33.484795,UTC-0300,tWUO8ZL77Z,,com.sec.android.app.shealth,2025-11-04 05:59:00.000,4a190222-b91d-43d0-aeca-53013b3a5026,
,34.005585,1156.9906,34.308353,2025-11-04 06:29:00.000,2d23296d-a107-4b1c-bc64-a78768a40764.binning_data.json,220,31301,,32.881355,2025-11-04 10:46:40.180,2025-11-04 10:46:40.180,,35.410954,35.79003,32.907192,,34.005585,UTC-0300,tWUO8ZL77Z,,com.sec.android.app.shealth,2025-11-04 10:24:00.000,2d23296d-a107-4b1c-bc64-a78768a40764,
,34.24822,1173.078,34.29036,2025-11-05 02:38:00.000,f9f742cc-00a3-4694-871f-386fc1e49c37.binning_data.json,305,31301,,32.91622,2025-11-05 08:27:23.363,2025-11-05 08:27:23.363,,35.410954,35.14756,33.63474,,34.24822,UTC-0300,tWUO8ZL77Z,,com.sec.android.app.shealth,2025-11-05 07:58:00.000,f9f742cc-00a3-4694-871f-386fc1e49c37,
,34.746185,1207.7103,34.246895,2025-11-06 04:43:00.000,c7fe421c-5d4b-4d62-aa5e-03d2c67602f6.binning_data.json,246,31301,,32.940624,2025-11-06 09:13:18.872,2025-11-06 09:13:18.872,,35.273087,36.28413,33.820835,,34.746185,UTC-0300,tWUO8ZL77Z,,com.sec.android.app.shealth,2025-11-06 09:13:00.000,c7fe421c-5d4b-4d62-aa5e-03d2c67602f6,
,33.90253,1149.4558,34.270874,2025-11-07 03:46:00.000,61ed62d3-2b60-4321-ab19-c1e31afcb2e2.binning_data.json,54,31301,,33.062077,2025-11-07 04:57:33.533,2025-11-07 04:57:33.533,,35.283577,34.348793,33.43245,,33.90253,UTC-0300,tWUO8ZL77Z,,com.sec.android.app.shealth,2025-11-07 04:57:00.000,61ed62d3-2b60-4321-ab19-c1e31afcb2e2,
,33.759617,1139.9686,34.25074,2025-11-08 02:13:00.000,4af35287-ca14-4927-b3cf-80b5eae9db67.binning_data.json,395,31301,,33.056976,2025-11-08 09:33:54.382,2025-11-08 09:33:54.382,,35.131435,34.845016,32.59155,,33.759617,UTC-0300,tWUO8ZL77Z,,com.sec.android.app.shealth,2025-11-08 09:06:00.000,4af35287-ca14-4927-b3cf-80b5eae9db67,
,34.12733,1164.9761,34.159103,2025-11-09 04:03:00.000,5f6548d1-5087-405b-8bc1-afd7ef0e738c.binning_data.json,224,31301,,33.04322,2025-11-09 08:33:16.417,2025-11-09 08:33:16.417,,35.09731,35.259842,33.28215,,34.12733,UTC-0300,tWUO8ZL77Z,,com.sec.android.app.shealth,2025-11-09 08:08:00.000,5f6548d1-5087-405b-8bc1-afd7ef0e738c,
,33.71465,1137.4622,34.201603,2025-11-10 02:12:00.000,5a84ee3c-3748-459c-abd8-57f1010c330c.binning_data.json,427,31301,,33.16128,2025-11-10 10:08:31.597,2025-11-10 10:08:31.597,,35.167805,35.107468,31.079842,,33.71465,UTC-0300,tWUO8ZL77Z,,com.sec.android.app.shealth,2025-11-10 09:41:00.000,5a84ee3c-3748-459c-abd8-57f1010c330c,
,33.718777,1137.3186,34.039814,2025-11-12 03:04:00.000,1cf428c7-fa44-415d-8064-b2e4a92b7eb2.binning_data.json,219,31301,,33.23522,2025-11-12 07:02:23.092,2025-11-12 07:02:23.092,,35.089973,34.693024,32.458298,,33.718777,UTC-0300,tWUO8ZL77Z,,com.sec.android.app.shealth,2025-11-12 07:02:00.000,1cf428c7-fa44-415d-8064-b2e4a92b7eb2,
,33.815838,1143.8868,34.002216,2025-11-12 07:05:00.000,a2a4cfbb-a727-41de-8bb2-8cb223ac50a3.binning_data.json,132,31301,,33.079838,2025-11-12 09:29:29.790,2025-11-12 09:29:29.790,,35.010582,34.61709,32.34032,,33.815838,UTC-0300,tWUO8ZL77Z,,com.sec.android.app.shealth,2025-11-12 09:29:00.000,a2a4cfbb-a727-41de-8bb2-8cb223ac50a3,
,34.047466,1159.4454,33.943504,2025-11-13 04:21:00.000,c624ea21-0527-456b-b121-a7dfb653a438.binning_data.json,223,31301,,32.820953,2025-11-13 08:34:31.831,2025-11-13 08:34:31.831,,34.904488,34.635235,32.6666,,34.047466,UTC-0300,tWUO8ZL77Z,,com.sec.android.app.shealth,2025-11-13 08:21:00.000,c624ea21-0527-456b-b121-a7dfb653a438,
,33.41368,1116.5258,33.839397,2025-11-14 02:08:00.000,ea59ae52-c891-4394-8b87-62f222ab10e1.binning_data.json,88,31301,,32.66778,2025-11-14 03:51:41.011,2025-11-14 03:51:41.011,,34.779564,33.784424,33.046745,,33.41368,UTC-0300,tWUO8ZL77Z,,com.sec.android.app.shealth,2025-11-14 03:51:00.000,ea59ae52-c891-4394-8b87-62f222ab10e1,
,33.24483,1105.531,33.818134,2025-11-14 03:54:00.000,55e65d7e-d701-4b8c-9e87-c70c8353b8da.binning_data.json,340,31301,,32.730946,2025-11-14 10:10:28.860,2025-11-14 10:10:28.860,,34.70777,34.2546,32.162155,,33.24483,UTC-0300,tWUO8ZL77Z,,com.sec.android.app.shealth,2025-11-14 09:47:00.000,55e65d7e-d701-4b8c-9e87-c70c8353b8da,
,32.843666,1079.319,33.720734,2025-11-15 04:45:00.000,ae83b865-ab4d-4e2b-bb3a-645cab630b59.binning_data.json,155,31301,,32.544277,2025-11-15 07:41:07.999,2025-11-15 07:41:07.999,,34.692074,34.41876,31.765682,,32.843666,UTC-0300,tWUO8ZL77Z,,com.sec.android.app.shealth,2025-11-15 07:41:00.000,ae83b865-ab4d-4e2b-bb3a-645cab630b59,
,34.331223,1178.763,33.659023,2025-11-15 07:43:00.000,6c3858ec-515b-4f9f-974d-c6a4467f73a2.binning_data.json,47,31301,,32.43305,2025-11-15 09:09:11.940,2025-11-15 09:09:11.940,,34.653027,35.16505,33.802456,,34.331223,UTC-0300,tWUO8ZL77Z,,com.sec.android.app.shealth,2025-11-15 08:43:00.000,6c3858ec-515b-4f9f-974d-c6a4467f73a2,
,34.785202,1210.2312,33.654636,2025-11-16 03:45:00.000,889e580a-be02-47da-bf7a-6e07388d0ca0.binning_data.json,124,31301,,32.531704,2025-11-16 06:31:25.298,2025-11-16 06:31:25.298,,34.698746,35.630272,34.03454,,34.785202,UTC-0300,tWUO8ZL77Z,,com.sec.android.app.shealth,2025-11-16 06:05:00.000,889e580a-be02-47da-bf7a-6e07388d0ca0,
,34.915745,1219.4349,33.725475,2025-11-16 06:40:00.000,25ad0d77-1aaf-412b-941f-8b05a96f818c.binning_data.json,113,31301,,32.690548,2025-11-16 09:09:51.501,2025-11-16 09:09:51.501,,34.768883,35.58052,33.62567,,34.915745,UTC-0300,tWUO8ZL77Z,,com.sec.android.app.shealth,2025-11-16 08:46:00.000,25ad0d77-1aaf-412b-941f-8b05a96f818c,
,34.07648,1161.4059,33.749287,2025-11-17 04:02:00.000,e9941276-f1d5-48ed-b359-19d4ad8d8a70.binning_data.json,85,31301,,32.73349,2025-11-17 06:10:12.364,2025-11-17 06:10:12.364,,34.808968,35.022865,33.134853,,34.07648,UTC-0300,tWUO8ZL77Z,,com.sec.android.app.shealth,2025-11-17 05:43:00.000,e9941276-f1d5-48ed-b359-19d4ad8d8a70,
,34.06726,1160.6959,33.763527,2025-11-17 06:17:00.000,de589f09-3c8a-469e-9081-2f30537a20c3.binning_data.json,168,31301,,32.776375,2025-11-17 09:46:00.541,2025-11-17 09:46:00.541,,34.8085,34.74887,33.22889,,34.06726,UTC-0300,tWUO8ZL77Z,,com.sec.android.app.shealth,2025-11-17 09:17:00.000,de589f09-3c8a-469e-9081-2f30537a20c3,
,34.402493,1183.7699,33.80597,2025-11-18 01:52:00.000,a9a8a01e-a456-4923-a9ce-6a7fd4aa1c85.binning_data.json,492,31301,,32.92877,2025-11-18 10:48:54.322,2025-11-18 10:48:54.322,,34.75727,35.24645,33.111282,,34.402493,UTC-0300,tWUO8ZL77Z,,com.sec.android.app.shealth,2025-11-18 10:27:00.000,a9a8a01e-a456-4923-a9ce-6a7fd4aa1c85,
,33.49998,1122.665,33.940228,2025-11-19 04:54:00.000,9a8df6e3-6b25-4d6d-91ca-1ea35af702ec.binning_data.json,254,31301,,32.951584,2025-11-19 09:46:17.443,2025-11-19 09:46:17.443,,34.818417,34.762867,32.426304,,33.49998,UTC-0300,tWUO8ZL77Z,,com.sec.android.app.shealth,2025-11-19 09:22:00.000,9a8df6e3-6b25-4d6d-91ca-1ea35af702ec,
,34.208652,1170.662,33.917774,2025-11-20 01:41:00.000,2a9b5947-95b9-4fc6-b3df-454b9e49e2b2.binning_data.json,441,31301,,33.034336,2025-11-20 09:20:01.416,2025-11-20 09:20:01.416,,34.857155,35.63451,32.720882,,34.208652,UTC-0300,tWUO8ZL77Z,,com.sec.android.app.shealth,2025-11-20 09:19:00.000,2a9b5947-95b9-4fc6-b3df-454b9e49e2b2,
,33.14106,1099.2393,33.960842,2025-11-21 03:24:00.000,f939eda4-8638-4f87-a753-88a9ba682a07.binning_data.json,127,31301,,33.042088,2025-11-21 06:13:10.951,2025-11-21 06:13:10.951,,34.9922,34.680103,31.131126,,33.14106,UTC-0300,tWUO8ZL77Z,,com.sec.android.app.shealth,2025-11-21 05:47:00.000,f939eda4-8638-4f87-a753-88a9ba682a07,
,32.733192,1071.6921,33.918068,2025-11-21 06:13:00.000,ad205374-fa0e-4696-a756-b7a24559428c.binning_data.json,244,31301,,32.9321,2025-11-21 10:53:27.519,2025-11-21 10:53:27.519,,34.953186,34.14913,31.826033,,32.733192,UTC-0300,tWUO8ZL77Z,,com.sec.android.app.shealth,2025-11-21 10:30:00.000,ad205374-fa0e-4696-a756-b7a24559428c,
,33.79783,1142.7163,33.911037,2025-11-22 02:38:00.000,eb232e00-b729-4c19-adfc-cab1864e952d.binning_data.json,372,31301,,32.867702,2025-11-22 09:06:20.373,2025-11-22 09:06:20.373,,35.02953,35.062202,32.498695,,33.79783,UTC-0300,tWUO8ZL77Z,,com.sec.android.app.shealth,2025-11-22 09:06:00.000,eb232e00-b729-4c19-adfc-cab1864e952d,
,33.77836,1141.0145,33.894974,2025-11-22 09:05:00.000,1a025f67-97af-414a-9e25-3d49aadb021c.binning_data.json,10,31301,,32.821575,2025-11-22 09:48:58.477,2025-11-22 09:48:58.477,,35.033615,34.03896,33.50514,,33.77836,UTC-0300,tWUO8ZL77Z,,com.sec.android.app.shealth,2025-11-22 09:30:00.000,1a025f67-97af-414a-9e25-3d49aadb021c,
,33.463436,1119.9471,33.953117,2025-11-23 04:54:00.000,e93cd098-31bd-489c-bf1e-fbdfcc1cc884.binning_data.json,272,31301,,32.94658,2025-11-23 10:06:11.856,2025-11-23 10:06:11.856,,35.014835,34.088417,32.609455,,33.463436,UTC-0300,tWUO8ZL77Z,,com.sec.android.app.shealth,2025-11-23 09:42:00.000,e93cd098-31bd-489c-bf1e-fbdfcc1cc884,
,34.166565,1168.0653,33.813095,2025-11-24 01:37:00.000,9fa71704-082a-4612-821a-35c78b559a51.binning_data.json,314,31301,,32.69455,2025-11-24 07:34:32.104,2025-11-24 07:34:32.104,,34.72011,35.695335,32.18076,,34.166565,UTC-0300,tWUO8ZL77Z,,com.sec.android.app.shealth,2025-11-24 07:11:00.000,9fa71704-082a-4612-821a-35c78b559a51,
,33.788998,1142.241,33.853035,2025-11-24 07:43:00.000,565187cf-cee4-4b6c-9205-51d378beddba.binning_data.json,111,31301,,32.66889,2025-11-24 10:17:08.709,2025-11-24 10:17:08.709,,34.810352,34.965103,32.41787,,33.788998,UTC-0300,tWUO8ZL77Z,,com.sec.android.app.shealth,2025-11-24 09:55:00.000,565187cf-cee4-4b6c-9205-51d378beddba,
,33.864166,1147.8574,33.829487,2025-11-25 04:00:00.000,e22858fe-58a9-4be5-b336-39da6eff0023.binning_data.json,341,31301,,32.47391,2025-11-25 10:26:16.233,2025-11-25 10:26:16.233,,34.823597,35.1922,31.173027,,33.864166,UTC-0300,tWUO8ZL77Z,,com.sec.android.app.shealth,2025-11-25 09:58:00.000,e22858fe-58a9-4be5-b336-39da6eff0023,
,33.576042,1128.1641,33.720844,2025-11-26 01:53:00.000,d70a3567-8636-4efd-994d-44edcb5f60de.binning_data.json,368,31301,,32.23163,2025-11-26 08:42:30.790,2025-11-26 08:42:30.790,,34.81682,35.11162,31.873877,,33.576042,UTC-0300,tWUO8ZL77Z,,com.sec.android.app.shealth,2025-11-26 08:16:00.000,d70a3567-8636-4efd-994d-44edcb5f60de,
,34.363106,1180.9441,33.721924,2025-11-27 05:36:00.000,1ff901c6-c82a-46a5-b1f8-f5a9e1ffa340.binning_data.json,159,31301,,32.16257,2025-11-27 08:58:00.786,2025-11-27 08:58:00.786,,34.86041,34.836884,33.709896,,34.363106,UTC-0300,tWUO8ZL77Z,,com.sec.android.app.shealth,2025-11-27 08:35:00.000,1ff901c6-c82a-46a5-b1f8-f5a9e1ffa340,
,33.825394,1144.1678,33.758877,2025-11-27 09:04:00.000,7165b614-08a7-44e2-aecd-dc15df3d7331.binning_data.json,82,31301,,32.30394,2025-11-27 11:06:33.227,2025-11-27 11:06:33.227,,34.856747,34.063416,33.700928,,33.825394,UTC-0300,tWUO8ZL77Z,,com.sec.android.app.shealth,2025-11-27 10:40:00.000,7165b614-08a7-44e2-aecd-dc15df3d7331,
,33.510128,1123.7037,33.6785,2025-11-28 03:56:00.000,c13fd05a-a776-4912-b398-f7a2bf3456d9.binning_data.json,350,31301,,32.415977,2025-11-28 10:28:39.968,2025-11-28 10:28:39.968,,34.699062,34.695972,30.971786,,33.510128,UTC-0300,tWUO8ZL77Z,,com.sec.android.app.shealth,2025-11-28 10:07:00.000,c13fd05a-a776-4912-b398-f7a2bf3456d9,
,33.94257,1152.2998,33.779377,2025-11-29 04:03:00.000,889e71a2-c075-41ba-94c5-a1eeee7de43a.binning_data.json,295,31301,,32.49497,2025-11-29 09:34:18.765,2025-11-29 09:34:18.765,,34.751976,34.943848,33.033417,,33.94257,UTC-0300,tWUO8ZL77Z,,com.sec.android.app.shealth,2025-11-29 09:12:00.000,889e71a2-c075-41ba-94c5-a1eeee7de43a,
,33.529312,1124.5165,33.842358,2025-12-01 02:45:00.000,3380d064-9736-4f83-a2b7-caf8f6cc5a4a.binning_data.json,406,31301,,32.39665,2025-12-01 10:10:25.526,2025-12-01 10:10:25.526,,34.957603,34.787918,32.27556,,33.529312,UTC-0300,tWUO8ZL77Z,,com.sec.android.app.shealth,2025-12-01 09:49:00.000,3380d064-9736-4f83-a2b7-caf8f6cc5a4a,
,33.667717,1133.6952,33.730927,2025-12-02 04:14:00.000,d99b9f75-6ad4-40da-955d-a3661ca0f5d5.binning_data.json,195,31301,,32.41136,2025-12-02 08:06:54.602,2025-12-02 08:06:54.602,,34.875248,34.52861,33.00507,,33.667717,UTC-0300,tWUO8ZL77Z,,com.sec.android.app.shealth,2025-12-02 07:44:00.000,d99b9f75-6ad4-40da-955d-a3661ca0f5d5,
,33.06771,1093.5742,33.725315,2025-12-02 08:09:00.000,04d309c6-e332-4a50-8e72-25072470d0d6.binning_data.json,85,31301,,32.51031,2025-12-02 09:48:25.748,2025-12-02 09:48:25.748,,34.817474,33.763687,32.535698,,33.06771,UTC-0300,tWUO8ZL77Z,,com.sec.android.app.shealth,2025-12-02 09:48:00.000,04d309c6-e332-4a50-8e72-25072470d0d6,
,33.544495,1125.3888,33.672096,2025-12-03 02:25:00.000,d98d9e43-5469-4e69-b16b-e04c7d01d272.binning_data.json,424,31301,,32.737423,2025-12-03 10:07:27.257,2025-12-03 10:07:27.257,,34.642773,34.713497,32.8825,,33.544495,UTC-0300,tWUO8ZL77Z,,com.sec.android.app.shealth,2025-12-03 09:45:00.000,d98d9e43-5469-4e69-b16b-e04c7d01d272,
,33.032406,1091.4111,33.662697,2025-12-04 03:07:00.000,9018ac5f-08ab-4f53-a7b1-90b29077a0cc.binning_data.json,363,31301,,32.90553,2025-12-04 09:49:35.896,2025-12-04 09:49:35.896,,34.60438,34.0865,31.76575,,33.032406,UTC-0300,tWUO8ZL77Z,,com.sec.android.app.shealth,2025-12-04 09:34:00.000,9018ac5f-08ab-4f53-a7b1-90b29077a0cc,
,33.248375,1105.5,33.56571,2025-12-04 09:58:00.000,1cd43b54-7464-45bf-9d08-6cce889f29f4.binning_data.json,28,31301,,32.742702,2025-12-04 11:05:19.028,2025-12-04 11:05:19.028,,34.5304,33.541435,32.78739,,33.248375,UTC-0300,tWUO8ZL77Z,,com.sec.android.app.shealth,2025-12-04 10:42:00.000,1cd43b54-7464-45bf-9d08-6cce889f29f4,
,33.22371,1103.8861,33.489143,2025-12-06 04:24:00.000,e3d00768-fac3-4b0e-99f9-153a7c6471bd.binning_data.json,70,31301,,32.697243,2025-12-06 06:15:41.400,2025-12-06 06:15:41.400,,34.376045,33.562397,32.421734,,33.22371,UTC-0300,tWUO8ZL77Z,,com.sec.android.app.shealth,2025-12-06 05:48:00.000,e3d00768-fac3-4b0e-99f9-153a7c6471bd,
,33.92121,1151.0725,33.479187,2025-12-06 06:12:00.000,f997565b-4454-418f-89b2-f3878f0d275e.binning_data.json,301,31301,,32.651325,2025-12-06 11:46:47.148,2025-12-06 11:46:47.148,,34.240437,35.487576,32.938828,,33.92121,UTC-0300,tWUO8ZL77Z,,com.sec.android.app.shealth,2025-12-06 11:23:00.000,f997565b-4454-418f-89b2-f3878f0d275e,
,33.658092,1133.1018,33.477238,2025-12-07 06:20:00.000,0c71674b-195d-4d0e-be00-ee8dfa397457.binning_data.json,225,31301,,32.640285,2025-12-07 10:40:18.023,2025-12-07 10:40:18.023,,34.240437,34.457623,32.33975,,33.658092,UTC-0300,tWUO8ZL77Z,,com.sec.android.app.shealth,2025-12-07 10:15:00.000,0c71674b-195d-4d0e-be00-ee8dfa397457,
,34.21816,1171.0685,33.496643,2025-12-08 04:45:00.000,4e722047-27e5-4be8-9785-dd985c6798c7.binning_data.json,344,31301,,32.597355,2025-12-08 11:08:38.606,2025-12-08 11:08:38.606,,34.27146,35.16585,33.311066,,34.21816,UTC-0300,tWUO8ZL77Z,,com.sec.android.app.shealth,2025-12-08 10:46:00.000,4e722047-27e5-4be8-9785-dd985c6798c7,
,34.30651,1177.0703,33.61209,2025-12-09 05:35:00.000,bfbd11ab-ec04-495a-96c2-d878503befbd.binning_data.json,188,31301,,32.701565,2025-12-09 09:08:23.321,2025-12-09 09:08:23.321,,34.32545,34.884617,33.466507,,34.30651,UTC-0300,tWUO8ZL77Z,,com.sec.android.app.shealth,2025-12-09 09:08:00.000,bfbd11ab-ec04-495a-96c2-d878503befbd,
,33.954746,1152.9578,33.67082,2025-12-09 09:18:00.000,39210c20-a347-44d6-8d9e-b85a9bb2acb9.binning_data.json,41,31301,,32.777756,2025-12-09 10:28:34.298,2025-12-09 10:28:34.298,,34.395348,34.130604,33.43004,,33.954746,UTC-0300,tWUO8ZL77Z,,com.sec.android.app.shealth,2025-12-09 10:07:00.000,39210c20-a347-44d6-8d9e-b85a9bb2acb9,
,33.779522,1141.0753,33.70283,2025-12-10 02:39:00.000,40c62e3a-f390-4e17-8aed-38e40fdcad9a.binning_data.json,46,31301,,32.873043,2025-12-10 04:07:37.635,2025-12-10 04:07:37.635,,34.428726,34.023636,33.57182,,33.779522,UTC-0300,tWUO8ZL77Z,,com.sec.android.app.shealth,2025-12-10 03:40:00.000,40c62e3a-f390-4e17-8aed-38e40fdcad9a,
,33.596138,1128.9617,33.704567,2025-12-10 04:10:00.000,78c6c32b-baaa-4497-a887-585e360bd72b.binning_data.json,251,31301,,32.947227,2025-12-10 09:04:10.226,2025-12-10 09:04:10.226,,34.37809,34.673294,32.76306,,33.596138,UTC-0300,tWUO8ZL77Z,,com.sec.android.app.shealth,2025-12-10 08:41:00.000,78c6c32b-baaa-4497-a887-585e360bd72b,
,33.883503,1148.7754,33.72646,2025-12-11 03:28:00.000,b72c6307-4f75-4717-b44d-a5c1109ae451.binning_data.json,396,31301,,32.932297,2025-12-11 10:42:50.005,2025-12-11 10:42:50.005,,34.373066,34.936848,31.877728,,33.883503,UTC-0300,tWUO8ZL77Z,,com.sec.android.app.shealth,2025-12-11 10:18:00.000,b72c6307-4f75-4717-b44d-a5c1109ae451,
,34.16257,1167.1522,33.902355,2025-12-12 04:17:00.000,493bd7cd-059a-46f0-b0ff-4ca6a4054ed8.binning_data.json,334,31301,,32.953,2025-12-12 10:31:54.075,2025-12-12 10:31:54.075,,34.61035,34.770893,33.42691,,34.16257,UTC-0300,tWUO8ZL77Z,,com.sec.android.app.shealth,2025-12-12 10:06:00.000,493bd7cd-059a-46f0-b0ff-4ca6a4054ed8,
,32.72986,1071.9419,33.941933,2025-12-13 04:05:00.000,5a9399de-6b54-4b79-bb83-973e27df1b7f.binning_data.json,108,31301,,33.012238,2025-12-13 06:38:11.921,2025-12-13 06:38:11.921,,34.63042,34.056374,31.463882,,32.72986,UTC-0300,tWUO8ZL77Z,,com.sec.android.app.shealth,2025-12-13 06:08:00.000,5a9399de-6b54-4b79-bb83-973e27df1b7f,
,33.07203,1094.4727,33.885117,2025-12-13 06:45:00.000,19c04f87-f359-4b4d-9116-406b77a9703a.binning_data.json,175,31301,,32.947342,2025-12-13 10:21:50.131,2025-12-13 10:21:50.131,,34.558605,34.35312,31.961718,,33.07203,UTC-0300,tWUO8ZL77Z,,com.sec.android.app.shealth,2025-12-13 09:58:00.000,19c04f87-f359-4b4d-9116-406b77a9703a,
,34.06702,1160.8232,33.834427,2025-12-14 02:42:00.000,5a8b3ea7-9cda-437b-a52d-0d1708a9dd72.binning_data.json,92,31301,,32.822098,2025-12-14 05:00:32.347,2025-12-14 05:00:32.347,,34.53292,34.89224,33.125046,,34.06702,UTC-0300,tWUO8ZL77Z,,com.sec.android.app.shealth,2025-12-14 04:34:00.000,5a8b3ea7-9cda-437b-a52d-0d1708a9dd72,
,32.796967,1076.2026,33.844154,2025-12-14 06:36:00.000,7c53d601-f70a-4a50-8506-07fe2f19395a.binning_data.json,172,31301,,32.908226,2025-12-14 10:06:06.689,2025-12-14 10:06:06.689,,34.594627,34.218376,31.237926,,32.796967,UTC-0300,tWUO8ZL77Z,,com.sec.android.app.shealth,2025-12-14 09:43:00.000,7c53d601-f70a-4a50-8506-07fe2f19395a,
,34.32577,1178.4026,33.76822,2025-12-14 23:52:00.000,b434c9e5-3422-4baf-8226-c1931b87d52c.binning_data.json,145,31301,,32.779415,2025-12-15 02:34:11.316,2025-12-15 02:34:11.316,,34.547596,35.045246,33.59056,,34.32577,UTC-0300,tWUO8ZL77Z,,com.sec.android.app.shealth,2025-12-15 02:34:00.000,b434c9e5-3422-4baf-8226-c1931b87d52c,
,34.01793,1157.3877,33.8143,2025-12-15 03:14:00.000,6a468c68-98b4-4a2d-af3c-3be58cf011c9.binning_data.json,388,31301,,32.920258,2025-12-15 10:20:56.779,2025-12-15 10:20:56.779,,34.6075,34.775143,33.143112,,34.01793,UTC-0300,tWUO8ZL77Z,,com.sec.android.app.shealth,2025-12-15 09:57:00.000,6a468c68-98b4-4a2d-af3c-3be58cf011c9,
,33.288845,1108.2954,33.78865,2025-12-16 03:04:00.000,6fae9316-e7e1-4ea6-833e-be406f48aee1.binning_data.json,357,31301,,32.899265,2025-12-16 09:40:56.820,2025-12-16 09:40:56.820,,34.587284,34.027466,32.366516,,33.288845,UTC-0300,tWUO8ZL77Z,,com.sec.android.app.shealth,2025-12-16 09:17:00.000,6fae9316-e7e1-4ea6-833e-be406f48aee1,
,33.886627,1148.3578,33.67396,2025-12-17 03:25:00.000,7c7e58bb-724d-41cc-8204-04385926b2bf.binning_data.json,330,31301,,32.666298,2025-12-17 09:32:43.142,2025-12-17 09:32:43.142,,34.534206,34.42233,33.18204,,33.886627,UTC-0300,tWUO8ZL77Z,,com.sec.android.app.shealth,2025-12-17 09:09:00.000,7c7e58bb-724d-41cc-8204-04385926b2bf,
,33.505882,1123.298,33.707943,2025-12-18 01:25:00.000,b9c10d6d-05ed-4c1e-b7ee-7395634099b3.binning_data.json,242,31301,,32.568367,2025-12-18 06:07:30.671,2025-12-18 06:07:30.671,,34.553165,35.271744,32.42113,,33.505882,UTC-0300,tWUO8ZL77Z,,com.sec.android.app.shealth,2025-12-18 05:44:00.000,b9c10d6d-05ed-4c1e-b7ee-7395634099b3,
,33.074947,1094.9358,33.69009,2025-12-18 06:55:00.000,b19ec163-3ed6-4f7e-8939-61dd12778cf2.binning_data.json,191,31301,,32.58247,2025-12-18 10:49:14.946,2025-12-18 10:49:14.946,,34.624134,34.405994,31.518553,,33.074947,UTC-0300,tWUO8ZL77Z,,com.sec.android.app.shealth,2025-12-18 10:24:00.000,b19ec163-3ed6-4f7e-8939-61dd12778cf2,
,34.528294,1192.6975,33.6135,2025-12-19 03:07:00.000,8f5bd8bf-6a0b-47ee-b2c8-8bbe3be8349e.binning_data.json,388,31301,,32.53116,2025-12-19 10:16:19.897,2025-12-19 10:16:19.897,,34.5483,35.453445,32.213604,,34.528294,UTC-0300,tWUO8ZL77Z,,com.sec.android.app.shealth,2025-12-19 09:54:00.000,8f5bd8bf-6a0b-47ee-b2c8-8bbe3be8349e,
,34.56017,1195.0073,33.679787,2025-12-20 02:58:00.000,c6ac288b-67cd-4ff9-b476-932b9bc55bbc.binning_data.json,329,31301,,32.39281,2025-12-20 09:07:57.865,2025-12-20 09:07:57.865,,34.587494,35.746037,32.98781,,34.56017,UTC-0300,tWUO8ZL77Z,,com.sec.android.app.shealth,2025-12-20 08:43:00.000,c6ac288b-67cd-4ff9-b476-932b9bc55bbc,
,34.079468,1161.4403,33.779083,2025-12-20 09:31:00.000,a9c29a36-498f-42cc-bfb0-f87c02fe7049.binning_data.json,36,31301,,32.467186,2025-12-20 10:45:27.516,2025-12-20 10:45:27.516,,34.673027,34.359203,33.69516,,34.079468,UTC-0300,tWUO8ZL77Z,,com.sec.android.app.shealth,2025-12-20 10:24:00.000,a9c29a36-498f-42cc-bfb0-f87c02fe7049,
,33.264988,1106.7908,33.871914,2025-12-21 05:37:00.000,ba4db5f0-4739-4744-bd02-19c53a59e482.binning_data.json,213,31301,,32.777035,2025-12-21 09:51:18.740,2025-12-21 09:51:18.740,,34.738842,34.03537,32.418056,,33.264988,UTC-0300,tWUO8ZL77Z,,com.sec.android.app.shealth,2025-12-21 09:26:00.000,ba4db5f0-4739-4744-bd02-19c53a59e482,
,33.34303,1111.9736,33.827076,2025-12-21 09:58:00.000,41f7b9c2-2b5e-4965-98be-32bbe07c1046.binning_data.json,114,31301,,32.732166,2025-12-21 12:30:53.356,2025-12-21 12:30:53.356,,34.673782,34.445866,32.86228,,33.34303,UTC-0300,tWUO8ZL77Z,,com.sec.android.app.shealth,2025-12-21 12:05:00.000,41f7b9c2-2b5e-4965-98be-32bbe07c1046,
,34.260895,1173.9271,33.837746,2025-12-22 06:02:00.000,f0e5ea60-a501-4ba8-9315-11d9a0d05997.binning_data.json,148,31301,,32.699318,2025-12-22 09:17:42.366,2025-12-22 09:17:42.366,,34.646137,34.7843,33.661617,,34.260895,UTC-0300,tWUO8ZL77Z,,com.sec.android.app.shealth,2025-12-22 08:52:00.000,f0e5ea60-a501-4ba8-9315-11d9a0d05997,
,33.586674,1128.1792,33.860634,2025-12-22 09:24:00.000,a2c6cd81-6652-44a7-a647-33f65f00574a.binning_data.json,120,31301,,32.768707,2025-12-22 12:02:52.658,2025-12-22 12:02:52.658,,34.6378,34.241714,33.047497,,33.586674,UTC-0300,tWUO8ZL77Z,,com.sec.android.app.shealth,2025-12-22 11:40:00.000,a2c6cd81-6652-44a7-a647-33f65f00574a,
,34.213963,1170.6268,33.822586,2025-12-23 08:04:00.000,56a74a2f-fb16-41de-b7d0-f31daac10e19.binning_data.json,119,31301,,32.755047,2025-12-23 10:42:40.552,2025-12-23 10:42:40.552,,34.561592,34.449142,33.733315,,34.213963,UTC-0300,tWUO8ZL77Z,,com.sec.android.app.shealth,2025-12-23 10:19:00.000,56a74a2f-fb16-41de-b7d0-f31daac10e19,
,33.87199,1147.3273,33.928917,2025-12-24 04:14:00.000,59e69c7b-fbc3-4ee5-8e2f-d72d6e7f3286.binning_data.json,46,31301,,32.94006,2025-12-24 05:37:18.557,2025-12-24 05:37:18.557,,34.591225,34.113186,33.705097,,33.87199,UTC-0300,tWUO8ZL77Z,,com.sec.android.app.shealth,2025-12-24 05:14:00.000,59e69c7b-fbc3-4ee5-8e2f-d72d6e7f3286,
,34.169464,1167.6473,33.927765,2025-12-24 05:46:00.000,b5837c72-9192-40b3-9103-f0314a48c7d2.binning_data.json,86,31301,,33.034447,2025-12-24 07:54:45.861,2025-12-24 07:54:45.861,,34.54754,34.63616,33.615234,,34.169464,UTC-0300,tWUO8ZL77Z,,com.sec.android.app.shealth,2025-12-24 07:28:00.000,b5837c72-9192-40b3-9103-f0314a48c7d2,
,33.739555,1138.4094,33.936565,2025-12-24 08:01:00.000,d154ee0a-2edf-44b1-a168-158cab74e518.binning_data.json,117,31301,,33.09898,2025-12-24 10:37:09.015,2025-12-24 10:37:09.015,,34.55739,34.11613,33.384876,,33.739555,UTC-0300,tWUO8ZL77Z,,com.sec.android.app.shealth,2025-12-24 10:17:00.000,d154ee0a-2edf-44b1-a168-158cab74e518,
,33.406704,1116.1295,33.93351,2025-12-25 04:28:00.000,31ca9f1c-6324-4452-9b25-e334ed107e2b.binning_data.json,383,31301,,33.121517,2025-12-25 11:19:58.323,2025-12-25 11:19:58.323,,34.52336,34.176662,32.546875,,33.406704,UTC-0300,tWUO8ZL77Z,,com.sec.android.app.shealth,2025-12-25 11:00:00.000,31ca9f1c-6324-4452-9b25-e334ed107e2b,
,34.226902,1171.6294,33.96481,2025-12-26 06:45:00.000,1067a6df-c2ff-4a5a-82be-e3471aabc47f.binning_data.json,101,31301,,33.225166,2025-12-26 09:16:09.199,2025-12-26 09:16:09.199,,34.401146,34.879616,33.501793,,34.226902,UTC-0300,tWUO8ZL77Z,,com.sec.android.app.shealth,2025-12-26 08:48:00.000,1067a6df-c2ff-4a5a-82be-e3471aabc47f,
,34.35564,1180.4346,33.85876,2025-12-27 04:08:00.000,bb535979-2471-4956-9be9-2248256a9b1e.binning_data.json,324,31301,,33.344532,2025-12-27 09:57:12.618,2025-12-27 09:57:12.618,,34.401146,35.22537,33.68766,,34.35564,UTC-0300,tWUO8ZL77Z,,com.sec.android.app.shealth,2025-12-27 09:53:00.000,bb535979-2471-4956-9be9-2248256a9b1e,
,33.219456,1103.8981,33.814877,2025-12-28 06:11:00.000,b68254e9-19e0-4ee3-bcd3-916d2cf07ac1.binning_data.json,115,31301,,33.39442,2025-12-28 08:46:08.908,2025-12-28 08:46:08.908,,34.40714,34.260925,32.613285,,33.219456,UTC-0300,tWUO8ZL77Z,,com.sec.android.app.shealth,2025-12-28 08:21:00.000,b68254e9-19e0-4ee3-bcd3-916d2cf07ac1,
,34.47653,1188.7036,33.778572,2025-12-28 09:08:00.000,d04e8ccb-90e8-4316-8bf3-14375fc5aa19.binning_data.json,70,31301,,33.29678,2025-12-28 10:57:27.990,2025-12-28 10:57:27.990,,34.388863,34.970596,34.01793,,34.47653,UTC-0300,tWUO8ZL77Z,,com.sec.android.app.shealth,2025-12-28 10:33:00.000,d04e8ccb-90e8-4316-8bf3-14375fc5aa19,
,34.13486,1165.2896,33.906197,2025-12-29 02:51:00.000,ab40271a-aa49-4e6d-8c66-f14d1cd3c1fe.binning_data.json,459,31301,,33.514824,2025-12-29 10:56:19.075,2025-12-29 10:56:19.075,,34.489788,34.814484,33.43431,,34.13486,UTC-0300,tWUO8ZL77Z,,com.sec.android.app.shealth,2025-12-29 10:48:00.000,ab40271a-aa49-4e6d-8c66-f14d1cd3c1fe,
,33.963646,1153.5706,33.95609,2025-12-30 05:09:00.000,9ae3cfc1-8df2-4162-999a-42c0803f512b.binning_data.json,176,31301,,33.459446,2025-12-30 08:41:10.324,2025-12-30 08:41:10.324,,34.537964,34.614887,33.59658,,33.963646,UTC-0300,tWUO8ZL77Z,,com.sec.android.app.shealth,2025-12-30 08:19:00.000,9ae3cfc1-8df2-4162-999a-42c0803f512b,
,34.147263,1166.0824,33.94045,2025-12-31 02:31:00.000,b8cdc45a-3a60-4303-a9b3-f3ba4f574fdc.binning_data.json,230,31301,,33.442356,2025-12-31 07:01:55.717,2025-12-31 07:01:55.717,,34.558685,34.615833,33.724194,,34.147263,UTC-0300,tWUO8ZL77Z,,com.sec.android.app.shealth,2025-12-31 06:38:00.000,b8cdc45a-3a60-4303-a9b3-f3ba4f574fdc,
,33.68062,1134.68,33.963024,2025-12-31 09:00:00.000,109d4fcb-7a2b-483a-9088-cd3fc5b5bbeb.binning_data.json,64,31301,,33.560795,2025-12-31 10:23:44.523,2025-12-31 10:23:44.523,,34.571224,34.3038,32.566685,,33.68062,UTC-0300,tWUO8ZL77Z,,com.sec.android.app.shealth,2025-12-31 10:23:00.000,109d4fcb-7a2b-483a-9088-cd3fc5b5bbeb,
,33.106117,1096.1989,33.960167,2026-01-01 04:24:00.000,573982f3-701c-4bb7-a6bc-27a5d9c55830.binning_data.json,308,31301,,33.3035,2026-01-01 10:13:59.663,2026-01-01 10:13:59.663,,34.63716,34.033443,32.34772,,33.106117,UTC-0300,tWUO8ZL77Z,,com.sec.android.app.shealth,2026-01-01 09:50:00.000,573982f3-701c-4bb7-a6bc-27a5d9c55830,
,33.428913,1117.7145,33.932514,2026-01-02 01:57:00.000,9ce69456-d3de-4d55-ab4d-841435340c8a.binning_data.json,295,31301,,33.3035,2026-01-02 07:36:54.891,2026-01-02 07:36:54.891,,34.63716,34.38957,32.554516,,33.428913,UTC-0300,tWUO8ZL77Z,,com.sec.android.app.shealth,2026-01-02 07:14:00.000,9ce69456-d3de-4d55-ab4d-841435340c8a,
,33.291954,1108.3705,33.86316,2026-01-02 07:49:00.000,947ad9f4-b6aa-449d-b130-068c94a684b3.binning_data.json,82,31301,,33.209877,2026-01-02 09:28:09.914,2026-01-02 09:28:09.914,,34.606216,33.568848,32.848564,,33.291954,UTC-0300,tWUO8ZL77Z,,com.sec.android.app.shealth,2026-01-02 09:28:00.000,947ad9f4-b6aa-449d-b130-068c94a684b3,
,34.73009,1206.4127,33.728004,2026-01-04 05:21:00.000,4f97a57d-1b87-4ff2-b3c3-e53eb6c2a3af.binning_data.json,107,31301,,33.0483,2026-01-04 07:42:48.025,2026-01-04 07:42:48.025,,34.433277,35.36396,33.94339,,34.73009,UTC-0300,tWUO8ZL77Z,,com.sec.android.app.shealth,2026-01-04 07:30:00.000,4f97a57d-1b87-4ff2-b3c3-e53eb6c2a3af,
,33.781563,1141.4203,33.793846,2026-01-05 03:14:00.000,61f4471c-258c-47f4-aac2-a0f1ad1855af.binning_data.json,353,31301,,33.12081,2026-01-05 09:35:38.918,2026-01-05 09:35:38.918,,34.462,34.778187,32.88169,,33.781563,UTC-0300,tWUO8ZL77Z,,com.sec.android.app.shealth,2026-01-05 09:25:00.000,61f4471c-258c-47f4-aac2-a0f1ad1855af,
,33.99009,1155.9186,33.69424,2026-01-06 05:01:00.000,f17a704e-c0e3-4a80-a440-084950e886e7.binning_data.json,226,31301,,33.028706,2026-01-06 09:09:58.602,2026-01-06 09:09:58.602,,34.45595,35.33007,32.509865,,33.99009,UTC-0300,tWUO8ZL77Z,,com.sec.android.app.shealth,2026-01-06 09:07:00.000,f17a704e-c0e3-4a80-a440-084950e886e7,
,34.908543,1218.8278,33.705917,2026-01-07 04:55:00.000,cd785877-4678-4887-9160-3b34adb793b8.binning_data.json,238,31301,,32.847584,2026-01-07 09:29:31.202,2026-01-07 09:29:31.202,,34.57515,35.536274,33.993687,,34.908543,UTC-0300,tWUO8ZL77Z,,com.sec.android.app.shealth,2026-01-07 09:07:00.000,cd785877-4678-4887-9160-3b34adb793b8,
,33.474133,1120.7773,33.821728,2026-01-08 04:13:00.000,242cc82e-e939-4bbd-b943-185c167cfcb7.binning_data.json,285,31301,,32.947605,2026-01-08 09:35:51.173,2026-01-08 09:35:51.173,,34.779045,35.15122,32.789757,,33.474133,UTC-0300,tWUO8ZL77Z,,com.sec.android.app.shealth,2026-01-08 09:13:00.000,242cc82e-e939-4bbd-b943-185c167cfcb7,
,33.799183,1142.6052,33.898235,2026-01-09 02:38:00.000,b2a81214-eeaa-4a7a-a5b7-68d9c1d6d425.binning_data.json,299,31301,,33.003582,2026-01-09 07:59:03.689,2026-01-09 07:59:03.689,,35.0026,34.613754,32.95374,,33.799183,UTC-0300,tWUO8ZL77Z,,com.sec.android.app.shealth,2026-01-09 07:58:00.000,b2a81214-eeaa-4a7a-a5b7-68d9c1d6d425,
,33.119263,1097.0447,33.882523,2026-01-09 08:02:00.000,a14f2621-68aa-4a37-8670-ceeda8bce904.binning_data.json,33,31301,,32.995274,2026-01-09 09:21:32.602,2026-01-09 09:21:32.602,,34.93779,33.651653,32.55723,,33.119263,UTC-0300,tWUO8ZL77Z,,com.sec.android.app.shealth,2026-01-09 08:56:00.000,a14f2621-68aa-4a37-8670-ceeda8bce904,
,33.73609,1138.3112,33.98444,2026-01-10 02:35:00.000,74e7f88f-b61f-4c69-bfac-949944b78d21.binning_data.json,220,31301,,33.02516,2026-01-10 06:42:30.266,2026-01-10 06:42:30.266,,35.047436,34.358692,32.864727,,33.73609,UTC-0300,tWUO8ZL77Z,,com.sec.android.app.shealth,2026-01-10 06:36:00.000,74e7f88f-b61f-4c69-bfac-949944b78d21,
,33.438366,1118.3706,33.953415,2026-01-11 03:31:00.000,3d113734-0619-45f8-8867-f178fa61cd7d.binning_data.json,353,31301,,32.998425,2026-01-11 09:45:19.825,2026-01-11 09:45:19.825,,34.932644,34.53955,32.59299,,33.438366,UTC-0300,tWUO8ZL77Z,,com.sec.android.app.shealth,2026-01-11 09:38:00.000,3d113734-0619-45f8-8867-f178fa61cd7d,
,33.531586,1124.4092,33.829926,2026-01-13 01:55:00.000,1eb156f7-cc0e-4f8c-9964-1b46fe8b7edc.binning_data.json,313,31301,,32.751686,2026-01-13 07:45:54.356,2026-01-13 07:45:54.356,,34.798656,33.952744,33.011303,,33.531586,UTC-0300,tWUO8ZL77Z,,com.sec.android.app.shealth,2026-01-13 07:23:00.000,1eb156f7-cc0e-4f8c-9964-1b46fe8b7edc,
,34.149094,1166.6565,33.78245,2026-01-13 07:43:00.000,261e8d5d-8651-4aa3-9c2a-692b291a2664.binning_data.json,138,31301,,32.794956,2026-01-13 10:17:45.458,2026-01-13 10:17:45.458,,34.65767,35.309456,32.877106,,34.149094,UTC-0300,tWUO8ZL77Z,,com.sec.android.app.shealth,2026-01-13 10:16:00.000,261e8d5d-8651-4aa3-9c2a-692b291a2664,
,33.499428,1122.339,33.784405,2026-01-14 00:37:00.000,a3d1615e-52d8-49cc-8959-c2feaa435bf9.binning_data.json,182,31301,,32.84827,2026-01-14 04:21:34.851,2026-01-14 04:21:34.851,,34.654236,34.055763,32.48804,,33.499428,UTC-0300,tWUO8ZL77Z,,com.sec.android.app.shealth,2026-01-14 03:56:00.000,a3d1615e-52d8-49cc-8959-c2feaa435bf9,
,33.898647,1149.2177,33.75924,2026-01-14 05:40:00.000,1fe39ceb-497e-43c8-98f3-f2055ae46a8f.binning_data.json,180,31301,,32.806694,2026-01-14 09:02:08.916,2026-01-14 09:02:08.916,,34.568737,34.62984,33.38409,,33.898647,UTC-0300,tWUO8ZL77Z,,com.sec.android.app.shealth,2026-01-14 09:02:00.000,1fe39ceb-497e-43c8-98f3-f2055ae46a8f,
,34.04349,1159.1306,33.635204,2026-01-15 01:09:00.000,4d5f0672-9611-4c14-8a6b-09cb5e7bf2ae.binning_data.json,490,31301,,32.806694,2026-01-15 09:40:08.899,2026-01-15 09:40:08.899,,34.471653,35.100872,33.287895,,34.04349,UTC-0300,tWUO8ZL77Z,,com.sec.android.app.shealth,2026-01-15 09:40:00.000,4d5f0672-9611-4c14-8a6b-09cb5e7bf2ae,
,34.32557,1178.3223,33.7466,2026-01-16 02:52:00.000,8b24d813-816b-4e4e-9854-931b606676e2.binning_data.json,79,31301,,32.877857,2026-01-16 04:56:18.256,2026-01-16 04:56:18.256,,34.46446,34.725567,33.877403,,34.32557,UTC-0300,tWUO8ZL77Z,,com.sec.android.app.shealth,2026-01-16 04:26:00.000,8b24d813-816b-4e4e-9854-931b606676e2,
,33.712177,1136.6681,33.7666,2026-01-16 06:11:00.000,96f86421-8cdb-45a1-853b-47643a517db2.binning_data.json,157,31301,,32.941135,2026-01-16 09:13:04.596,2026-01-16 09:13:04.596,,34.497097,34.488194,33.040707,,33.712177,UTC-0300,tWUO8ZL77Z,,com.sec.android.app.shealth,2026-01-16 09:06:00.000,96f86421-8cdb-45a1-853b-47643a517db2,
,34.230274,1171.7961,33.76806,2026-01-17 03:04:00.000,6b7d0612-754f-4b2b-9751-adc3fafe26c3.binning_data.json,228,31301,,33.008404,2026-01-17 07:14:36.047,2026-01-17 07:14:36.047,,34.556927,34.811943,33.548523,,34.230274,UTC-0300,tWUO8ZL77Z,,com.sec.android.app.shealth,2026-01-17 07:09:00.000,6b7d0612-754f-4b2b-9751-adc3fafe26c3,
,34.228817,1171.6903,33.813095,2026-01-17 07:20:00.000,e2162124-ac18-4975-b463-9d86abf940d3.binning_data.json,73,31301,,33.07592,2026-01-17 08:58:53.821,2026-01-17 08:58:53.821,,34.588802,34.690804,33.33069,,34.228817,UTC-0300,tWUO8ZL77Z,,com.sec.android.app.shealth,2026-01-17 08:36:00.000,e2162124-ac18-4975-b463-9d86abf940d3,
,33.869728,1147.1794,33.825672,2026-01-17 08:59:00.000,657c50fc-5a24-4240-9b56-4346369d1c51.binning_data.json,45,31301,,33.113792,2026-01-17 09:59:08.673,2026-01-17 09:59:08.673,,34.606373,34.09006,33.680176,,33.869728,UTC-0300,tWUO8ZL77Z,,com.sec.android.app.shealth,2026-01-17 09:59:00.000,657c50fc-5a24-4240-9b56-4346369d1c51,
,34.298496,1176.4799,33.835365,2026-01-18 04:00:00.000,90f49444-8fa2-4d25-bb0d-6430a6a08cc7.binning_data.json,346,31301,,33.211475,2026-01-18 10:17:45.034,2026-01-18 10:17:45.034,,34.567993,34.850407,33.57609,,34.298496,UTC-0300,tWUO8ZL77Z,,com.sec.android.app.shealth,2026-01-18 10:07:00.000,90f49444-8fa2-4d25-bb0d-6430a6a08cc7,
,33.25626,1106.2711,33.970005,2026-01-19 04:48:00.000,902d88c7-50fd-44cd-be50-4a5711c6aca9.binning_data.json,342,31301,,33.31133,2026-01-19 11:01:16.690,2026-01-19 11:01:16.690,,34.6124,34.178898,32.104633,,33.25626,UTC-0300,tWUO8ZL77Z,,com.sec.android.app.shealth,2026-01-19 10:49:00.000,902d88c7-50fd-44cd-be50-4a5711c6aca9,
,33.56295,1127.047,33.875134,2026-01-20 04:39:00.000,21bb5855-f43f-4c9f-878b-5fba845ffe09.binning_data.json,205,31301,,33.25705,2026-01-20 08:49:31.073,2026-01-20 08:49:31.073,,34.558212,34.85194,31.977388,,33.56295,UTC-0300,tWUO8ZL77Z,,com.sec.android.app.shealth,2026-01-20 08:25:00.000,21bb5855-f43f-4c9f-878b-5fba845ffe09,
,33.552094,1125.7478,33.852097,2026-01-20 08:51:00.000,93e16fd9-85ae-4a3a-9b9e-1e0795f23856.binning_data.json,26,31301,,33.171604,2026-01-20 09:31:31.136,2026-01-20 09:31:31.136,,34.590847,33.644978,33.42,,33.552094,UTC-0300,tWUO8ZL77Z,,com.sec.android.app.shealth,2026-01-20 09:31:00.000,93e16fd9-85ae-4a3a-9b9e-1e0795f23856,
,34.046474,1159.1643,33.849316,2026-01-20 09:36:00.000,8f348ee5-52bf-41f2-b573-76af9f154b2e.binning_data.json,5,31301,,33.196445,2026-01-20 10:10:43.055,2026-01-20 10:10:43.055,,34.53734,34.09958,33.983875,,34.046474,UTC-0300,tWUO8ZL77Z,,com.sec.android.app.shealth,2026-01-20 09:48:00.000,8f348ee5-52bf-41f2-b573-76af9f154b2e,
,32.919724,1084.1665,33.874363,2026-01-21 05:53:00.000,7a66ac97-bd3d-4d55-82d7-1730a4869fab.binning_data.json,225,31301,,33.306248,2026-01-21 10:07:36.366,2026-01-21 10:07:36.366,,34.50725,34.294296,31.586197,,32.919724,UTC-0300,tWUO8ZL77Z,,com.sec.android.app.shealth,2026-01-21 10:02:00.000,7a66ac97-bd3d-4d55-82d7-1730a4869fab,
,33.93472,1151.6871,33.80641,2026-01-22 06:33:00.000,fd5b7b97-675f-44e8-b636-924c9740f3cb.binning_data.json,64,31301,,33.24859,2026-01-22 08:17:20.614,2026-01-22 08:17:20.614,,34.51746,34.37155,33.105106,,33.93472,UTC-0300,tWUO8ZL77Z,,com.sec.android.app.shealth,2026-01-22 07:53:00.000,fd5b7b97-675f-44e8-b636-924c9740f3cb,
,32.991184,1088.5206,33.810005,2026-01-22 08:17:00.000,d1022a26-ba8e-4fb0-9e17-de4fd8028269.binning_data.json,190,31301,,33.232647,2026-01-22 11:58:20.639,2026-01-22 11:58:20.639,,34.501247,33.870426,32.361946,,32.991184,UTC-0300,tWUO8ZL77Z,,com.sec.android.app.shealth,2026-01-22 11:42:00.000,d1022a26-ba8e-4fb0-9e17-de4fd8028269,
,34.641914,1201.077,33.673992,2026-01-23 02:35:00.000,18ac8cce-d16a-41c8-b16d-70e5e1176fb2.binning_data.json,320,31301,,33.129765,2026-01-23 08:40:39.519,2026-01-23 08:40:39.519,,34.416763,35.730473,31.975721,,34.641914,UTC-0300,tWUO8ZL77Z,,com.sec.android.app.shealth,2026-01-23 08:16:00.000,18ac8cce-d16a-41c8-b16d-70e5e1176fb2,
,34.070656,1160.9003,33.808365,2026-01-23 08:36:00.000,3f7c4052-f73d-4c56-ae35-8ad1c7b8bb7e.binning_data.json,44,31301,,33.014523,2026-01-23 09:57:51.899,2026-01-23 09:57:51.899,,34.46013,34.99941,33.84104,,34.070656,UTC-0300,tWUO8ZL77Z,,com.sec.android.app.shealth,2026-01-23 09:34:00.000,3f7c4052-f73d-4c56-ae35-8ad1c7b8bb7e,
,33.940018,1152.1892,33.80164,2026-01-24 04:34:00.000,67ec51cc-a93e-4322-8d5e-e2892353765c.binning_data.json,322,31301,,33.011616,2026-01-24 10:36:35.349,2026-01-24 10:36:35.349,,34.471054,34.651466,32.451973,,33.940018,UTC-0300,tWUO8ZL77Z,,com.sec.android.app.shealth,2026-01-24 10:12:00.000,67ec51cc-a93e-4322-8d5e-e2892353765c,
,29.903992,894.26953,33.81994,2026-01-24 18:58:00.000,fae87f7d-dc16-40a0-aef7-e95db600a8cf.binning_data.json,40,31301,,32.95565,2026-01-24 20:25:26.358,2026-01-24 20:25:26.358,,34.489094,30.163803,29.671913,,29.903992,UTC-0300,tWUO8ZL77Z,,com.sec.android.app.shealth,2026-01-24 20:02:00.000,fae87f7d-dc16-40a0-aef7-e95db600a8cf,
,34.230606,1172.0604,33.687347,2026-01-25 03:08:00.000,cd7be294-5a2b-4ea0-a1e5-233e1836cce2.binning_data.json,368,31301,,32.621605,2026-01-25 09:59:59.142,2026-01-25 09:59:59.142,,34.39607,35.135384,32.66401,,34.230606,UTC-0300,tWUO8ZL77Z,,com.sec.android.app.shealth,2026-01-25 09:34:00.000,cd7be294-5a2b-4ea0-a1e5-233e1836cce2,
,34.843567,1214.2863,33.681984,2026-01-26 03:23:00.000,fb220b1e-5dfa-4f61-9415-fa0c998ce89b.binning_data.json,226,31301,,32.50759,2026-01-26 07:58:01.476,2026-01-26 07:58:01.476,,34.414696,35.67702,33.7884,,34.843567,UTC-0300,tWUO8ZL77Z,,com.sec.android.app.shealth,2026-01-26 07:31:00.000,fb220b1e-5dfa-4f61-9415-fa0c998ce89b,
,33.957176,1153.4116,33.792423,2026-01-26 08:10:00.000,704996ac-d9b9-4e45-8f7a-f57cf252b3e4.binning_data.json,134,31301,,32.649902,2026-01-26 10:46:28.468,2026-01-26 10:46:28.468,,34.49477,34.674583,32.325294,,33.957176,UTC-0300,tWUO8ZL77Z,,com.sec.android.app.shealth,2026-01-26 10:38:00.000,704996ac-d9b9-4e45-8f7a-f57cf252b3e4,
,33.717926,1137.0452,33.887142,2026-01-27 04:39:00.000,648b6e5f-de0a-41da-a235-90dddf425064.binning_data.json,345,31301,,32.674423,2026-01-27 11:09:49.006,2026-01-27 11:09:49.006,,34.54985,34.553604,32.475323,,33.717926,UTC-0300,tWUO8ZL77Z,,com.sec.android.app.shealth,2026-01-27 10:45:00.000,648b6e5f-de0a-41da-a235-90dddf425064,
,33.703373,1136.028,33.894165,2026-01-28 05:49:00.000,5dd2d0ec-3a65-4b28-863a-d210caf6bf50.binning_data.json,239,31301,,32.47991,2026-01-28 10:25:49.609,2026-01-28 10:25:49.609,,34.668613,34.336544,32.74879,,33.703373,UTC-0300,tWUO8ZL77Z,,com.sec.android.app.shealth,2026-01-28 10:02:00.000,5dd2d0ec-3a65-4b28-863a-d210caf6bf50,
,33.61521,1130.3849,33.96993,2026-01-29 04:33:00.000,4d18c6bf-e39c-4c30-95e4-2172c6a2c217.binning_data.json,414,31301,,32.590347,2026-01-29 11:44:55.047,2026-01-29 11:44:55.047,,34.674652,34.74794,32.147625,,33.61521,UTC-0300,tWUO8ZL77Z,,com.sec.android.app.shealth,2026-01-29 11:44:00.000,4d18c6bf-e39c-4c30-95e4-2172c6a2c217,
,33.910892,1150.2218,33.986797,2026-01-30 01:47:00.000,51984308-7498-454d-800d-1297161089d1.binning_data.json,452,31301,,32.572144,2026-01-30 10:10:38.998,2026-01-30 10:10:38.998,,34.846996,35.268536,32.82624,,33.910892,UTC-0300,tWUO8ZL77Z,,com.sec.android.app.shealth,2026-01-30 09:44:00.000,51984308-7498-454d-800d-1297161089d1,
,33.823883,1144.1753,33.8893,2026-01-31 05:54:00.000,f21e5c2f-0290-4051-8eb9-d69851b10ee1.binning_data.json,50,31301,,32.519894,2026-01-31 07:20:38.027,2026-01-31 07:20:38.027,,34.766865,34.369205,33.127045,,33.823883,UTC-0300,tWUO8ZL77Z,,com.sec.android.app.shealth,2026-01-31 06:57:00.000,f21e5c2f-0290-4051-8eb9-d69851b10ee1,
,34.04382,1159.1661,33.88804,2026-01-31 07:14:00.000,45fe8870-001b-4e67-a4b4-025d86a22cac.binning_data.json,154,31301,,32.595787,2026-01-31 10:23:04.091,2026-01-31 10:23:04.091,,34.71716,35.016506,33.007236,,34.04382,UTC-0300,tWUO8ZL77Z,,com.sec.android.app.shealth,2026-01-31 10:02:00.000,45fe8870-001b-4e67-a4b4-025d86a22cac,
,33.836227,1144.9854,33.95799,2026-02-01 03:59:00.000,1d4b3d2f-ab4a-49b9-ad9d-6634e2a592f6.binning_data.json,56,31301,,32.739132,2026-02-01 05:45:29.946,2026-02-01 05:45:29.946,,34.82368,34.31879,33.04587,,33.836227,UTC-0300,tWUO8ZL77Z,,com.sec.android.app.shealth,2026-02-01 05:15:00.000,1d4b3d2f-ab4a-49b9-ad9d-6634e2a592f6,
,34.395035,1183.0841,33.95519,2026-02-01 05:45:00.000,7da90590-5c95-41bd-bc3f-77ef6de9c6b2.binning_data.json,250,31301,,32.777473,2026-02-01 10:32:28.595,2026-02-01 10:32:28.595,,34.762787,35.02264,33.863808,,34.395035,UTC-0300,tWUO8ZL77Z,,com.sec.android.app.shealth,2026-02-01 10:10:00.000,7da90590-5c95-41bd-bc3f-77ef6de9c6b2,
,34.28279,1175.6772,33.9589,2026-02-02 02:56:00.000,48358703-39b4-44e7-9b6f-bfbec476adc9.binning_data.json,480,31301,,32.918022,2026-02-02 11:12:06.658,2026-02-02 11:12:06.658,,34.748695,35.420204,33.130215,,34.28279,UTC-0300,tWUO8ZL77Z,,com.sec.android.app.shealth,2026-02-02 11:12:00.000,48358703-39b4-44e7-9b6f-bfbec476adc9,
,33.587914,1128.1987,33.94077,2026-02-03 05:42:00.000,4e10f46b-f372-489a-854c-7e1c7e87bb98.binning_data.json,198,31301,,32.908672,2026-02-03 09:33:02.531,2026-02-03 09:33:02.531,,34.759285,34.00586,33.15202,,33.587914,UTC-0300,tWUO8ZL77Z,,com.sec.android.app.shealth,2026-02-03 09:19:00.000,4e10f46b-f372-489a-854c-7e1c7e87bb98,
,34.760567,1208.7148,33.943832,2026-02-04 01:30:00.000,f502a03e-c849-4e22-bfff-785392c7359c.binning_data.json,368,31301,,33.005344,2026-02-04 08:19:26.061,2026-02-04 08:19:26.061,,34.72574,35.802017,33.643272,,34.760567,UTC-0300,tWUO8ZL77Z,,com.sec.android.app.shealth,2026-02-04 07:54:00.000,f502a03e-c849-4e22-bfff-785392c7359c,
,33.73871,1138.4037,34.091656,2026-02-05 03:57:00.000,76b318aa-fc48-4f04-b1cf-490b6609824a.binning_data.json,285,31301,,33.13313,2026-02-05 09:25:50.247,2026-02-05 09:25:50.247,,34.880547,34.54665,33.210857,,33.73871,UTC-0300,tWUO8ZL77Z,,com.sec.android.app.shealth,2026-02-05 08:58:00.000,76b318aa-fc48-4f04-b1cf-490b6609824a,
,33.924736,1151.0557,34.13381,2026-02-06 01:33:00.000,0ceac143-b36f-4761-8e01-acaf8e132063.binning_data.json,199,31301,,33.188076,2026-02-06 05:11:26.660,2026-02-06 05:11:26.660,,34.851795,34.780617,33.107788,,33.924736,UTC-0300,tWUO8ZL77Z,,com.sec.android.app.shealth,2026-02-06 05:06:00.000,0ceac143-b36f-4761-8e01-acaf8e132063,
,34.4505,1188.0874,34.11711,2026-02-06 05:16:00.000,5c67ef9f-bc45-4274-9384-7f71f34e73ae.binning_data.json,260,31301,,33.17804,2026-02-06 09:52:01.140,2026-02-06 09:52:01.140,,34.842896,38.82834,33.404213,,34.4505,UTC-0300,tWUO8ZL77Z,,com.sec.android.app.shealth,2026-02-06 09:39:00.000,5c67ef9f-bc45-4274-9384-7f71f34e73ae,
