com.samsung.health.floors_climbed,6307003,7
start_time,custom,update_time,create_time,client_data_id,client_data_ver,floor,raw_data,time_offset,deviceuuid,pkg_name,end_time,datauuid
2025-10-27 03:00:00.441,,2025-10-27 18:35:27.937,2025-10-27 18:35:27.937,,,1.0,af882a9b-b79a-45a0-b8bd-005e9486bf97.raw_data.json,UTC-0300,tWUO8ZL77Z,com.sec.android.app.shealth,2025-10-27 18:30:18.999,af882a9b-b79a-45a0-b8bd-005e9486bf97,
2025-10-29 03:00:00.138,,2025-10-29 10:55:34.951,2025-10-29 10:55:34.951,,,1.0,d15cbe18-f480-46b7-99ed-dbe2bf53242e.raw_data.json,UTC-0300,tWUO8ZL77Z,com.sec.android.app.shealth,2025-10-29 10:52:58.000,d15cbe18-f480-46b7-99ed-dbe2bf53242e,
2025-10-29 10:52:56.229,,2025-10-29 18:13:46.778,2025-10-29 18:13:46.778,,,1.0,a404b9ae-67f6-4803-ae30-cfb5989a0c04.raw_data.json,UTC-0300,tWUO8ZL77Z,com.sec.android.app.shealth,2025-10-29 18:13:26.001,a404b9ae-67f6-4803-ae30-cfb5989a0c04,
2025-10-29 18:13:26.001,,2025-10-29 22:54:58.521,2025-10-29 22:54:58.521,,,1.0,8fd74142-2b75-4dc7-952b-eb7d77f44ad0.raw_data.json,UTC-0300,tWUO8ZL77Z,com.sec.android.app.shealth,2025-10-29 22:53:17.001,8fd74142-2b75-4dc7-952b-eb7d77f44ad0,
2025-10-30 03:00:00.000,,2025-10-30 17:25:14.203,2025-10-30 17:25:14.203,,,1.0,f4bc0d8b-c353-472a-a625-a49448c5c204.raw_data.json,UTC-0300,tWUO8ZL77Z,com.sec.android.app.shealth,2025-10-30 17:23:17.000,f4bc0d8b-c353-472a-a625-a49448c5c204,
2025-10-31 03:00:00.767,,2025-10-31 10:09:34.392,2025-10-31 10:09:34.392,,,1.0,2a575015-f4cd-4473-9cf1-bc1af8005df4.raw_data.json,UTC-0300,tWUO8ZL77Z,com.sec.android.app.shealth,2025-10-31 10:09:11.999,2a575015-f4cd-4473-9cf1-bc1af8005df4,
2025-10-31 10:09:11.999,,2025-10-31 16:55:07.345,2025-10-31 16:55:07.345,,,1.0,692d56d7-7302-4009-9678-71a1ba7d621f.raw_data.json,UTC-0300,tWUO8ZL77Z,com.sec.android.app.shealth,2025-10-31 16:46:41.999,692d56d7-7302-4009-9678-71a1ba7d621f,
2025-10-31 16:46:38.298,,2025-10-31 22:01:41.127,2025-10-31 22:01:41.127,,,1.0,74e9b617-b9c3-4a0e-b6de-e89246f39f1f.raw_data.json,UTC-0300,tWUO8ZL77Z,com.sec.android.app.shealth,2025-10-31 22:01:22.000,74e9b617-b9c3-4a0e-b6de-e89246f39f1f,
2025-11-01 03:00:00.182,,2025-11-01 12:21:44.691,2025-11-01 12:21:44.691,,,1.0,e3a4c465-ba32-40c1-9ea8-6f9420853d1a.raw_data.json,UTC-0300,tWUO8ZL77Z,com.sec.android.app.shealth,2025-11-01 12:21:19.001,e3a4c465-ba32-40c1-9ea8-6f9420853d1a,
2025-11-02 03:00:00.000,,2025-11-02 16:25:03.062,2025-11-02 16:25:03.062,,,1.0,b7f4f092-a05a-4088-95d5-3cbd0bf17e46.raw_data.json,UTC-0300,tWUO8ZL77Z,com.sec.android.app.shealth,2025-11-02 16:15:55.001,b7f4f092-a05a-4088-95d5-3cbd0bf17e46,
2025-11-03 03:00:00.186,,2025-11-03 12:32:59.516,2025-11-03 12:32:59.516,,,1.0,4b14b976-e31f-4486-a3e0-7bbd80c47ca1.raw_data.json,UTC-0300,tWUO8ZL77Z,com.sec.android.app.shealth,2025-11-03 12:28:41.000,4b14b976-e31f-4486-a3e0-7bbd80c47ca1,
2025-11-03 12:28:41.000,,2025-11-03 13:13:16.631,2025-11-03 13:13:16.553,,,2.0,63c4e590-6be1-4a03-8370-087f812cbcfe.raw_data.json,UTC-0300,tWUO8ZL77Z,com.sec.android.app.shealth,2025-11-03 13:12:38.000,63c4e590-6be1-4a03-8370-087f812cbcfe,
2025-11-03 13:12:34.720,,2025-11-03 19:21:57.178,2025-11-03 19:21:57.178,,,1.0,02f7e6d9-3d9e-4f57-aa81-9d9b5bab3043.raw_data.json,UTC-0300,tWUO8ZL77Z,com.sec.android.app.shealth,2025-11-03 19:20:15.000,02f7e6d9-3d9e-4f57-aa81-9d9b5bab3043,
2025-11-04 03:00:01.277,,2025-11-04 11:19:12.401,2025-11-04 11:19:12.401,,,1.0,d2eca405-6902-4168-b725-b38c936d7d6b.raw_data.json,UTC-0300,tWUO8ZL77Z,com.sec.android.app.shealth,2025-11-04 11:18:26.000,d2eca405-6902-4168-b725-b38c936d7d6b,
2025-11-04 11:18:23.922,,2025-11-04 16:10:29.044,2025-11-04 16:10:29.044,,,1.0,8d97c27c-7134-4a6e-8e0e-95457f7812ba.raw_data.json,UTC-0300,tWUO8ZL77Z,com.sec.android.app.shealth,2025-11-04 16:08:49.001,8d97c27c-7134-4a6e-8e0e-95457f7812ba,
2025-11-05 03:00:00.000,,2025-11-05 17:27:23.446,2025-11-05 17:27:23.446,,,1.0,9d5e40c9-6e26-4a5e-a43c-a3ac0278e303.raw_data.json,UTC-0300,tWUO8ZL77Z,com.sec.android.app.shealth,2025-11-05 17:22:42.001,9d5e40c9-6e26-4a5e-a43c-a3ac0278e303,
2025-11-05 17:22:42.001,,2025-11-05 17:50:34.761,2025-11-05 17:50:34.761,,,1.0,35a566cf-ff0d-4206-bd6e-1c287b64d3a2.raw_data.json,UTC-0300,tWUO8ZL77Z,com.sec.android.app.shealth,2025-11-05 17:45:21.001,35a566cf-ff0d-4206-bd6e-1c287b64d3a2,
2025-11-11 03:00:00.000,,2025-11-11 12:50:22.246,2025-11-11 12:50:22.246,,,1.0,d737ce81-9844-4373-9cbe-ef3062c08ca7.raw_data.json,UTC-0300,tWUO8ZL77Z,com.sec.android.app.shealth,2025-11-11 12:47:13.000,d737ce81-9844-4373-9cbe-ef3062c08ca7,
2025-11-11 12:47:13.000,,2025-11-11 15:14:32.054,2025-11-11 15:14:32.016,,,2.0,9a911e48-b845-4927-8d6b-156facd0b74d.raw_data.json,UTC-0300,tWUO8ZL77Z,com.sec.android.app.shealth,2025-11-11 15:07:25.000,9a911e48-b845-4927-8d6b-156facd0b74d,
2025-11-12 03:00:00.000,,2025-11-12 12:36:13.726,2025-11-12 12:36:13.726,,,1.0,dfc2e84b-1f43-46f8-87eb-066d349e57e7.raw_data.json,UTC-0300,tWUO8ZL77Z,com.sec.android.app.shealth,2025-11-12 12:35:40.000,dfc2e84b-1f43-46f8-87eb-066d349e57e7,
2025-11-12 12:35:42.087,,2025-11-12 15:42:30.015,2025-11-12 15:42:30.015,,,1.0,9ccb31ca-088c-41bc-aaa8-0804d82a9ffc.raw_data.json,UTC-0300,tWUO8ZL77Z,com.sec.android.app.shealth,2025-11-12 15:39:16.000,9ccb31ca-088c-41bc-aaa8-0804d82a9ffc,
2025-11-12 15:39:16.000,,2025-11-12 16:55:46.828,2025-11-12 16:55:46.828,,,1.0,761c6344-de73-42a9-9054-112e06fabe96.raw_data.json,UTC-0300,tWUO8ZL77Z,com.sec.android.app.shealth,2025-11-12 16:54:03.000,761c6344-de73-42a9-9054-112e06fabe96,
2025-11-13 03:00:00.000,,2025-11-13 09:04:51.284,2025-11-13 09:04:51.284,,,1.0,a5bd6400-6161-4937-a75e-b188f6e34d65.raw_data.json,UTC-0300,tWUO8ZL77Z,com.sec.android.app.shealth,2025-11-13 09:03:36.000,a5bd6400-6161-4937-a75e-b188f6e34d65,
2025-11-13 09:03:36.001,,2025-11-13 13:30:26.344,2025-11-13 13:30:26.344,,,1.0,6c7c8509-d365-402c-945f-55e10eb1473a.raw_data.json,UTC-0300,tWUO8ZL77Z,com.sec.android.app.shealth,2025-11-13 13:30:01.000,6c7c8509-d365-402c-945f-55e10eb1473a,
2025-11-14 03:00:00.140,,2025-11-14 17:30:59.818,2025-11-14 17:30:59.818,,,1.0,0dc94266-f354-4c1b-a63f-265c6da799b0.raw_data.json,UTC-0300,tWUO8ZL77Z,com.sec.android.app.shealth,2025-11-14 17:26:03.001,0dc94266-f354-4c1b-a63f-265c6da799b0,
2025-11-15 03:00:00.162,,2025-11-15 13:10:13.551,2025-11-15 13:10:13.551,,,1.0,a9933604-95b9-4252-b4e9-0bd7a4f41b1b.raw_data.json,UTC-0300,tWUO8ZL77Z,com.sec.android.app.shealth,2025-11-15 12:57:35.999,a9933604-95b9-4252-b4e9-0bd7a4f41b1b,
2025-11-15 12:57:24.717,,2025-11-15 17:12:24.972,2025-11-15 17:12:24.972,,,1.0,baa3461a-760c-44d5-9b9e-e622b5f47978.raw_data.json,UTC-0300,tWUO8ZL77Z,com.sec.android.app.shealth,2025-11-15 17:10:20.000,baa3461a-760c-44d5-9b9e-e622b5f47978,
2025-11-16 03:00:00.248,,2025-11-16 10:45:50.781,2025-11-16 10:45:50.781,,,1.0,fe326e78-4e8e-4cff-92b4-071b2d03d59b.raw_data.json,UTC-0300,tWUO8ZL77Z,com.sec.android.app.shealth,2025-11-16 10:44:17.000,fe326e78-4e8e-4cff-92b4-071b2d03d59b,
2025-11-16 10:44:16.999,,2025-11-16 11:07:01.259,2025-11-16 11:07:01.132,,,2.0,7886b233-d559-49e1-8082-3701713b465e.raw_data.json,UTC-0300,tWUO8ZL77Z,com.sec.android.app.shealth,2025-11-16 11:04:32.000,7886b233-d559-49e1-8082-3701713b465e,
2025-11-16 11:04:32.001,,2025-11-16 12:07:38.439,2025-11-16 12:07:38.373,,,2.0,955ab395-180d-4efc-8f0b-961ceb9af96e.raw_data.json,UTC-0300,tWUO8ZL77Z,com.sec.android.app.shealth,2025-11-16 11:54:38.000,955ab395-180d-4efc-8f0b-961ceb9af96e,
2025-11-16 11:54:38.000,,2025-11-16 12:07:38.500,2025-11-16 12:07:38.500,,,1.0,3fe6a225-ea6c-4c5a-ae92-a81471f80f4d.raw_data.json,UTC-0300,tWUO8ZL77Z,com.sec.android.app.shealth,2025-11-16 11:56:13.999,3fe6a225-ea6c-4c5a-ae92-a81471f80f4d,
2025-11-16 11:56:14.000,,2025-11-16 12:07:38.698,2025-11-16 12:07:38.547,,,3.0,c5a35c0d-cc81-4740-8bbd-e2e3e0a84559.raw_data.json,UTC-0300,tWUO8ZL77Z,com.sec.android.app.shealth,2025-11-16 12:01:54.999,c5a35c0d-cc81-4740-8bbd-e2e3e0a84559,
2025-11-16 12:01:49.774,,2025-11-16 21:33:44.105,2025-11-16 21:33:44.105,,,1.0,694db359-a13c-4e5f-8ffb-d5da1aaa13b9.raw_data.json,UTC-0300,tWUO8ZL77Z,com.sec.android.app.shealth,2025-11-16 21:33:12.999,694db359-a13c-4e5f-8ffb-d5da1aaa13b9,
2025-11-17 03:00:00.000,,2025-11-17 23:34:40.092,2025-11-17 23:34:40.092,,,1.0,ccda1ddd-884a-4574-afd5-5be0c88ac959.raw_data.json,UTC-0300,tWUO8ZL77Z,com.sec.android.app.shealth,2025-11-17 23:34:11.999,ccda1ddd-884a-4574-afd5-5be0c88ac959,
2025-11-18 03:00:00.000,,2025-11-18 16:29:05.201,2025-11-18 16:29:05.201,,,1.0,90a4ca1a-8752-49ef-a45f-0df73074ad7a.raw_data.json,UTC-0300,tWUO8ZL77Z,com.sec.android.app.shealth,2025-11-18 16:25:17.000,90a4ca1a-8752-49ef-a45f-0df73074ad7a,
2025-11-18 16:25:14.482,,2025-11-18 17:40:07.680,2025-11-18 17:40:07.680,,,1.0,6ee81ef2-e800-40cc-90e0-976bcceb12de.raw_data.json,UTC-0300,tWUO8ZL77Z,com.sec.android.app.shealth,2025-11-18 17:39:27.000,6ee81ef2-e800-40cc-90e0-976bcceb12de,
2025-11-18 17:39:27.001,,2025-11-18 18:29:42.444,2025-11-18 18:29:42.444,,,1.0,ff034583-d4e5-4e54-87e3-4ce10609c18c.raw_data.json,UTC-0300,tWUO8ZL77Z,com.sec.android.app.shealth,2025-11-18 18:27:52.001,ff034583-d4e5-4e54-87e3-4ce10609c18c,
2025-11-19 03:00:00.000,,2025-11-19 13:25:28.052,2025-11-19 13:25:28.052,,,1.0,c2892973-4b92-4c88-b20f-b696d6d16648.raw_data.json,UTC-0300,tWUO8ZL77Z,com.sec.android.app.shealth,2025-11-19 13:23:05.000,c2892973-4b92-4c88-b20f-b696d6d16648,
2025-11-20 03:00:05.063,,2025-11-20 12:43:49.386,2025-11-20 12:43:49.386,,,1.0,9272cdb8-4ae0-4265-ab94-7b1fc4d8b143.raw_data.json,UTC-0300,tWUO8ZL77Z,com.sec.android.app.shealth,2025-11-20 12:37:38.000,9272cdb8-4ae0-4265-ab94-7b1fc4d8b143,
2025-11-20 12:37:22.112,,2025-11-20 17:43:39.246,2025-11-20 17:43:39.246,,,1.0,4509a5b1-c13e-47c1-8508-0213fdd57c57.raw_data.json,UTC-0300,tWUO8ZL77Z,com.sec.android.app.shealth,2025-11-20 17:43:20.000,4509a5b1-c13e-47c1-8508-0213fdd57c57,
2025-11-21 03:00:00.000,,2025-11-21 18:21:01.175,2025-11-21 18:21:01.175,,,1.0,1af3f6a4-32fb-49fb-80c1-249dd5e1df08.raw_data.json,UTC-0300,tWUO8ZL77Z,com.sec.android.app.shealth,2025-11-21 18:20:14.001,1af3f6a4-32fb-49fb-80c1-249dd5e1df08,
2025-11-21 18:20:11.121,,2025-11-21 22:01:09.770,2025-11-21 22:01:09.770,,,1.0,27baa3fb-5018-47f3-b3b2-4fc304363640.raw_data.json,UTC-0300,tWUO8ZL77Z,com.sec.android.app.shealth,2025-11-21 21:57:42.000,27baa3fb-5018-47f3-b3b2-4fc304363640,
2025-11-22 03:00:00.000,,2025-11-22 10:55:47.950,2025-11-22 10:55:47.950,,,1.0,829efc6e-fe95-4032-ae12-e3ca0aaa7af8.raw_data.json,UTC-0300,tWUO8ZL77Z,com.sec.android.app.shealth,2025-11-22 10:54:06.000,829efc6e-fe95-4032-ae12-e3ca0aaa7af8,
2025-11-22 10:54:06.000,,2025-11-22 11:16:06.658,2025-11-22 11:16:06.658,,,1.0,5d82dfd4-ae4b-4a54-9bf5-ff103c2bb808.raw_data.json,UTC-0300,tWUO8ZL77Z,com.sec.android.app.shealth,2025-11-22 11:13:43.000,5d82dfd4-ae4b-4a54-9bf5-ff103c2bb808,
2025-11-22 11:13:40.089,,2025-11-23 00:50:11.009,2025-11-23 00:50:11.009,,,1.0,81fed2eb-01ea-4afd-a266-4771f138d14d.raw_data.json,UTC-0300,tWUO8ZL77Z,com.sec.android.app.shealth,2025-11-23 00:49:48.000,81fed2eb-01ea-4afd-a266-4771f138d14d,
2025-11-23 03:00:00.868,,2025-11-23 11:22:44.614,2025-11-23 11:22:44.614,,,1.0,b3ff6fcc-b5aa-43ef-b82a-a2fcf31907fc.raw_data.json,UTC-0300,tWUO8ZL77Z,com.sec.android.app.shealth,2025-11-23 11:13:50.001,b3ff6fcc-b5aa-43ef-b82a-a2fcf31907fc,
2025-11-23 11:13:29.396,,2025-11-23 14:28:18.108,2025-11-23 14:28:18.108,,,1.0,8fe3a06d-7449-4bdb-b767-1aa46afd7e24.raw_data.json,UTC-0300,tWUO8ZL77Z,com.sec.android.app.shealth,2025-11-23 14:27:38.000,8fe3a06d-7449-4bdb-b767-1aa46afd7e24,
2025-11-24 03:00:00.000,,2025-11-24 20:05:48.372,2025-11-24 20:05:48.372,,,1.0,a165259b-a6f5-4b78-b3a6-56c14147bd3b.raw_data.json,UTC-0300,tWUO8ZL77Z,com.sec.android.app.shealth,2025-11-24 19:58:13.000,a165259b-a6f5-4b78-b3a6-56c14147bd3b,
2025-11-25 03:00:00.000,,2025-11-25 15:45:15.200,2025-11-25 15:45:15.200,,,1.0,8ed6b27d-e3df-4d75-9dc5-f1df956ee68f.raw_data.json,UTC-0300,tWUO8ZL77Z,com.sec.android.app.shealth,2025-11-25 15:45:01.000,8ed6b27d-e3df-4d75-9dc5-f1df956ee68f,
2025-11-26 03:00:00.963,,2025-11-26 11:12:10.117,2025-11-26 11:12:10.117,,,1.0,5509223b-88a2-4e82-9819-0d8b26603b35.raw_data.json,UTC-0300,tWUO8ZL77Z,com.sec.android.app.shealth,2025-11-26 11:11:50.001,5509223b-88a2-4e82-9819-0d8b26603b35,
2025-11-27 03:00:00.000,,2025-11-27 14:24:09.684,2025-11-27 14:24:09.684,,,1.0,f5ca8820-9019-413a-8700-7a266d2cf6ba.raw_data.json,UTC-0300,tWUO8ZL77Z,com.sec.android.app.shealth,2025-11-27 14:19:26.999,f5ca8820-9019-413a-8700-7a266d2cf6ba,
2025-11-27 14:19:26.999,,2025-11-27 14:24:09.756,2025-11-27 14:24:09.756,,,1.0,09bfc8ac-8d4c-403f-905e-c658d168bb7b.raw_data.json,UTC-0300,tWUO8ZL77Z,com.sec.android.app.shealth,2025-11-27 14:22:36.999,09bfc8ac-8d4c-403f-905e-c658d168bb7b,
2025-11-27 14:22:35.060,,2025-11-27 18:17:27.719,2025-11-27 18:17:27.719,,,1.0,c0877edf-b49f-4105-889a-ecae87c65da7.raw_data.json,UTC-0300,tWUO8ZL77Z,com.sec.android.app.shealth,2025-11-27 18:16:58.000,c0877edf-b49f-4105-889a-ecae87c65da7,
2025-11-28 03:00:00.000,,2025-11-28 18:02:58.597,2025-11-28 18:02:58.597,,,1.0,e476673c-a62b-481c-b2c5-d8baf7b343c1.raw_data.json,UTC-0300,tWUO8ZL77Z,com.sec.android.app.shealth,2025-11-28 18:02:27.999,e476673c-a62b-481c-b2c5-d8baf7b343c1,
2025-11-28 18:02:28.000,,2025-11-28 19:07:27.733,2025-11-28 19:07:27.733,,,1.0,9b3dab26-c31b-4e5f-81dc-902ab19bbc7b.raw_data.json,UTC-0300,tWUO8ZL77Z,com.sec.android.app.shealth,2025-11-28 19:07:10.001,9b3dab26-c31b-4e5f-81dc-902ab19bbc7b,
2025-11-28 19:07:06.675,,2025-11-28 23:34:12.400,2025-11-28 23:34:12.400,,,1.0,0f432a52-ec2f-4797-a275-892e91f77d63.raw_data.json,UTC-0300,tWUO8ZL77Z,com.sec.android.app.shealth,2025-11-28 23:33:52.999,0f432a52-ec2f-4797-a275-892e91f77d63,
2025-11-29 03:00:00.000,,2025-11-30 00:56:19.427,2025-11-30 00:56:19.427,,,1.0,a05a1017-57e1-4b0c-ad12-bd74c7273bb5.raw_data.json,UTC-0300,tWUO8ZL77Z,com.sec.android.app.shealth,2025-11-30 00:54:42.000,a05a1017-57e1-4b0c-ad12-bd74c7273bb5,
2025-11-30 03:00:00.000,,2025-11-30 12:19:39.563,2025-11-30 12:19:39.563,,,1.0,050e33a5-4540-46cc-8174-c6becf063ee7.raw_data.json,UTC-0300,tWUO8ZL77Z,com.sec.android.app.shealth,2025-11-30 12:19:14.001,050e33a5-4540-46cc-8174-c6becf063ee7,
2025-12-02 03:00:00.214,,2025-12-02 10:40:21.880,2025-12-02 10:40:21.880,,,1.0,d3d637c7-a5d6-430a-a55d-2e6d783b4533.raw_data.json,UTC-0300,tWUO8ZL77Z,com.sec.android.app.shealth,2025-12-02 10:39:31.000,d3d637c7-a5d6-430a-a55d-2e6d783b4533,
2025-12-02 10:39:21.270,,2025-12-02 11:27:12.310,2025-12-02 11:27:12.310,,,1.0,c95f8443-0df3-41dc-8f7a-40303e961d81.raw_data.json,UTC-0300,tWUO8ZL77Z,com.sec.android.app.shealth,2025-12-02 11:25:28.000,c95f8443-0df3-41dc-8f7a-40303e961d81,
2025-12-02 11:25:21.722,,2025-12-03 00:02:00.368,2025-12-03 00:02:00.368,,,1.0,05689418-9368-4531-b781-3afb42ed35b0.raw_data.json,UTC-0300,tWUO8ZL77Z,com.sec.android.app.shealth,2025-12-03 00:00:44.000,05689418-9368-4531-b781-3afb42ed35b0,
2025-12-03 03:00:00.157,,2025-12-03 13:52:30.415,2025-12-03 13:52:30.415,,,1.0,b4d8b87d-443c-49b6-bf18-9468d83f1e53.raw_data.json,UTC-0300,tWUO8ZL77Z,com.sec.android.app.shealth,2025-12-03 13:50:23.999,b4d8b87d-443c-49b6-bf18-9468d83f1e53,
2025-12-03 13:50:24.000,,2025-12-03 14:17:32.029,2025-12-03 14:17:32.029,,,1.0,d1715887-047a-4e0c-bc42-2767a28a555f.raw_data.json,UTC-0300,tWUO8ZL77Z,com.sec.android.app.shealth,2025-12-03 14:15:07.000,d1715887-047a-4e0c-bc42-2767a28a555f,
2025-12-06 03:00:00.252,,2025-12-06 12:03:29.057,2025-12-06 12:03:29.057,,,1.0,dfb2ac45-68f7-47a8-9a2d-f8d89e00b313.raw_data.json,UTC-0300,tWUO8ZL77Z,com.sec.android.app.shealth,2025-12-06 12:02:05.000,dfb2ac45-68f7-47a8-9a2d-f8d89e00b313,
2025-12-07 03:00:00.318,,2025-12-07 10:53:23.975,2025-12-07 10:53:23.975,,,1.0,31726715-2818-404a-81c3-8f54da6a7027.raw_data.json,UTC-0300,tWUO8ZL77Z,com.sec.android.app.shealth,2025-12-07 10:52:13.000,31726715-2818-404a-81c3-8f54da6a7027,
2025-12-08 03:00:00.406,,2025-12-08 11:57:19.710,2025-12-08 11:57:19.710,,,1.0,e1f8a317-c5ed-4bb5-b6ae-151126430313.raw_data.json,UTC-0300,tWUO8ZL77Z,com.sec.android.app.shealth,2025-12-08 11:57:00.001,e1f8a317-c5ed-4bb5-b6ae-151126430313,
2025-12-08 11:56:59.263,,2025-12-08 16:35:37.224,2025-12-08 16:35:37.224,,,1.0,5cf6e991-1958-4051-8e1e-25e38a95269e.raw_data.json,UTC-0300,tWUO8ZL77Z,com.sec.android.app.shealth,2025-12-08 16:31:55.000,5cf6e991-1958-4051-8e1e-25e38a95269e,
2025-12-09 03:00:00.383,,2025-12-09 13:09:59.306,2025-12-09 13:09:59.306,,,1.0,d3ef76f0-a093-4b07-97c2-82fdd07433b7.raw_data.json,UTC-0300,tWUO8ZL77Z,com.sec.android.app.shealth,2025-12-09 13:05:18.000,d3ef76f0-a093-4b07-97c2-82fdd07433b7,
2025-12-10 03:00:00.000,,2025-12-10 11:47:06.107,2025-12-10 11:47:06.107,,,1.0,9765ec98-a018-4e67-a571-1490fa1d5490.raw_data.json,UTC-0300,tWUO8ZL77Z,com.sec.android.app.shealth,2025-12-10 11:46:59.000,9765ec98-a018-4e67-a571-1490fa1d5490,
2025-12-10 11:46:59.001,,2025-12-10 13:26:16.700,2025-12-10 13:26:16.700,,,1.0,152da68b-9800-41a3-8ed3-549e8e93717b.raw_data.json,UTC-0300,tWUO8ZL77Z,com.sec.android.app.shealth,2025-12-10 13:25:27.000,152da68b-9800-41a3-8ed3-549e8e93717b,
2025-12-10 13:25:26.999,,2025-12-10 17:20:24.302,2025-12-10 17:20:24.302,,,1.0,96bb8d9f-8953-46f0-8ae3-6dc1cf3e67fa.raw_data.json,UTC-0300,tWUO8ZL77Z,com.sec.android.app.shealth,2025-12-10 17:18:50.000,96bb8d9f-8953-46f0-8ae3-6dc1cf3e67fa,
2025-12-10 17:18:50.001,,2025-12-10 17:43:04.390,2025-12-10 17:43:04.390,,,1.0,e8883363-b3a1-4c51-aba9-7ed406c7f72c.raw_data.json,UTC-0300,tWUO8ZL77Z,com.sec.android.app.shealth,2025-12-10 17:31:26.000,e8883363-b3a1-4c51-aba9-7ed406c7f72c,
2025-12-10 17:31:26.000,,2025-12-10 17:57:58.637,2025-12-10 17:57:58.637,,,1.0,9c1f07b6-e339-48c6-ab9e-9bfda7409bda.raw_data.json,UTC-0300,tWUO8ZL77Z,com.sec.android.app.shealth,2025-12-10 17:54:13.001,9c1f07b6-e339-48c6-ab9e-9bfda7409bda,
2025-12-10 17:54:13.001,,2025-12-10 18:29:24.445,2025-12-10 18:29:24.445,,,1.0,c8c292e5-a108-4498-8b81-b3f77f9845c0.raw_data.json,UTC-0300,tWUO8ZL77Z,com.sec.android.app.shealth,2025-12-10 18:29:11.000,c8c292e5-a108-4498-8b81-b3f77f9845c0,
2025-12-11 03:00:00.000,,2025-12-11 16:37:59.643,2025-12-11 16:37:59.643,,,1.0,3859df83-2ca2-45eb-9aa8-ebf052b8dcfb.raw_data.json,UTC-0300,tWUO8ZL77Z,com.sec.android.app.shealth,2025-12-11 16:36:28.000,3859df83-2ca2-45eb-9aa8-ebf052b8dcfb,
2025-12-11 16:36:28.001,,2025-12-11 18:14:23.472,2025-12-11 18:14:23.472,,,1.0,c1b0e58c-786a-4a7f-b6bc-ba48087100f8.raw_data.json,UTC-0300,tWUO8ZL77Z,com.sec.android.app.shealth,2025-12-11 18:13:03.001,c1b0e58c-786a-4a7f-b6bc-ba48087100f8,
2025-12-11 18:13:03.001,,2025-12-11 19:00:35.474,2025-12-11 19:00:35.474,,,1.0,4fb72f9b-dab4-4c34-93ad-84021f704b4b.raw_data.json,UTC-0300,tWUO8ZL77Z,com.sec.android.app.shealth,2025-12-11 18:59:56.001,4fb72f9b-dab4-4c34-93ad-84021f704b4b,
2025-12-11 18:59:56.001,,2025-12-11 19:03:01.263,2025-12-11 19:03:01.263,,,1.0,dd4aa685-fe71-45ed-be2d-edc3812ba87e.raw_data.json,UTC-0300,tWUO8ZL77Z,com.sec.android.app.shealth,2025-12-11 19:01:02.000,dd4aa685-fe71-45ed-be2d-edc3812ba87e,
2025-12-12 03:00:00.000,,2025-12-12 10:15:20.956,2025-12-12 10:15:20.956,,,1.0,c95480bc-8c4a-41be-b939-e7cd9448ade5.raw_data.json,UTC-0300,tWUO8ZL77Z,com.sec.android.app.shealth,2025-12-12 10:14:24.999,c95480bc-8c4a-41be-b939-e7cd9448ade5,
2025-12-12 10:14:25.000,,2025-12-12 11:07:54.810,2025-12-12 11:07:54.810,,,1.0,0e58149d-0686-4842-8299-25c157e92d82.raw_data.json,UTC-0300,tWUO8ZL77Z,com.sec.android.app.shealth,2025-12-12 11:05:19.001,0e58149d-0686-4842-8299-25c157e92d82,
2025-12-12 11:05:19.001,,2025-12-12 11:27:37.155,2025-12-12 11:27:37.155,,,1.0,a1e69859-6845-4b31-9a38-2ac35de2487b.raw_data.json,UTC-0300,tWUO8ZL77Z,com.sec.android.app.shealth,2025-12-12 11:27:14.001,a1e69859-6845-4b31-9a38-2ac35de2487b,
2025-12-12 11:27:14.001,,2025-12-12 13:11:57.643,2025-12-12 13:11:57.643,,,1.0,6ca0b226-0789-4e54-a126-bf582b719072.raw_data.json,UTC-0300,tWUO8ZL77Z,com.sec.android.app.shealth,2025-12-12 13:10:15.001,6ca0b226-0789-4e54-a126-bf582b719072,
2025-12-15 03:00:00.000,,2025-12-15 22:43:12.406,2025-12-15 22:43:12.406,,,1.0,5ab5bce9-e742-4ecb-9d63-037d35c3a68d.raw_data.json,UTC-0300,tWUO8ZL77Z,com.sec.android.app.shealth,2025-12-15 22:41:56.000,5ab5bce9-e742-4ecb-9d63-037d35c3a68d,
2025-12-17 03:00:00.477,,2025-12-17 11:15:00.115,2025-12-17 11:15:00.115,,,1.0,64634eb3-25a7-49bf-bfb1-b02c2884946b.raw_data.json,UTC-0300,tWUO8ZL77Z,com.sec.android.app.shealth,2025-12-17 11:13:43.000,64634eb3-25a7-49bf-bfb1-b02c2884946b,
2025-12-17 11:13:43.000,,2025-12-17 13:19:26.273,2025-12-17 13:19:26.273,,,1.0,3ce0541f-2327-42e9-8382-b2b578642476.raw_data.json,UTC-0300,tWUO8ZL77Z,com.sec.android.app.shealth,2025-12-17 13:09:44.000,3ce0541f-2327-42e9-8382-b2b578642476,
2025-12-17 13:09:40.571,,2025-12-17 23:34:59.058,2025-12-17 23:34:59.058,,,1.0,37dbd83d-5b8a-4856-8895-5323878406cf.raw_data.json,UTC-0300,tWUO8ZL77Z,com.sec.android.app.shealth,2025-12-17 23:32:09.001,37dbd83d-5b8a-4856-8895-5323878406cf,
2025-12-18 03:00:00.221,,2025-12-18 13:20:51.615,2025-12-18 13:20:51.615,,,1.0,1f8d4ee1-5130-4d51-badb-07a8ce383c88.raw_data.json,UTC-0300,tWUO8ZL77Z,com.sec.android.app.shealth,2025-12-18 13:20:28.001,1f8d4ee1-5130-4d51-badb-07a8ce383c88,
2025-12-21 03:00:00.556,,2025-12-21 22:52:28.402,2025-12-21 22:52:28.402,,,1.0,1e0d4d16-b615-46ae-a147-9dc7bde0ff56.raw_data.json,UTC-0300,tWUO8ZL77Z,com.sec.android.app.shealth,2025-12-21 22:51:33.000,1e0d4d16-b615-46ae-a147-9dc7bde0ff56,
2025-12-22 03:00:00.000,,2025-12-22 13:12:39.453,2025-12-22 13:12:39.453,,,1.0,e6545d95-efb3-4eef-971a-01e0b2447723.raw_data.json,UTC-0300,tWUO8ZL77Z,com.sec.android.app.shealth,2025-12-22 13:12:11.000,e6545d95-efb3-4eef-971a-01e0b2447723,
2025-12-22 13:12:07.630,,2025-12-22 19:12:04.181,2025-12-22 19:12:04.181,,,1.0,8c6d09fd-785c-40c5-8e10-c50d1f86a657.raw_data.json,UTC-0300,tWUO8ZL77Z,com.sec.android.app.shealth,2025-12-22 19:11:37.001,8c6d09fd-785c-40c5-8e10-c50d1f86a657,
2025-12-25 03:00:00.000,,2025-12-25 12:15:01.992,2025-12-25 12:15:01.992,,,1.0,dbcb197d-d75f-45b2-872c-23e2602b1a3e.raw_data.json,UTC-0300,tWUO8ZL77Z,com.sec.android.app.shealth,2025-12-25 12:14:28.999,dbcb197d-d75f-45b2-872c-23e2602b1a3e,
2025-12-25 12:14:23.119,,2025-12-25 17:45:57.441,2025-12-25 17:45:57.441,,,1.0,a6e39e58-6e0a-4858-b12b-c9ad0003b8dc.raw_data.json,UTC-0300,tWUO8ZL77Z,com.sec.android.app.shealth,2025-12-25 17:45:02.000,a6e39e58-6e0a-4858-b12b-c9ad0003b8dc,
2025-12-28 03:00:00.000,,2025-12-28 12:27:55.707,2025-12-28 12:27:55.599,,,2.0,50b4d8e2-38d0-44ed-a7c8-72297419cc14.raw_data.json,UTC-0300,tWUO8ZL77Z,com.sec.android.app.shealth,2025-12-28 12:26:27.001,50b4d8e2-38d0-44ed-a7c8-72297419cc14,
2025-12-28 12:26:27.001,,2025-12-28 13:00:51.357,2025-12-28 13:00:51.357,,,1.0,15f13d81-f14d-4a4b-a81c-16da3a48c334.raw_data.json,UTC-0300,tWUO8ZL77Z,com.sec.android.app.shealth,2025-12-28 12:59:16.000,15f13d81-f14d-4a4b-a81c-16da3a48c334,
2025-12-28 12:59:12.889,,2025-12-28 18:24:18.649,2025-12-28 18:24:18.649,,,1.0,c5e226df-af6f-450f-a52a-e8d40b63da19.raw_data.json,UTC-0300,tWUO8ZL77Z,com.sec.android.app.shealth,2025-12-28 18:21:09.000,c5e226df-af6f-450f-a52a-e8d40b63da19,
2025-12-29 03:00:00.000,,2025-12-29 13:15:55.891,2025-12-29 13:15:55.891,,,1.0,5db5d216-9100-4b66-9789-efd7ef33590d.raw_data.json,UTC-0300,tWUO8ZL77Z,com.sec.android.app.shealth,2025-12-29 13:15:11.000,5db5d216-9100-4b66-9789-efd7ef33590d,
2026-01-01 03:00:00.000,,2026-01-01 16:45:05.762,2026-01-01 16:45:05.762,,,1.0,81958336-1abf-4dbe-b3ae-a37682b7dc91.raw_data.json,UTC-0300,tWUO8ZL77Z,com.sec.android.app.shealth,2026-01-01 16:44:46.000,81958336-1abf-4dbe-b3ae-a37682b7dc91,
2026-01-03 03:00:00.000,,2026-01-03 15:59:59.485,2026-01-03 15:59:59.485,,,1.0,730d01ce-7f42-4a85-8d8d-f69e803175bf.raw_data.json,UTC-0300,tWUO8ZL77Z,com.sec.android.app.shealth,2026-01-03 15:56:55.000,730d01ce-7f42-4a85-8d8d-f69e803175bf,
2026-01-03 15:56:55.001,,2026-01-03 16:56:32.343,2026-01-03 16:56:32.343,,,1.0,e8d2448f-afce-4b6b-b59a-6a4645879ec9.raw_data.json,UTC-0300,tWUO8ZL77Z,com.sec.android.app.shealth,2026-01-03 16:55:12.001,e8d2448f-afce-4b6b-b59a-6a4645879ec9,
2026-01-04 03:00:00.980,,2026-01-04 08:21:53.488,2026-01-04 08:21:53.488,,,1.0,082082fc-5972-45e2-afcd-0839e66a546c.raw_data.json,UTC-0300,tWUO8ZL77Z,com.sec.android.app.shealth,2026-01-04 08:19:39.000,082082fc-5972-45e2-afcd-0839e66a546c,
2026-01-04 08:19:39.000,,2026-01-04 08:45:39.908,2026-01-04 08:45:39.803,,,3.0,4dbf6900-2c3e-484c-aaea-311c93963f4d.raw_data.json,UTC-0300,tWUO8ZL77Z,com.sec.android.app.shealth,2026-01-04 08:36:57.000,4dbf6900-2c3e-484c-aaea-311c93963f4d,
2026-01-04 08:36:57.000,,2026-01-04 13:13:31.912,2026-01-04 13:13:31.912,,,1.0,949805e8-d85d-4aea-94fa-b5d7cc245745.raw_data.json,UTC-0300,tWUO8ZL77Z,com.sec.android.app.shealth,2026-01-04 12:44:22.000,949805e8-d85d-4aea-94fa-b5d7cc245745,
2026-01-04 12:44:22.000,,2026-01-04 13:51:13.558,2026-01-04 13:51:13.558,,,1.0,ca887c05-0774-4eb4-b973-690ccce1940c.raw_data.json,UTC-0300,tWUO8ZL77Z,com.sec.android.app.shealth,2026-01-04 13:47:59.000,ca887c05-0774-4eb4-b973-690ccce1940c,
2026-01-04 13:47:59.000,,2026-01-04 14:17:15.218,2026-01-04 14:17:15.218,,,1.0,1b4b13f0-39a3-4ed9-bd34-e39ff4ced168.raw_data.json,UTC-0300,tWUO8ZL77Z,com.sec.android.app.shealth,2026-01-04 14:16:26.000,1b4b13f0-39a3-4ed9-bd34-e39ff4ced168,
2026-01-04 14:16:26.000,,2026-01-04 14:19:03.620,2026-01-04 14:19:03.620,,,1.0,4dd7e1ab-7f63-4fcc-bb26-e3300ebf8cd3.raw_data.json,UTC-0300,tWUO8ZL77Z,com.sec.android.app.shealth,2026-01-04 14:18:47.000,4dd7e1ab-7f63-4fcc-bb26-e3300ebf8cd3,
2026-01-04 14:18:47.000,,2026-01-04 14:37:28.365,2026-01-04 14:37:28.365,,,1.0,6a60fc26-301e-4ab2-a759-ca53cd8f79d3.raw_data.json,UTC-0300,tWUO8ZL77Z,com.sec.android.app.shealth,2026-01-04 14:34:12.000,6a60fc26-301e-4ab2-a759-ca53cd8f79d3,
2026-01-04 14:34:12.000,,2026-01-04 17:49:36.774,2026-01-04 17:49:36.774,,,1.0,1752a1f0-1a44-4ae0-a814-ea59ea125d48.raw_data.json,UTC-0300,tWUO8ZL77Z,com.sec.android.app.shealth,2026-01-04 17:41:57.000,1752a1f0-1a44-4ae0-a814-ea59ea125d48,
2026-01-04 17:41:57.000,,2026-01-04 18:02:36.137,2026-01-04 18:02:36.137,,,1.0,ca66fa5f-cb39-4a27-b6ca-3b284c7d0f87.raw_data.json,UTC-0300,tWUO8ZL77Z,com.sec.android.app.shealth,2026-01-04 18:01:45.000,ca66fa5f-cb39-4a27-b6ca-3b284c7d0f87,
2026-01-04 18:01:45.000,,2026-01-04 18:53:54.319,2026-01-04 18:53:54.319,,,1.0,3c002445-e0a1-487c-bbc9-96ab44b589d9.raw_data.json,UTC-0300,tWUO8ZL77Z,com.sec.android.app.shealth,2026-01-04 18:53:30.000,3c002445-e0a1-487c-bbc9-96ab44b589d9,
2026-01-04 18:53:30.000,,2026-01-04 19:52:39.837,2026-01-04 19:52:39.837,,,1.0,fc89ee28-3f18-4413-a58a-746ccd7507cc.raw_data.json,UTC-0300,tWUO8ZL77Z,com.sec.android.app.shealth,2026-01-04 19:51:36.000,fc89ee28-3f18-4413-a58a-746ccd7507cc,
2026-01-04 19:51:34.904,,2026-01-04 21:30:48.610,2026-01-04 21:30:48.610,,,1.0,06519404-ad6f-44f2-9b49-e6a08e25d71f.raw_data.json,UTC-0300,tWUO8ZL77Z,com.sec.android.app.shealth,2026-01-04 21:25:45.999,06519404-ad6f-44f2-9b49-e6a08e25d71f,
2026-01-05 03:00:05.071,,2026-01-05 10:37:08.963,2026-01-05 10:37:08.963,,,1.0,68e3c699-f98a-4b29-a0dd-7bafc1505730.raw_data.json,UTC-0300,tWUO8ZL77Z,com.sec.android.app.shealth,2026-01-05 10:36:02.000,68e3c699-f98a-4b29-a0dd-7bafc1505730,
2026-01-05 10:36:01.999,,2026-01-05 17:39:31.167,2026-01-05 17:39:31.167,,,1.0,7564fa93-ea3d-4a71-8b84-14981f10cfc2.raw_data.json,UTC-0300,tWUO8ZL77Z,com.sec.android.app.shealth,2026-01-05 17:32:28.999,7564fa93-ea3d-4a71-8b84-14981f10cfc2,
2026-01-05 17:32:28.999,,2026-01-05 18:33:13.379,2026-01-05 18:33:13.379,,,1.0,b499a3e5-33ef-487f-9c7b-7d625e08dec3.raw_data.json,UTC-0300,tWUO8ZL77Z,com.sec.android.app.shealth,2026-01-05 18:27:19.999,b499a3e5-33ef-487f-9c7b-7d625e08dec3,
2026-01-05 18:27:20.000,,2026-01-05 19:02:50.854,2026-01-05 19:02:50.854,,,1.0,fec3a150-4005-43b1-a980-551209aab63b.raw_data.json,UTC-0300,tWUO8ZL77Z,com.sec.android.app.shealth,2026-01-05 19:01:34.000,fec3a150-4005-43b1-a980-551209aab63b,
2026-01-05 19:01:34.000,,2026-01-05 20:04:27.933,2026-01-05 20:04:27.933,,,1.0,7fab1cf7-7170-4972-8c47-d3c00af6d4a5.raw_data.json,UTC-0300,tWUO8ZL77Z,com.sec.android.app.shealth,2026-01-05 20:03:57.000,7fab1cf7-7170-4972-8c47-d3c00af6d4a5,
2026-01-06 03:00:00.000,,2026-01-06 12:04:00.139,2026-01-06 12:04:00.139,,,1.0,74ae9b0d-6d8c-4636-b3e6-632d03b6eeca.raw_data.json,UTC-0300,tWUO8ZL77Z,com.sec.android.app.shealth,2026-01-06 11:46:02.999,74ae9b0d-6d8c-4636-b3e6-632d03b6eeca,
2026-01-06 11:46:03.000,,2026-01-06 16:52:16.024,2026-01-06 16:52:16.024,,,1.0,da107858-21a0-4a35-9162-ae9ed4a1f73b.raw_data.json,UTC-0300,tWUO8ZL77Z,com.sec.android.app.shealth,2026-01-06 16:44:13.000,da107858-21a0-4a35-9162-ae9ed4a1f73b,
2026-01-06 16:44:13.000,,2026-01-06 16:56:26.006,2026-01-06 16:56:26.006,,,1.0,ba3b1de2-fed2-43bf-9a28-c6f949c59882.raw_data.json,UTC-0300,tWUO8ZL77Z,com.sec.android.app.shealth,2026-01-06 16:56:11.000,ba3b1de2-fed2-43bf-9a28-c6f949c59882,
2026-01-06 16:56:06.907,,2026-01-06 19:48:13.253,2026-01-06 19:48:13.253,,,1.0,33e2a401-d7e2-42dd-8a6b-58adc23de134.raw_data.json,UTC-0300,tWUO8ZL77Z,com.sec.android.app.shealth,2026-01-06 17:16:44.001,33e2a401-d7e2-42dd-8a6b-58adc23de134,
2026-01-06 17:16:44.000,,2026-01-06 19:48:13.285,2026-01-06 19:48:13.285,,,1.0,0b48e817-bc92-41d2-aed3-84f70be05854.raw_data.json,UTC-0300,tWUO8ZL77Z,com.sec.android.app.shealth,2026-01-06 17:34:46.999,0b48e817-bc92-41d2-aed3-84f70be05854,
2026-01-06 17:34:46.999,,2026-01-06 22:59:22.510,2026-01-06 22:59:22.510,,,1.0,455ac6de-3cf4-475e-8435-b8dacbe4fc8e.raw_data.json,UTC-0300,tWUO8ZL77Z,com.sec.android.app.shealth,2026-01-06 21:52:49.000,455ac6de-3cf4-475e-8435-b8dacbe4fc8e,
2026-01-06 21:52:49.000,,2026-01-06 22:59:22.558,2026-01-06 22:59:22.558,,,1.0,49e95d5d-faf8-4058-808c-1ab82dcd2072.raw_data.json,UTC-0300,tWUO8ZL77Z,com.sec.android.app.shealth,2026-01-06 22:05:59.000,49e95d5d-faf8-4058-808c-1ab82dcd2072,
2026-01-07 03:00:00.236,,2026-01-07 12:57:49.060,2026-01-07 12:57:49.060,,,1.0,2fee2735-78ec-4ed1-a361-67104f9240d4.raw_data.json,UTC-0300,tWUO8ZL77Z,com.sec.android.app.shealth,2026-01-07 12:56:50.001,2fee2735-78ec-4ed1-a361-67104f9240d4,
2026-01-07 12:56:50.001,,2026-01-07 15:38:22.832,2026-01-07 15:38:22.832,,,1.0,d6a23865-91dd-4148-8033-5d05460a8bb5.raw_data.json,UTC-0300,tWUO8ZL77Z,com.sec.android.app.shealth,2026-01-07 13:23:51.000,d6a23865-91dd-4148-8033-5d05460a8bb5,
2026-01-08 03:00:00.585,,2026-01-08 10:59:42.033,2026-01-08 10:59:42.033,,,1.0,cdf0371d-46e8-44df-8918-e8d72915ddaf.raw_data.json,UTC-0300,tWUO8ZL77Z,com.sec.android.app.shealth,2026-01-08 10:26:40.000,cdf0371d-46e8-44df-8918-e8d72915ddaf,
2026-01-08 10:26:40.000,,2026-01-08 10:59:42.134,2026-01-08 10:59:42.134,,,1.0,7428306f-0a30-421d-97cb-00a33fed6fa8.raw_data.json,UTC-0300,tWUO8ZL77Z,com.sec.android.app.shealth,2026-01-08 10:31:33.001,7428306f-0a30-421d-97cb-00a33fed6fa8,
2026-01-08 10:31:33.001,,2026-01-08 10:59:42.204,2026-01-08 10:59:42.204,,,1.0,a0181385-4b62-4a8d-812d-d4956e1d7963.raw_data.json,UTC-0300,tWUO8ZL77Z,com.sec.android.app.shealth,2026-01-08 10:40:53.000,a0181385-4b62-4a8d-812d-d4956e1d7963,
2026-01-08 10:40:53.000,,2026-01-08 10:59:42.355,2026-01-08 10:59:42.355,,,1.0,4e8e2344-8747-4dfc-9651-39154d4247cd.raw_data.json,UTC-0300,tWUO8ZL77Z,com.sec.android.app.shealth,2026-01-08 10:55:56.000,4e8e2344-8747-4dfc-9651-39154d4247cd,
2026-01-08 10:55:56.000,,2026-01-08 13:18:02.215,2026-01-08 13:18:02.215,,,1.0,3d667fd6-1767-4e77-a60d-f2df20c67bc9.raw_data.json,UTC-0300,tWUO8ZL77Z,com.sec.android.app.shealth,2026-01-08 11:06:26.000,3d667fd6-1767-4e77-a60d-f2df20c67bc9,
2026-01-08 11:06:26.000,,2026-01-08 13:18:02.385,2026-01-08 13:18:02.385,,,1.0,7719701e-a6dd-47c1-89f0-17b1697d394d.raw_data.json,UTC-0300,tWUO8ZL77Z,com.sec.android.app.shealth,2026-01-08 12:27:50.000,7719701e-a6dd-47c1-89f0-17b1697d394d,
2026-01-08 12:27:50.000,,2026-01-08 13:18:02.453,2026-01-08 13:18:02.453,,,1.0,b6ac2949-f309-4374-a6c4-924b8c9fa11a.raw_data.json,UTC-0300,tWUO8ZL77Z,com.sec.android.app.shealth,2026-01-08 12:35:49.000,b6ac2949-f309-4374-a6c4-924b8c9fa11a,
2026-01-08 12:35:49.000,,2026-01-08 14:53:21.289,2026-01-08 14:53:21.289,,,1.0,87f7d9eb-8e88-40af-aebe-cd83c8453679.raw_data.json,UTC-0300,tWUO8ZL77Z,com.sec.android.app.shealth,2026-01-08 13:34:49.000,87f7d9eb-8e88-40af-aebe-cd83c8453679,
2026-01-08 13:34:49.000,,2026-01-08 14:53:21.467,2026-01-08 14:53:21.467,,,1.0,e2a1506a-3ac3-4ed5-9b72-b31a3e3dfabb.raw_data.json,UTC-0300,tWUO8ZL77Z,com.sec.android.app.shealth,2026-01-08 13:46:25.000,e2a1506a-3ac3-4ed5-9b72-b31a3e3dfabb,
2026-01-08 13:46:25.000,,2026-01-08 14:53:21.586,2026-01-08 14:53:21.586,,,1.0,87cd772b-56da-4718-99e2-2459dbb4dea2.raw_data.json,UTC-0300,tWUO8ZL77Z,com.sec.android.app.shealth,2026-01-08 14:10:13.000,87cd772b-56da-4718-99e2-2459dbb4dea2,
2026-01-08 14:10:13.000,,2026-01-08 16:10:19.664,2026-01-08 16:10:19.664,,,1.0,849f98ff-008a-4147-b36c-95f318534c08.raw_data.json,UTC-0300,tWUO8ZL77Z,com.sec.android.app.shealth,2026-01-08 14:55:24.000,849f98ff-008a-4147-b36c-95f318534c08,
2026-01-08 14:55:24.000,,2026-01-08 16:10:19.758,2026-01-08 16:10:19.758,,,1.0,aa1ee225-859b-463d-ad4d-6b0356ee8152.raw_data.json,UTC-0300,tWUO8ZL77Z,com.sec.android.app.shealth,2026-01-08 14:59:43.001,aa1ee225-859b-463d-ad4d-6b0356ee8152,
2026-01-08 14:59:43.000,,2026-01-08 16:10:19.881,2026-01-08 16:10:19.801,,,3.0,f868c814-4309-48ba-9d05-46764d593fbd.raw_data.json,UTC-0300,tWUO8ZL77Z,com.sec.android.app.shealth,2026-01-08 15:26:48.000,f868c814-4309-48ba-9d05-46764d593fbd,
2026-01-08 15:26:48.000,,2026-01-08 19:31:26.140,2026-01-08 19:31:26.140,,,1.0,1df188f7-43de-4662-a241-8eb6fea923ce.raw_data.json,UTC-0300,tWUO8ZL77Z,com.sec.android.app.shealth,2026-01-08 19:01:11.000,1df188f7-43de-4662-a241-8eb6fea923ce,
2026-01-08 19:01:11.000,,2026-01-08 19:50:58.019,2026-01-08 19:50:57.794,,,2.0,842855c1-cbb9-4b25-b08e-fe1208858c91.raw_data.json,UTC-0300,tWUO8ZL77Z,com.sec.android.app.shealth,2026-01-08 19:40:34.000,842855c1-cbb9-4b25-b08e-fe1208858c91,
2026-01-08 19:40:34.000,,2026-01-08 20:28:51.121,2026-01-08 20:28:51.121,,,1.0,b8b327a3-81eb-471f-b035-71a4ffa1faf2.raw_data.json,UTC-0300,tWUO8ZL77Z,com.sec.android.app.shealth,2026-01-08 20:18:22.000,b8b327a3-81eb-471f-b035-71a4ffa1faf2,
2026-01-09 03:00:00.156,,2026-01-09 11:48:37.522,2026-01-09 11:48:37.522,,,1.0,f5d4d376-32a6-43b1-a823-d1e495bd0f0d.raw_data.json,UTC-0300,tWUO8ZL77Z,com.sec.android.app.shealth,2026-01-09 09:17:20.000,f5d4d376-32a6-43b1-a823-d1e495bd0f0d,
2026-01-09 09:17:19.999,,2026-01-09 11:48:37.592,2026-01-09 11:48:37.592,,,1.0,4a0c7aac-15fc-4dcb-b9ef-03392145d41c.raw_data.json,UTC-0300,tWUO8ZL77Z,com.sec.android.app.shealth,2026-01-09 10:41:07.999,4a0c7aac-15fc-4dcb-b9ef-03392145d41c,
2026-01-09 10:41:07.999,,2026-01-09 11:48:37.624,2026-01-09 11:48:37.624,,,1.0,97d3d584-5588-4c0f-8c79-bb12bb1d24ec.raw_data.json,UTC-0300,tWUO8ZL77Z,com.sec.android.app.shealth,2026-01-09 11:21:23.999,97d3d584-5588-4c0f-8c79-bb12bb1d24ec,
2026-01-09 11:21:24.000,,2026-01-09 11:48:37.703,2026-01-09 11:48:37.703,,,1.0,44bdd299-4c68-4325-9f73-95a0aa35a838.raw_data.json,UTC-0300,tWUO8ZL77Z,com.sec.android.app.shealth,2026-01-09 11:33:09.001,44bdd299-4c68-4325-9f73-95a0aa35a838,
2026-01-09 11:33:09.001,,2026-01-09 13:18:56.197,2026-01-09 13:18:56.197,,,1.0,13bd9ab8-f537-4eee-a95a-938d4d9c7db6.raw_data.json,UTC-0300,tWUO8ZL77Z,com.sec.android.app.shealth,2026-01-09 13:06:31.001,13bd9ab8-f537-4eee-a95a-938d4d9c7db6,
2026-01-09 13:06:31.001,,2026-01-09 14:39:43.972,2026-01-09 14:39:43.972,,,1.0,687e9459-eaa4-43e7-b5d7-7376d7c954ad.raw_data.json,UTC-0300,tWUO8ZL77Z,com.sec.android.app.shealth,2026-01-09 13:45:18.000,687e9459-eaa4-43e7-b5d7-7376d7c954ad,
2026-01-09 13:45:18.000,,2026-01-09 16:58:56.154,2026-01-09 16:58:56.154,,,1.0,baa91ee6-5d00-4845-bb2a-e3d68366fa5a.raw_data.json,UTC-0300,tWUO8ZL77Z,com.sec.android.app.shealth,2026-01-09 16:40:42.001,baa91ee6-5d00-4845-bb2a-e3d68366fa5a,
2026-01-10 03:00:00.202,,2026-01-10 08:05:11.869,2026-01-10 08:05:11.869,,,1.0,6a0eb459-ff9d-4924-bb1a-26e843075097.raw_data.json,UTC-0300,tWUO8ZL77Z,com.sec.android.app.shealth,2026-01-10 07:06:47.999,6a0eb459-ff9d-4924-bb1a-26e843075097,
2026-01-10 07:06:48.000,,2026-01-10 08:05:11.974,2026-01-10 08:05:11.974,,,1.0,a86bd548-8a01-46eb-aab7-2887c2da1e6a.raw_data.json,UTC-0300,tWUO8ZL77Z,com.sec.android.app.shealth,2026-01-10 07:09:00.000,a86bd548-8a01-46eb-aab7-2887c2da1e6a,
2026-01-10 07:09:00.000,,2026-01-10 08:05:12.016,2026-01-10 08:05:12.016,,,1.0,0e5b1630-d83f-4c82-9e3b-d54cc8f136b2.raw_data.json,UTC-0300,tWUO8ZL77Z,com.sec.android.app.shealth,2026-01-10 07:16:55.000,0e5b1630-d83f-4c82-9e3b-d54cc8f136b2,
2026-01-10 07:16:55.000,,2026-01-10 08:05:12.077,2026-01-10 08:05:12.077,,,1.0,17c72120-e8dc-4878-8b46-833a92486e3c.raw_data.json,UTC-0300,tWUO8ZL77Z,com.sec.android.app.shealth,2026-01-10 07:43:38.000,17c72120-e8dc-4878-8b46-833a92486e3c,
2026-01-10 07:43:38.000,,2026-01-10 08:05:12.118,2026-01-10 08:05:12.118,,,1.0,45063095-d18d-4537-93ad-3c1ded4fde70.raw_data.json,UTC-0300,tWUO8ZL77Z,com.sec.android.app.shealth,2026-01-10 07:57:24.000,45063095-d18d-4537-93ad-3c1ded4fde70,
2026-01-10 07:57:24.000,,2026-01-10 08:05:12.244,2026-01-10 08:05:12.244,,,1.0,553d46b1-8bd4-4402-b208-357eb0084cc5.raw_data.json,UTC-0300,tWUO8ZL77Z,com.sec.android.app.shealth,2026-01-10 08:04:52.000,553d46b1-8bd4-4402-b208-357eb0084cc5,
2026-01-10 08:04:52.000,,2026-01-10 11:57:12.201,2026-01-10 11:57:12.201,,,1.0,9e116b73-17a2-46e9-ae3b-c7a98a940708.raw_data.json,UTC-0300,tWUO8ZL77Z,com.sec.android.app.shealth,2026-01-10 08:48:58.000,9e116b73-17a2-46e9-ae3b-c7a98a940708,
2026-01-10 08:48:58.000,,2026-01-10 11:57:12.319,2026-01-10 11:57:12.319,,,1.0,f77b0bba-8cc3-4f53-a6c9-f2bdea389b5c.raw_data.json,UTC-0300,tWUO8ZL77Z,com.sec.android.app.shealth,2026-01-10 08:55:35.000,f77b0bba-8cc3-4f53-a6c9-f2bdea389b5c,
2026-01-10 08:55:35.000,,2026-01-10 13:59:13.295,2026-01-10 13:59:13.295,,,1.0,52d82f9a-aefd-4e1a-84dc-50287825b7a8.raw_data.json,UTC-0300,tWUO8ZL77Z,com.sec.android.app.shealth,2026-01-10 13:42:25.000,52d82f9a-aefd-4e1a-84dc-50287825b7a8,
2026-01-10 13:42:24.999,,2026-01-10 15:34:47.725,2026-01-10 15:34:47.692,,,2.0,93a2a7da-e32d-46cd-b2ea-f785f2e836d1.raw_data.json,UTC-0300,tWUO8ZL77Z,com.sec.android.app.shealth,2026-01-10 14:01:39.000,93a2a7da-e32d-46cd-b2ea-f785f2e836d1,
2026-01-11 03:00:00.212,,2026-01-11 13:11:04.313,2026-01-11 13:11:04.313,,,1.0,0ed18318-6282-45aa-bae8-c250952f49f8.raw_data.json,UTC-0300,tWUO8ZL77Z,com.sec.android.app.shealth,2026-01-11 13:10:20.000,0ed18318-6282-45aa-bae8-c250952f49f8,
2026-01-12 03:00:00.000,,2026-01-12 13:18:45.765,2026-01-12 13:18:45.765,,,1.0,94e215b4-eaaa-426d-8e1f-85a8f12a8b4a.raw_data.json,UTC-0300,tWUO8ZL77Z,com.sec.android.app.shealth,2026-01-12 13:18:27.000,94e215b4-eaaa-426d-8e1f-85a8f12a8b4a,
2026-01-12 13:18:27.000,,2026-01-12 13:34:40.471,2026-01-12 13:34:40.471,,,1.0,6e8a2d43-948e-40c2-9e7c-c2970b68065a.raw_data.json,UTC-0300,tWUO8ZL77Z,com.sec.android.app.shealth,2026-01-12 13:33:51.000,6e8a2d43-948e-40c2-9e7c-c2970b68065a,
2026-01-12 13:33:51.000,,2026-01-12 19:20:39.531,2026-01-12 19:20:39.531,,,1.0,0ac62544-3b1d-49cb-a013-b2fc92da7767.raw_data.json,UTC-0300,tWUO8ZL77Z,com.sec.android.app.shealth,2026-01-12 19:20:21.000,0ac62544-3b1d-49cb-a013-b2fc92da7767,
2026-01-12 19:20:21.000,,2026-01-12 20:24:31.532,2026-01-12 20:24:31.532,,,1.0,d0e80aa5-9cbe-4c56-bd9e-89e77db33ac0.raw_data.json,UTC-0300,tWUO8ZL77Z,com.sec.android.app.shealth,2026-01-12 20:16:13.000,d0e80aa5-9cbe-4c56-bd9e-89e77db33ac0,
2026-01-14 03:00:05.845,,2026-01-14 12:09:38.752,2026-01-14 12:09:38.752,,,1.0,69c7e9d3-508e-413b-9a8a-2719de255376.raw_data.json,UTC-0300,tWUO8ZL77Z,com.sec.android.app.shealth,2026-01-14 12:01:55.999,69c7e9d3-508e-413b-9a8a-2719de255376,
2026-01-14 12:01:55.809,,2026-01-14 14:44:09.488,2026-01-14 14:44:09.488,,,1.0,8f412da7-8176-45ab-8dde-ea665909644d.raw_data.json,UTC-0300,tWUO8ZL77Z,com.sec.android.app.shealth,2026-01-14 14:36:56.999,8f412da7-8176-45ab-8dde-ea665909644d,
2026-01-14 14:36:57.000,,2026-01-14 19:06:08.981,2026-01-14 19:06:08.981,,,1.0,21a73a04-7732-4d38-a8bd-1db2198c2689.raw_data.json,UTC-0300,tWUO8ZL77Z,com.sec.android.app.shealth,2026-01-14 19:01:00.000,21a73a04-7732-4d38-a8bd-1db2198c2689,
2026-01-15 03:00:01.210,,2026-01-15 13:45:51.573,2026-01-15 13:45:51.573,,,1.0,8b8946c5-e5ba-49b5-8e51-f4dd9623850d.raw_data.json,UTC-0300,tWUO8ZL77Z,com.sec.android.app.shealth,2026-01-15 13:42:14.000,8b8946c5-e5ba-49b5-8e51-f4dd9623850d,
2026-01-15 13:42:10.390,,2026-01-15 17:18:29.753,2026-01-15 17:18:29.753,,,1.0,e96863cf-b6b9-45e6-9fe4-51b1e36e907d.raw_data.json,UTC-0300,tWUO8ZL77Z,com.sec.android.app.shealth,2026-01-15 17:17:48.000,e96863cf-b6b9-45e6-9fe4-51b1e36e907d,
2026-01-16 03:00:00.215,,2026-01-16 09:50:13.024,2026-01-16 09:50:13.024,,,1.0,da0f695a-5295-4d47-bc04-3795236322de.raw_data.json,UTC-0300,tWUO8ZL77Z,com.sec.android.app.shealth,2026-01-16 09:47:49.999,da0f695a-5295-4d47-bc04-3795236322de,
2026-01-16 09:47:50.106,,2026-01-16 17:59:30.936,2026-01-16 17:59:30.936,,,1.0,e95d2cb2-1f5c-4837-8c67-4e8db73be257.raw_data.json,UTC-0300,tWUO8ZL77Z,com.sec.android.app.shealth,2026-01-16 17:57:33.000,e95d2cb2-1f5c-4837-8c67-4e8db73be257,
2026-01-18 03:00:00.309,,2026-01-18 12:43:59.318,2026-01-18 12:43:59.318,,,1.0,a78a820b-f0c3-4523-b8bb-e1252386c167.raw_data.json,UTC-0300,tWUO8ZL77Z,com.sec.android.app.shealth,2026-01-18 12:43:23.000,a78a820b-f0c3-4523-b8bb-e1252386c167,
2026-01-19 03:00:01.205,,2026-01-19 22:43:07.589,2026-01-19 22:43:07.589,,,1.0,2bb31312-79c6-4e21-9b6f-3ca3c2887520.raw_data.json,UTC-0300,tWUO8ZL77Z,com.sec.android.app.shealth,2026-01-19 22:41:56.001,2bb31312-79c6-4e21-9b6f-3ca3c2887520,
2026-01-21 03:00:00.814,,2026-01-21 11:05:59.017,2026-01-21 11:05:59.017,,,1.0,cbb4c2da-0486-495d-a1a4-3f995d61f304.raw_data.json,UTC-0300,tWUO8ZL77Z,com.sec.android.app.shealth,2026-01-21 11:05:23.000,cbb4c2da-0486-495d-a1a4-3f995d61f304,
2026-01-22 03:00:01.079,,2026-01-22 15:23:35.909,2026-01-22 15:23:35.909,,,1.0,534ddb43-5e2c-4d44-88f5-69e8fc47c540.raw_data.json,UTC-0300,tWUO8ZL77Z,com.sec.android.app.shealth,2026-01-22 15:23:19.000,534ddb43-5e2c-4d44-88f5-69e8fc47c540,
2026-01-22 15:23:17.790,,2026-01-23 01:44:07.105,2026-01-23 01:44:07.105,,,1.0,d831a094-6729-4cc7-b6bd-1bd762678d2d.raw_data.json,UTC-0300,tWUO8ZL77Z,com.sec.android.app.shealth,2026-01-23 01:42:55.000,d831a094-6729-4cc7-b6bd-1bd762678d2d,
2026-01-23 03:00:00.289,,2026-01-23 14:38:29.842,2026-01-23 14:38:29.842,,,1.0,a8f3c5bd-3706-42db-a8ed-eadf7f976711.raw_data.json,UTC-0300,tWUO8ZL77Z,com.sec.android.app.shealth,2026-01-23 14:36:39.001,a8f3c5bd-3706-42db-a8ed-eadf7f976711,
2026-01-23 14:36:39.000,,2026-01-23 14:44:50.385,2026-01-23 14:44:50.385,,,1.0,c6d6fd56-c856-4d57-aa12-7743589eba2a.raw_data.json,UTC-0300,tWUO8ZL77Z,com.sec.android.app.shealth,2026-01-23 14:40:09.000,c6d6fd56-c856-4d57-aa12-7743589eba2a,
2026-01-23 14:40:09.000,,2026-01-23 18:33:21.522,2026-01-23 18:33:21.522,,,1.0,57780f09-8662-4f7b-8cad-5676fc97711b.raw_data.json,UTC-0300,tWUO8ZL77Z,com.sec.android.app.shealth,2026-01-23 18:27:30.999,57780f09-8662-4f7b-8cad-5676fc97711b,
2026-01-24 03:00:00.669,,2026-01-24 18:40:06.322,2026-01-24 18:40:06.322,,,1.0,1e8eb7cf-26b8-4378-8688-2e7044841571.raw_data.json,UTC-0300,tWUO8ZL77Z,com.sec.android.app.shealth,2026-01-24 18:38:14.001,1e8eb7cf-26b8-4378-8688-2e7044841571,
2026-01-25 03:00:00.000,,2026-01-25 15:07:53.200,2026-01-25 15:07:53.200,,,1.0,0db3bddb-791d-4ccc-955f-be4a9d5ea219.raw_data.json,UTC-0300,tWUO8ZL77Z,com.sec.android.app.shealth,2026-01-25 15:04:32.000,0db3bddb-791d-4ccc-955f-be4a9d5ea219,
2026-01-25 15:04:31.999,,2026-01-25 16:49:38.855,2026-01-25 16:49:38.855,,,1.0,c7c950e9-254b-48ee-b3a3-5350572aa58e.raw_data.json,UTC-0300,tWUO8ZL77Z,com.sec.android.app.shealth,2026-01-25 16:47:12.999,c7c950e9-254b-48ee-b3a3-5350572aa58e,
2026-01-26 03:00:00.000,,2026-01-26 16:11:25.405,2026-01-26 16:11:25.405,,,1.0,927dbebc-4646-446d-865c-0f1decd2fe43.raw_data.json,UTC-0300,tWUO8ZL77Z,com.sec.android.app.shealth,2026-01-26 16:09:10.999,927dbebc-4646-446d-865c-0f1decd2fe43,
2026-01-26 16:09:10.999,,2026-01-26 18:43:34.175,2026-01-26 18:43:34.175,,,1.0,2f89baf1-9ecb-43fb-a9e0-a823b6d0759e.raw_data.json,UTC-0300,tWUO8ZL77Z,com.sec.android.app.shealth,2026-01-26 18:39:57.999,2f89baf1-9ecb-43fb-a9e0-a823b6d0759e,
2026-01-26 18:39:56.950,,2026-01-27 00:34:12.223,2026-01-27 00:34:12.223,,,1.0,ccfb8f00-0d0a-40cc-b5c2-25df9cb30c78.raw_data.json,UTC-0300,tWUO8ZL77Z,com.sec.android.app.shealth,2026-01-27 00:33:50.999,ccfb8f00-0d0a-40cc-b5c2-25df9cb30c78,
2026-01-27 03:00:00.228,,2026-01-27 14:10:57.975,2026-01-27 14:10:57.975,,,1.0,f90c4d94-1afd-4210-b923-56307fb1213e.raw_data.json,UTC-0300,tWUO8ZL77Z,com.sec.android.app.shealth,2026-01-27 14:09:39.000,f90c4d94-1afd-4210-b923-56307fb1213e,
2026-01-27 14:09:39.000,,2026-01-27 18:46:50.407,2026-01-27 18:46:50.407,,,1.0,f96574ec-c570-4e97-9067-f9e224b2a17c.raw_data.json,UTC-0300,tWUO8ZL77Z,com.sec.android.app.shealth,2026-01-27 18:46:08.000,f96574ec-c570-4e97-9067-f9e224b2a17c,
2026-01-27 18:46:08.656,,2026-01-28 01:18:51.555,2026-01-28 01:18:51.555,,,1.0,c6f533e1-5dcf-466c-b181-4bc0ead74753.raw_data.json,UTC-0300,tWUO8ZL77Z,com.sec.android.app.shealth,2026-01-28 01:18:32.000,c6f533e1-5dcf-466c-b181-4bc0ead74753,
2026-01-28 03:00:00.000,,2026-01-28 11:37:47.944,2026-01-28 11:37:47.944,,,1.0,2a966e38-aa3c-404f-9aab-d65d208a6501.raw_data.json,UTC-0300,tWUO8ZL77Z,com.sec.android.app.shealth,2026-01-28 11:28:00.000,2a966e38-aa3c-404f-9aab-d65d208a6501,
2026-01-31 03:00:00.000,,2026-01-31 11:27:57.682,2026-01-31 11:27:57.682,,,1.0,248d0a8c-f1b7-4351-9bc1-108e4e2e3455.raw_data.json,UTC-0300,tWUO8ZL77Z,com.sec.android.app.shealth,2026-01-31 11:26:07.000,248d0a8c-f1b7-4351-9bc1-108e4e2e3455,
2026-01-31 11:25:59.663,,2026-01-31 20:03:10.678,2026-01-31 20:03:10.678,,,1.0,126bdee7-3c46-4d5f-b4e0-8b9b868995b2.raw_data.json,UTC-0300,tWUO8ZL77Z,com.sec.android.app.shealth,2026-01-31 20:02:44.000,126bdee7-3c46-4d5f-b4e0-8b9b868995b2,
2026-02-01 03:00:00.000,,2026-02-01 13:22:17.652,2026-02-01 13:22:17.652,,,1.0,1f6b2fee-b63b-47ab-9b36-a8e560a8155f.raw_data.json,UTC-0300,tWUO8ZL77Z,com.sec.android.app.shealth,2026-02-01 13:21:14.000,1f6b2fee-b63b-47ab-9b36-a8e560a8155f,
2026-02-01 13:21:14.000,,2026-02-01 13:25:11.583,2026-02-01 13:25:11.583,,,1.0,9ce5107e-1b49-4c75-946d-e801fdda8c94.raw_data.json,UTC-0300,tWUO8ZL77Z,com.sec.android.app.shealth,2026-02-01 13:23:06.000,9ce5107e-1b49-4c75-946d-e801fdda8c94,
2026-02-01 13:23:06.000,,2026-02-01 13:26:47.300,2026-02-01 13:26:47.300,,,1.0,88e2fd03-5a87-4e97-81b9-b7b6c01c6ac9.raw_data.json,UTC-0300,tWUO8ZL77Z,com.sec.android.app.shealth,2026-02-01 13:25:13.000,88e2fd03-5a87-4e97-81b9-b7b6c01c6ac9,
2026-02-01 13:25:13.000,,2026-02-01 13:42:05.849,2026-02-01 13:42:05.712,,,3.0,71ef0106-0dd8-40ca-b28c-356d47a281a3.raw_data.json,UTC-0300,tWUO8ZL77Z,com.sec.android.app.shealth,2026-02-01 13:41:17.000,71ef0106-0dd8-40ca-b28c-356d47a281a3,
2026-02-01 13:41:17.000,,2026-02-01 13:48:32.016,2026-02-01 13:48:31.819,,,2.0,d87c17bd-5de4-48d9-b437-0f6f6bc9005b.raw_data.json,UTC-0300,tWUO8ZL77Z,com.sec.android.app.shealth,2026-02-01 13:44:08.999,d87c17bd-5de4-48d9-b437-0f6f6bc9005b,
2026-02-02 03:00:00.000,,2026-02-03 00:54:43.248,2026-02-03 00:54:43.248,,,1.0,03425747-5c8e-4aab-a82c-92350ba69022.raw_data.json,UTC-0300,tWUO8ZL77Z,com.sec.android.app.shealth,2026-02-03 00:53:05.000,03425747-5c8e-4aab-a82c-92350ba69022,
2026-02-03 03:00:00.000,,2026-02-03 11:20:10.316,2026-02-03 11:20:10.316,,,1.0,defa8edf-282d-48ff-a57f-7eb8ff2ec182.raw_data.json,UTC-0300,tWUO8ZL77Z,com.sec.android.app.shealth,2026-02-03 11:13:37.000,defa8edf-282d-48ff-a57f-7eb8ff2ec182,
2026-02-03 11:13:33.455,,2026-02-03 13:22:04.527,2026-02-03 13:22:04.527,,,1.0,f4ed7e7e-02af-4515-a543-666c9f811ecc.raw_data.json,UTC-0300,tWUO8ZL77Z,com.sec.android.app.shealth,2026-02-03 13:21:22.999,f4ed7e7e-02af-4515-a543-666c9f811ecc,
2026-02-03 13:21:18.839,,2026-02-03 21:17:20.660,2026-02-03 21:17:20.660,,,1.0,90f2504e-8c0c-4667-8628-b8f4873f75eb.raw_data.json,UTC-0300,tWUO8ZL77Z,com.sec.android.app.shealth,2026-02-03 21:17:06.000,90f2504e-8c0c-4667-8628-b8f4873f75eb,
2026-02-04 03:00:00.311,,2026-02-04 09:04:02.754,2026-02-04 09:04:02.754,,,1.0,115427df-46c9-428e-84c2-240d54551eb7.raw_data.json,UTC-0300,tWUO8ZL77Z,com.sec.android.app.shealth,2026-02-04 09:01:36.000,115427df-46c9-428e-84c2-240d54551eb7,
2026-02-04 09:01:19.668,,2026-02-04 18:14:39.796,2026-02-04 18:14:39.796,,,1.0,8896c2f9-5260-4409-9994-af6eca703f41.raw_data.json,UTC-0300,tWUO8ZL77Z,com.sec.android.app.shealth,2026-02-04 18:14:04.000,8896c2f9-5260-4409-9994-af6eca703f41,
2026-02-04 18:13:56.172,,2026-02-04 19:15:09.901,2026-02-04 19:15:09.901,,,1.0,8d6bbacb-082b-46f3-8642-c6e7579582cf.raw_data.json,UTC-0300,tWUO8ZL77Z,com.sec.android.app.shealth,2026-02-04 19:13:47.999,8d6bbacb-082b-46f3-8642-c6e7579582cf,
2026-02-05 03:00:00.000,,2026-02-05 14:13:13.735,2026-02-05 14:13:13.735,,,1.0,f36cb1bb-6ad0-4d88-b6df-db34fc48ed3a.raw_data.json,UTC-0300,tWUO8ZL77Z,com.sec.android.app.shealth,2026-02-05 14:11:51.000,f36cb1bb-6ad0-4d88-b6df-db34fc48ed3a,
2026-02-06 03:00:00.000,,2026-02-06 13:01:21.779,2026-02-06 13:01:21.779,,,1.0,09ea0a99-b0d2-4a53-8701-736bb4574171.raw_data.json,UTC-0300,tWUO8ZL77Z,com.sec.android.app.shealth,2026-02-06 12:57:52.000,09ea0a99-b0d2-4a53-8701-736bb4574171,
